customerID,gender,SeniorCitizen,Partner,Dependents,tenure,PhoneService,MultipleLines,InternetService,OnlineSecurity,OnlineBackup,DeviceProtection,TechSupport,StreamingTV,StreamingMovies,Contract,PaperlessBilling,PaymentMethod,MonthlyCharges,TotalCharges,Churn
4688-OIGJP,Male,0,No,No,13,Yes,No,Fiber optic,No,No,Yes,No,No,No,Month-to-month,Yes,Mailed check,82.15,1072.65,1
6709-LYGRO,Male,0,No,Yes,49,Yes,No,Fiber optic,Yes,No,No,No,Yes,Yes,Month-to-month,No,Credit card (automatic),110.19,5410.11,1
3954-FZLKT,Male,0,No,No,63,Yes,No,DSL,Yes,No,Yes,No,No,Yes,One year,Yes,Electronic check,78.99,4965.86,0
8137-CBFXV,Female,0,No,No,19,Yes,Yes,DSL,Yes,No,No,No,Yes,Yes,Month-to-month,No,Bank transfer (automatic),82.33,1557.34,1
1676-YERPH,Female,0,No,No,1,No,No phone service,DSL,Yes,Yes,No,Yes,Yes,No,Month-to-month,Yes,Credit card (automatic),81.99,90.39,1
3407-YZTVK,Female,0,No,No,60,No,No phone service,Fiber optic,No,No,Yes,No,Yes,Yes,Month-to-month,Yes,Bank transfer (automatic),110.75,6639.6,1
2937-JXYLU,Female,0,Yes,Yes,12,Yes,No,Fiber optic,Yes,No,Yes,Yes,No,No,Month-to-month,Yes,Electronic check,103.29,1268.25,1
2745-FTEWI,Male,0,No,No,4,Yes,Yes,Fiber optic,No,Yes,Yes,No,No,No,One year,No,Mailed check,81.54,303.55,1
8851-ZPVNV,Male,0,No,Yes,29,Yes,No,No,No internet service,No internet service,No internet service,No internet service,No internet service,No internet service,One year,No,Bank transfer (automatic),18.25,530.67,0
4806-HTSNG,Female,0,Yes,No,65,Yes,No,DSL,Yes,No,No,No,No,No,One year,Yes,Electronic check,72.59,4718.82,0
1700-ERBKV,Female,0,No,Yes,3,Yes,Yes,DSL,No,No,No,No,Yes,No,Month-to-month,Yes,Mailed check,64.01,217.2,1
3183-HAVLB,Female,0,Yes,Yes,2,Yes,No,No,No internet service,No internet service,No internet service,No internet service,No internet service,No internet service,Month-to-month,Yes,Mailed check,29.74,85.77,1
2056-RGZQV,Female,1,Yes,No,69,Yes,Yes,Fiber optic,No,Yes,No,Yes,No,No,Two year,No,Credit card (automatic),93.05,6414.87,0
7975-WNXGV,Female,0,No,No,32,Yes,No,No,No internet service,No internet service,No internet service,No internet service,No internet service,No internet service,Month-to-month,Yes,Bank transfer (automatic),27.67,900.26,1
1582-YCFTB,Female,0,No,No,61,Yes,No,No,No internet service,No internet service,No internet service,No internet service,No internet service,No internet service,One year,No,Mailed check,18.25,1113.38,0
6255-QLLQJ,Female,0,Yes,No,19,Yes,No,DSL,No,No,No,No,Yes,Yes,Two year,No,Mailed check,73.28,1373.98,0
6397-CTRML,Female,0,No,No,10,Yes,Yes,Fiber optic,No,No,Yes,Yes,Yes,No,One year,Yes,Mailed check,99.12,991.25,0
6229-QDWJK,Male,0,No,No,68,Yes,No,DSL,No,No,No,No,No,No,Month-to-month,Yes,Mailed check,48.1,3279.69,0
5067-FFIOB,Male,1,Yes,Yes,4,Yes,No,Fiber optic,Yes,Yes,Yes,Yes,Yes,No,Month-to-month,No,Electronic check,106.92,420.94,1
3303-DEQHH,Female,0,No,No,67,Yes,No,No,No internet service,No internet service,No internet service,No internet service,No internet service,No internet service,Month-to-month,No,Mailed check,18.25,1198.85,0
1360-VLUHS,Male,0,No,No,65,Yes,No,Fiber optic,No,No,No,No,No,No,One year,Yes,Mailed check,77.51,5026.5,0
4522-CRUSS,Male,0,Yes,Yes,7,Yes,Yes,DSL,Yes,No,No,Yes,No,No,Month-to-month,Yes,Bank transfer (automatic),73.96,523.68,1
2746-OFPHP,Male,0,No,No,23,Yes,No,DSL,No,No,No,Yes,No,No,Two year,Yes,Bank transfer (automatic),61.61,1418.58,1
6696-RTPKG,Female,0,Yes,No,44,Yes,No,DSL,Yes,Yes,No,Yes,No,No,Month-to-month,Yes,Electronic check,66.46,2904.76,1
4837-QQLMJ,Female,0,No,No,31,Yes,No,Fiber optic,No,No,Yes,No,Yes,No,Month-to-month,Yes,Mailed check,93.79,2877.1,1
4898-GNWAQ,Female,0,No,No,66,No,No phone service,Fiber optic,No,No,No,No,Yes,No,One year,Yes,Electronic check,87.36,5776.05,0
2483-DUETX,Male,1,Yes,No,8,Yes,No,Fiber optic,No,No,No,Yes,No,No,Month-to-month,Yes,Bank transfer (automatic),87.47,715.01,1
7383-WYGJQ,Female,0,Yes,Yes,12,Yes,No,Fiber optic,No,Yes,Yes,No,Yes,Yes,Two year,No,Electronic check,110.22,1320.58,1
4460-GAGZX,Male,0,No,No,56,No,No phone service,Fiber optic,Yes,No,Yes,No,No,Yes,Month-to-month,No,Credit card (automatic),107.99,6029.27,0
2790-KILCD,Female,0,No,No,26,No,No phone service,DSL,No,No,No,No,No,No,Month-to-month,No,Bank transfer (automatic),41.29,1069.34,1
5482-DYMWS,Female,0,No,No,55,Yes,No,DSL,Yes,No,No,No,No,No,Month-to-month,No,Electronic check,67.83,3725.93,0
2720-JEGXP,Male,0,Yes,No,25,Yes,No,No,No internet service,No internet service,No internet service,No internet service,No internet service,No internet service,Month-to-month,No,Electronic check,25.87,658.36,1
7811-ALBGK,Female,0,Yes,Yes,38,Yes,No,DSL,Yes,No,Yes,No,Yes,Yes,Month-to-month,No,Bank transfer (automatic),89.34,3383.89,1
9289-MBGOY,Male,0,Yes,No,72,Yes,No,DSL,Yes,No,No,No,Yes,No,Month-to-month,Yes,Bank transfer (automatic),76.55,5476.35,0
3087-KBGDK,Female,0,Yes,No,3,Yes,Yes,DSL,Yes,No,Yes,Yes,No,Yes,Month-to-month,No,Mailed check,83.83,261.06,0
2631-BPGME,Female,0,Yes,No,20,Yes,No,DSL,No,Yes,No,Yes,Yes,No,Month-to-month,Yes,Electronic check,71.98,1467.13,1
2078-QULSG,Female,1,No,No,7,Yes,No,No,No internet service,No internet service,No internet service,No internet service,No internet service,No internet service,Month-to-month,No,Mailed check,27.56,200.03,1
6133-FHMEB,Male,0,Yes,No,6,Yes,Yes,DSL,No,Yes,No,No,No,No,Month-to-month,No,Credit card (automatic),44.77,255.74,1
3968-IKXFZ,Female,0,No,No,1,Yes,Yes,Fiber optic,No,No,Yes,No,Yes,No,Month-to-month,Yes,Mailed check,91.54,110.84,1
2162-GYGSF,Male,0,Yes,Yes,28,Yes,Yes,No,No internet service,No internet service,No internet service,No internet service,No internet service,No internet service,Month-to-month,No,Mailed check,18.94,513.39,1
6717-KKGBS,Male,0,No,No,50,No,No phone service,No,No internet service,No internet service,No internet service,No internet service,No internet service,No internet service,Two year,Yes,Credit card (automatic),24.86,1272.86,0
7017-DZFQY,Male,0,No,Yes,70,Yes,Yes,DSL,No,No,No,No,No,No,Month-to-month,No,Electronic check,41.06,2865.31,0
9402-EGIYA,Female,0,No,No,54,Yes,No,Fiber optic,No,No,Yes,No,Yes,Yes,Two year,Yes,Credit card (automatic),109.57,5920.03,0
3321-ASFRJ,Female,0,Yes,No,9,No,No phone service,Fiber optic,No,No,No,No,No,No,Month-to-month,Yes,Credit card (automatic),86.49,767.21,1
7572-KAAME,Female,0,Yes,No,71,Yes,Yes,No,No internet service,No internet service,No internet service,No internet service,No internet service,No internet service,Two year,Yes,Mailed check,18.25,1296.02,0
4538-TATCR,Female,0,No,Yes,66,Yes,No,Fiber optic,Yes,Yes,No,No,Yes,Yes,One year,Yes,Mailed check,111.7,7369.72,0
8435-INQWN,Female,0,No,Yes,40,Yes,No,DSL,No,Yes,No,Yes,No,Yes,Month-to-month,No,Credit card (automatic),70.4,2775.72,1
3214-DEZUQ,Male,0,Yes,No,23,Yes,No,DSL,Yes,No,No,No,No,Yes,Month-to-month,Yes,Bank transfer (automatic),70.48,1618.66,1
7220-VYBWV,Male,0,No,No,36,Yes,Yes,Fiber optic,No,Yes,No,No,Yes,No,Month-to-month,Yes,Bank transfer (automatic),94.16,3388.75,1
2642-EDDFT,Male,0,No,No,3,Yes,No,DSL,Yes,No,No,No,No,Yes,Month-to-month,Yes,Electronic check,66.12,181.45,1
3883-UMVEW,Male,0,No,Yes,14,Yes,Yes,DSL,Yes,Yes,No,No,No,No,Month-to-month,Yes,Electronic check,60.91,835.48,1
1763-YZWGT,Male,0,No,No,70,Yes,Yes,Fiber optic,Yes,No,No,No,Yes,Yes,One year,No,Mailed check,102.59,7192.14,1
3592-ANXDQ,Male,0,Yes,Yes,58,Yes,Yes,Fiber optic,No,No,No,No,No,No,One year,No,Electronic check,79.21,4605.55,0
4337-UNPNP,Female,0,No,No,25,Yes,Yes,DSL,Yes,Yes,Yes,Yes,No,No,Two year,Yes,Mailed check,70.95,1757.5,0
6662-XTHXC,Male,0,Yes,No,70,Yes,Yes,DSL,No,No,Yes,No,No,Yes,Month-to-month,No,Bank transfer (automatic),56.18,3946.83,0
6781-YSABO,Male,1,No,Yes,41,Yes,Yes,DSL,No,No,No,No,Yes,No,One year,Yes,Bank transfer (automatic),66.21,2709.55,0
1248-VJRVN,Male,0,Yes,No,38,No,No phone service,DSL,No,No,Yes,No,Yes,Yes,Month-to-month,Yes,Bank transfer (automatic),68.55,2615.42,0
1315-QMAEZ,Male,1,No,No,3,Yes,Yes,No,No internet service,No internet service,No internet service,No internet service,No internet service,No internet service,Two year,Yes,Electronic check,18.25,49.73,0
7318-MYNXC,Female,0,Yes,No,11,Yes,No,No,No internet service,No internet service,No internet service,No internet service,No internet service,No internet service,One year,Yes,Electronic check,26.23,287.07,1
2730-OSQCP,Male,0,No,No,11,Yes,No,Fiber optic,No,Yes,Yes,No,No,Yes,Two year,Yes,Bank transfer (automatic),89.52,973.1,1
8453-NLLKQ,Female,0,No,No,44,Yes,No,Fiber optic,No,No,No,Yes,No,No,Month-to-month,Yes,Electronic check,90.19,3986.02,1
4838-HQUYW,Female,0,Yes,No,2,No,No phone service,Fiber optic,No,No,No,No,Yes,Yes,Month-to-month,Yes,Electronic check,104.62,218.44,1
2393-TKYYB,Male,0,Yes,No,10,Yes,No,No,No internet service,No internet service,No internet service,No internet service,No internet service,No internet service,Month-to-month,No,Bank transfer (automatic),23.87,260.73,1
3818-JJKFD,Male,0,No,No,10,Yes,Yes,DSL,No,No,No,No,Yes,No,One year,Yes,Bank transfer (automatic),57.53,589.06,1
8997-XLKWW,Female,0,Yes,Yes,4,Yes,No,DSL,Yes,Yes,No,No,Yes,Yes,Two year,Yes,Electronic check,89.06,331.58,0
4548-ZYMEF,Male,0,No,No,9,Yes,Yes,DSL,Yes,No,Yes,No,No,No,Month-to-month,Yes,Credit card (automatic),58.07,530.32,1
4019-AFRVI,Male,0,No,No,29,Yes,Yes,DSL,Yes,No,Yes,No,No,No,One year,Yes,Credit card (automatic),59.67,1739.03,0
9606-XYOZH,Male,0,Yes,Yes,62,Yes,Yes,DSL,No,No,No,No,No,No,Month-to-month,Yes,Bank transfer (automatic),53.28,3301.92,1
6694-SXPFF,Female,0,No,No,62,Yes,Yes,No,No internet service,No internet service,No internet service,No internet service,No internet service,No internet service,Month-to-month,No,Credit card (automatic),18.25,1127.61,1
1093-VCJAN,Male,0,No,No,66,No,No phone service,DSL,No,No,No,No,Yes,No,Two year,Yes,Credit card (automatic),55.87,3666.0,0
8289-DZLFK,Female,1,Yes,Yes,32,Yes,Yes,Fiber optic,No,No,No,No,No,No,One year,Yes,Credit card (automatic),83.19,2675.47,1
2671-LJRGG,Female,0,Yes,No,71,Yes,No,Fiber optic,Yes,No,No,No,No,Yes,Two year,Yes,Electronic check,96.01,6823.79,1
8844-KDTAM,Female,0,No,No,72,Yes,No,Fiber optic,Yes,No,Yes,No,Yes,No,One year,No,Mailed check,103.29,7414.72,1
1764-RIZXX,Male,0,Yes,Yes,34,Yes,No,DSL,Yes,Yes,No,Yes,Yes,Yes,Two year,Yes,Bank transfer (automatic),103.71,3522.46,0
1879-IWIJB,Female,0,Yes,No,1,Yes,No,DSL,No,No,No,No,No,No,Two year,No,Electronic check,52.0,56.82,1
9073-FOCKF,Male,0,No,No,29,Yes,No,No,No internet service,No internet service,No internet service,No internet service,No internet service,No internet service,One year,Yes,Electronic check,20.29,596.08,0
1080-CXKOM,Female,0,No,Yes,1,Yes,Yes,Fiber optic,No,No,No,No,Yes,Yes,One year,Yes,Mailed check,111.61,141.93,1
5394-TJFOY,Male,0,No,Yes,14,Yes,No,Fiber optic,Yes,No,No,No,No,No,One year,No,Electronic check,91.12,1280.57,1
9246-RRGOR,Male,0,No,No,19,Yes,No,Fiber optic,No,No,No,Yes,Yes,No,Two year,Yes,Mailed check,111.99,2127.38,0
9929-RTIXB,Female,0,Yes,No,69,Yes,No,DSL,Yes,No,No,Yes,No,Yes,Month-to-month,No,Mailed check,77.62,5348.1,0
3997-HTBKZ,Female,0,No,No,20,Yes,No,Fiber optic,No,No,Yes,No,No,No,Month-to-month,No,Bank transfer (automatic),79.47,1580.96,1
2919-GFJEK,Female,0,No,Yes,35,Yes,No,DSL,Yes,No,No,No,Yes,Yes,One year,Yes,Electronic check,90.65,3162.9,0
6023-ABXAS,Male,0,No,Yes,49,Yes,No,No,No internet service,No internet service,No internet service,No internet service,No internet service,No internet service,One year,Yes,Mailed check,18.25,894.45,0
1730-BUTWU,Male,1,No,No,62,Yes,No,Fiber optic,No,Yes,No,Yes,Yes,No,Month-to-month,Yes,Credit card (automatic),105.97,6581.18,1
5900-XDLVT,Male,0,Yes,Yes,4,No,No phone service,Fiber optic,No,Yes,No,No,No,No,Month-to-month,No,Credit card (automatic),78.58,312.99,1
7643-RAAXN,Female,1,Yes,Yes,5,Yes,Yes,Fiber optic,Yes,No,No,Yes,No,No,Month-to-month,Yes,Bank transfer (automatic),100.11,484.18,1
6279-DEKXW,Male,0,No,No,3,Yes,No,Fiber optic,No,No,Yes,Yes,Yes,No,One year,No,Credit card (automatic),100.47,284.73,1
6711-MPXMX,Male,0,No,No,13,Yes,No,Fiber optic,Yes,Yes,No,No,No,No,One year,Yes,Electronic check,82.67,1098.21,1
8990-VZBPF,Male,0,Yes,No,72,Yes,Yes,No,No internet service,No internet service,No internet service,No internet service,No internet service,No internet service,Month-to-month,No,Electronic check,18.25,1316.63,1
1212-NAQKS,Female,0,Yes,No,30,Yes,No,DSL,No,Yes,No,No,Yes,Yes,Month-to-month,Yes,Electronic check,75.28,2263.2,1
7972-CKEQZ,Female,0,No,Yes,4,Yes,No,Fiber optic,No,No,Yes,No,No,Yes,Month-to-month,Yes,Bank transfer (automatic),96.49,373.6,1
5789-VGJKC,Male,0,Yes,No,13,Yes,Yes,Fiber optic,Yes,No,Yes,No,No,Yes,Month-to-month,No,Credit card (automatic),103.9,1355.74,1
7388-TJJNL,Female,0,No,No,72,Yes,No,Fiber optic,No,No,Yes,Yes,Yes,No,Month-to-month,Yes,Bank transfer (automatic),104.3,7508.61,1
2840-OJJZS,Female,0,Yes,No,66,Yes,Yes,Fiber optic,No,No,Yes,Yes,Yes,No,Month-to-month,Yes,Electronic check,103.61,6847.31,1
6621-AXZJB,Female,0,Yes,No,4,Yes,Yes,DSL,No,Yes,No,Yes,No,Yes,Month-to-month,Yes,Electronic check,74.64,300.84,1
9974-QXGGT,Female,1,Yes,No,8,Yes,Yes,DSL,No,No,Yes,Yes,Yes,No,Two year,Yes,Mailed check,83.28,648.72,1
9752-IVBNQ,Female,0,Yes,No,11,Yes,No,Fiber optic,No,No,No,Yes,Yes,No,One year,Yes,Electronic check,100.04,1101.29,1
8518-AITUS,Female,1,No,No,19,Yes,No,No,No internet service,No internet service,No internet service,No internet service,No internet service,No internet service,Two year,Yes,Electronic check,18.25,338.81,0
2550-DHMDI,Female,0,Yes,Yes,17,Yes,Yes,Fiber optic,No,No,No,No,Yes,No,Month-to-month,Yes,Mailed check,85.35,1438.05,1
1509-IVRLJ,Female,0,No,Yes,2,Yes,No,No,No internet service,No internet service,No internet service,No internet service,No internet service,No internet service,Two year,Yes,Electronic check,18.25,33.23,1
7251-KGIFS,Female,0,Yes,No,2,Yes,Yes,Fiber optic,No,No,No,No,No,No,Two year,Yes,Credit card (automatic),80.11,142.1,0
8371-POGPE,Male,0,Yes,No,5,Yes,No,No,No internet service,No internet service,No internet service,No internet service,No internet service,No internet service,Month-to-month,Yes,Electronic check,18.25,91.57,1
8942-PASEG,Male,0,No,No,64,Yes,Yes,Fiber optic,No,Yes,No,Yes,No,Yes,Month-to-month,Yes,Credit card (automatic),103.41,6619.17,1
1267-SVEQZ,Female,0,Yes,No,4,Yes,Yes,DSL,No,No,Yes,No,No,No,Month-to-month,Yes,Bank transfer (automatic),44.41,172.28,0
3548-VHABO,Female,0,Yes,No,17,No,No phone service,No,No internet service,No internet service,No internet service,No internet service,No internet service,No internet service,One year,Yes,Electronic check,20.05,343.47,0
8853-TRKYJ,Female,0,Yes,Yes,1,Yes,No,No,No internet service,No internet service,No internet service,No internet service,No internet service,No internet service,Month-to-month,Yes,Credit card (automatic),22.49,22.49,1
1321-XXDED,Female,0,Yes,No,69,Yes,No,Fiber optic,No,No,No,No,Yes,No,Two year,No,Mailed check,91.01,6276.17,0
3083-MYMRX,Male,0,No,Yes,2,Yes,No,No,No internet service,No internet service,No internet service,No internet service,No internet service,No internet service,One year,Yes,Electronic check,21.49,45.77,0
5011-BPAZS,Female,0,No,No,65,Yes,No,DSL,No,No,No,No,Yes,No,Month-to-month,Yes,Electronic check,58.32,3789.01,0
4780-ICYGJ,Male,0,No,No,64,Yes,No,No,No internet service,No internet service,No internet service,No internet service,No internet service,No internet service,One year,No,Electronic check,26.62,1713.05,0
7345-AJUIO,Male,1,No,No,12,Yes,No,Fiber optic,Yes,No,No,Yes,No,Yes,Month-to-month,No,Mailed check,100.08,1209.71,1
1088-OCYEI,Male,0,Yes,No,49,Yes,Yes,Fiber optic,No,Yes,Yes,No,Yes,No,Two year,Yes,Bank transfer (automatic),90.45,4462.02,0
9895-ZVIWG,Male,0,Yes,Yes,8,Yes,Yes,No,No internet service,No internet service,No internet service,No internet service,No internet service,No internet service,Two year,Yes,Bank transfer (automatic),25.42,208.46,0
2603-XWLYI,Male,0,No,Yes,5,Yes,No,DSL,No,No,No,No,No,No,Two year,Yes,Credit card (automatic),53.41,294.41,0
7828-FWBIQ,Male,0,No,No,16,Yes,No,DSL,No,Yes,Yes,Yes,No,Yes,Month-to-month,Yes,Electronic check,73.37,1151.55,1
2718-ASFEB,Female,0,No,No,57,Yes,No,Fiber optic,Yes,No,No,No,Yes,Yes,Month-to-month,No,Electronic check,115.63,6595.21,1
2877-IZNDD,Female,0,Yes,No,67,Yes,No,No,No internet service,No internet service,No internet service,No internet service,No internet service,No internet service,Month-to-month,Yes,Credit card (automatic),21.77,1447.55,0
5739-UOHZD,Male,0,Yes,No,61,No,No phone service,DSL,Yes,No,No,No,No,No,One year,No,Electronic check,63.14,3859.85,1
2670-PUDPV,Female,0,No,No,15,Yes,No,Fiber optic,No,No,No,No,Yes,Yes,Month-to-month,No,Electronic check,97.94,1460.28,1
8175-LPSHF,Male,1,Yes,No,1,Yes,No,Fiber optic,No,Yes,No,No,No,No,Month-to-month,Yes,Mailed check,80.32,80.32,1
8838-JERJJ,Female,0,No,No,9,Yes,No,Fiber optic,No,No,No,No,Yes,No,Two year,Yes,Mailed check,85.12,767.56,0
2649-GRAGU,Male,0,Yes,No,45,Yes,Yes,Fiber optic,No,Yes,Yes,Yes,No,No,Two year,No,Bank transfer (automatic),89.24,4004.27,0
4154-AODTJ,Male,0,No,No,15,No,No phone service,No,No internet service,No internet service,No internet service,No internet service,No internet service,No internet service,One year,Yes,Electronic check,18.25,259.98,0
7511-WIBNP,Female,0,No,No,67,Yes,No,Fiber optic,Yes,No,Yes,No,No,No,Month-to-month,Yes,Credit card (automatic),90.64,6056.33,1
3531-ABGJV,Male,1,No,No,11,Yes,No,No,No internet service,No internet service,No internet service,No internet service,No internet service,No internet service,Month-to-month,No,Electronic check,20.37,230.7,1
9942-TAMAE,Female,0,No,Yes,4,Yes,No,Fiber optic,No,No,Yes,No,Yes,Yes,One year,No,Mailed check,98.82,381.24,0
2954-POQWP,Male,0,No,No,65,Yes,Yes,Fiber optic,No,No,Yes,No,No,No,One year,No,Electronic check,84.33,5487.36,1
1554-MKQQB,Female,1,No,No,62,No,No phone service,Fiber optic,No,No,No,No,Yes,No,Month-to-month,Yes,Credit card (automatic),99.92,6196.95,1
6364-MNKJC,Female,0,No,No,13,Yes,Yes,DSL,Yes,Yes,No,No,No,No,One year,Yes,Electronic check,60.78,799.77,1
2322-QOIJH,Female,0,Yes,Yes,64,Yes,Yes,DSL,No,Yes,No,No,No,Yes,Month-to-month,Yes,Mailed check,57.28,3663.06,1
1733-UMREF,Female,0,Yes,No,3,Yes,Yes,Fiber optic,Yes,No,No,Yes,No,No,One year,No,Mailed check,104.14,319.16,1
8655-QKTPI,Female,0,No,Yes,8,Yes,Yes,Fiber optic,No,No,No,No,Yes,No,Month-to-month,Yes,Mailed check,85.69,680.38,1
5315-BEADD,Male,0,No,No,63,Yes,No,Fiber optic,Yes,No,Yes,No,Yes,No,Two year,Yes,Electronic check,106.11,6690.06,0
6284-VZYCI,Male,1,No,Yes,7,Yes,No,Fiber optic,No,Yes,Yes,No,No,Yes,Month-to-month,Yes,Bank transfer (automatic),94.97,630.39,1
9388-VWLJB,Female,0,No,No,66,Yes,No,No,No internet service,No internet service,No internet service,No internet service,No internet service,No internet service,One year,Yes,Mailed check,24.19,1585.57,0
9340-KJVFR,Male,1,No,No,37,Yes,No,Fiber optic,No,Yes,Yes,No,No,Yes,Month-to-month,No,Mailed check,90.28,3324.65,1
6259-BBJPL,Male,0,Yes,No,3,Yes,No,DSL,No,Yes,Yes,No,Yes,No,Two year,Yes,Mailed check,58.98,163.86,1
8936-AUHPR,Female,0,No,No,58,Yes,No,Fiber optic,No,No,Yes,Yes,No,No,Two year,Yes,Bank transfer (automatic),92.53,5392.94,1
2656-MOULH,Female,0,No,No,18,Yes,Yes,Fiber optic,No,No,No,No,No,No,Month-to-month,Yes,Credit card (automatic),88.37,1573.29,1
6211-JNERS,Male,0,No,Yes,69,Yes,Yes,No,No internet service,No internet service,No internet service,No internet service,No internet service,No internet service,Month-to-month,No,Electronic check,18.72,1254.54,1
7947-OFKUK,Female,0,Yes,No,31,Yes,No,No,No internet service,No internet service,No internet service,No internet service,No internet service,No internet service,Month-to-month,Yes,Bank transfer (automatic),21.58,661.91,0
7671-TTURY,Female,0,Yes,Yes,67,Yes,No,Fiber optic,Yes,Yes,No,Yes,No,No,Two year,Yes,Credit card (automatic),105.21,7052.68,0
4753-RJBZI,Female,0,Yes,No,71,Yes,No,DSL,No,No,Yes,No,Yes,No,Two year,Yes,Bank transfer (automatic),53.8,3811.15,0
1095-NSJWD,Male,0,Yes,No,67,Yes,Yes,Fiber optic,No,No,No,Yes,Yes,No,Two year,Yes,Credit card (automatic),104.12,6968.22,0
4677-FNDZO,Female,1,Yes,Yes,35,Yes,No,No,No internet service,No internet service,No internet service,No internet service,No internet service,No internet service,Two year,Yes,Bank transfer (automatic),22.66,768.1,0
9054-PGQSS,Male,0,Yes,No,63,Yes,No,DSL,No,No,Yes,No,No,Yes,One year,Yes,Electronic check,59.59,3769.88,0
5128-QFKPY,Female,0,No,No,2,Yes,Yes,No,No internet service,No internet service,No internet service,No internet service,No internet service,No internet service,Month-to-month,Yes,Bank transfer (automatic),18.25,33.32,1
7382-HKGZX,Male,0,Yes,No,1,Yes,No,Fiber optic,No,No,No,No,Yes,No,Two year,No,Credit card (automatic),98.15,98.15,1
5593-VYSZJ,Female,0,No,Yes,34,Yes,No,No,No internet service,No internet service,No internet service,No internet service,No internet service,No internet service,One year,No,Electronic check,21.54,745.52,0
5447-IDWOM,Female,1,No,No,17,Yes,Yes,Fiber optic,Yes,No,Yes,No,Yes,No,Month-to-month,Yes,Bank transfer (automatic),94.78,1608.88,1
3574-YBBPI,Female,0,No,No,69,No,No phone service,Fiber optic,No,Yes,Yes,No,Yes,Yes,Month-to-month,Yes,Electronic check,110.84,7644.96,0
5466-MCIMU,Male,0,Yes,No,70,Yes,Yes,Fiber optic,No,No,Yes,Yes,Yes,No,Two year,Yes,Bank transfer (automatic),106.92,7475.08,0
9913-VBHIP,Male,0,Yes,No,12,Yes,No,No,No internet service,No internet service,No internet service,No internet service,No internet service,No internet service,Month-to-month,Yes,Electronic check,19.42,266.17,0
1169-BFVHZ,Male,0,No,Yes,64,Yes,No,Fiber optic,No,Yes,Yes,No,Yes,Yes,One year,Yes,Mailed check,108.54,6958.95,1
7787-EIAIJ,Male,0,No,Yes,55,Yes,No,Fiber optic,No,No,No,No,No,No,Two year,Yes,Credit card (automatic),83.05,4565.58,1
1828-WDCJO,Female,0,Yes,Yes,68,Yes,Yes,DSL,No,No,No,Yes,No,Yes,Month-to-month,Yes,Mailed check,74.02,5026.82,1
2038-KNFLM,Female,0,Yes,No,66,No,No phone service,No,No internet service,No internet service,No internet service,No internet service,No internet service,No internet service,Two year,No,Electronic check,18.25,1210.93,0
2740-QPCBK,Male,0,No,Yes,40,Yes,No,Fiber optic,No,Yes,Yes,No,No,No,Month-to-month,Yes,Bank transfer (automatic),93.5,3714.45,1
2090-ICRTO,Male,0,No,No,50,Yes,Yes,No,No internet service,No internet service,No internet service,No internet service,No internet service,No internet service,One year,No,Credit card (automatic),18.25,897.69,0
2156-NBQVZ,Male,0,No,Yes,6,No,No phone service,No,No internet service,No internet service,No internet service,No internet service,No internet service,No internet service,Month-to-month,No,Electronic check,26.1,153.54,1
5510-HJZRY,Male,0,No,Yes,5,Yes,Yes,Fiber optic,Yes,No,Yes,No,No,No,Month-to-month,Yes,Bank transfer (automatic),87.76,442.21,1
4296-SHHCC,Male,0,Yes,Yes,53,Yes,No,DSL,No,No,No,No,Yes,No,One year,Yes,Bank transfer (automatic),61.48,3266.03,0
2263-LVQDQ,Male,1,No,No,24,No,No phone service,No,No internet service,No internet service,No internet service,No internet service,No internet service,No internet service,Two year,Yes,Mailed check,20.85,462.51,0
9519-NSIUL,Female,0,Yes,Yes,70,Yes,No,DSL,Yes,No,No,No,No,No,One year,Yes,Electronic check,62.81,4382.48,0
7014-EKTCU,Male,0,Yes,Yes,37,No,No phone service,DSL,No,Yes,No,No,Yes,Yes,One year,No,Credit card (automatic),68.96,2547.91,0
9659-ONKTH,Male,0,No,Yes,12,Yes,Yes,DSL,No,Yes,No,Yes,No,No,Month-to-month,No,Credit card (automatic),50.88,614.02,1
8598-DLHFO,Male,0,Yes,No,70,Yes,Yes,DSL,No,No,No,No,No,No,Month-to-month,Yes,Electronic check,52.46,3688.64,1
8087-LPPUT,Female,0,Yes,No,6,Yes,Yes,No,No internet service,No internet service,No internet service,No internet service,No internet service,No internet service,One year,No,Bank transfer (automatic),19.39,102.84,1
5694-TDKMI,Male,0,No,No,9,Yes,No,DSL,No,Yes,Yes,Yes,No,No,Month-to-month,Yes,Bank transfer (automatic),54.34,497.4,1
4006-DLIMP,Female,0,Yes,Yes,26,No,No phone service,DSL,No,Yes,Yes,No,No,No,Month-to-month,Yes,Electronic check,47.66,1201.68,1
7779-ZFJMG,Female,0,Yes,Yes,66,Yes,Yes,Fiber optic,No,No,No,No,No,No,Month-to-month,Yes,Credit card (automatic),78.03,5166.52,1
2568-ZSXSQ,Male,0,Yes,No,63,Yes,Yes,Fiber optic,No,No,No,No,No,No,One year,Yes,Mailed check,86.5,5436.49,0
9247-MMZUB,Female,0,No,No,60,Yes,No,DSL,No,No,No,No,No,Yes,Month-to-month,Yes,Bank transfer (automatic),58.44,3502.15,1
2835-JVMZI,Male,0,Yes,No,33,Yes,Yes,DSL,No,No,Yes,No,No,No,Month-to-month,Yes,Mailed check,47.17,1575.2,1
6060-ANPTO,Female,0,No,Yes,5,Yes,Yes,Fiber optic,No,Yes,No,No,Yes,Yes,One year,Yes,Mailed check,104.02,525.02,1
5994-AQXMO,Male,0,No,No,27,Yes,Yes,DSL,No,No,No,No,No,No,One year,Yes,Bank transfer (automatic),45.42,1221.88,1
6137-PPBQK,Male,0,No,Yes,51,Yes,Yes,Fiber optic,No,No,No,No,Yes,No,Month-to-month,Yes,Bank transfer (automatic),84.06,4292.47,1
7867-HTCLT,Female,0,Yes,No,10,No,No phone service,No,No internet service,No internet service,No internet service,No internet service,No internet service,No internet service,Month-to-month,No,Mailed check,20.77,212.77,1
2147-PNPUQ,Male,0,No,Yes,8,Yes,No,No,No internet service,No internet service,No internet service,No internet service,No internet service,No internet service,Two year,Yes,Electronic check,27.19,210.72,1
9849-KQSVA,Male,1,No,Yes,10,Yes,Yes,DSL,No,No,No,No,No,Yes,Month-to-month,Yes,Mailed check,66.1,659.95,1
4946-LORWN,Female,0,No,No,3,Yes,Yes,Fiber optic,No,No,No,No,No,Yes,Two year,No,Credit card (automatic),97.02,283.7,1
2575-AMOGO,Female,0,Yes,Yes,6,Yes,No,Fiber optic,No,No,No,No,Yes,Yes,Month-to-month,No,Bank transfer (automatic),99.36,577.27,1
4761-TJNFN,Male,0,Yes,Yes,5,Yes,Yes,No,No internet service,No internet service,No internet service,No internet service,No internet service,No internet service,Month-to-month,No,Mailed check,23.21,108.69,1
7275-XYVLK,Female,1,Yes,Yes,25,Yes,No,DSL,Yes,No,No,No,Yes,No,Month-to-month,No,Bank transfer (automatic),63.96,1601.94,1
6212-YTVXY,Male,1,No,No,50,No,No phone service,DSL,No,Yes,No,No,No,No,Two year,No,Credit card (automatic),47.33,2339.31,0
5331-SBVTA,Female,1,Yes,No,67,Yes,No,No,No internet service,No internet service,No internet service,No internet service,No internet service,No internet service,Two year,Yes,Credit card (automatic),18.25,1231.93,0
7879-HYNIB,Female,1,Yes,No,44,Yes,No,No,No internet service,No internet service,No internet service,No internet service,No internet service,No internet service,One year,Yes,Bank transfer (automatic),20.74,908.13,0
7296-YWEWY,Female,0,Yes,No,11,Yes,Yes,Fiber optic,Yes,Yes,No,Yes,No,Yes,Two year,Yes,Electronic check,112.9,1265.17,1
6007-HPVPM,Male,0,Yes,No,5,Yes,No,DSL,No,No,Yes,No,No,No,Month-to-month,Yes,Electronic check,58.25,283.66,1
8828-TOAVC,Male,0,Yes,No,3,Yes,No,No,No internet service,No internet service,No internet service,No internet service,No internet service,No internet service,Two year,Yes,Credit card (automatic),26.47,83.25,0
1624-FVNDR,Male,0,Yes,No,2,Yes,No,Fiber optic,Yes,No,No,No,No,No,Month-to-month,Yes,Bank transfer (automatic),87.11,155.17,1
1563-OIRCJ,Male,0,No,No,1,Yes,No,DSL,No,No,No,No,No,Yes,Month-to-month,No,Credit card (automatic),62.33,70.46,1
7377-QGOAY,Male,0,No,Yes,62,Yes,Yes,No,No internet service,No internet service,No internet service,No internet service,No internet service,No internet service,Two year,Yes,Mailed check,18.25,1135.12,0
5302-KQEGS,Female,0,No,No,14,Yes,No,Fiber optic,No,No,No,No,No,No,One year,No,Electronic check,73.61,1030.13,1
9231-YXOCO,Male,0,Yes,Yes,7,Yes,No,DSL,No,Yes,No,No,No,Yes,Two year,Yes,Electronic check,65.04,460.98,1
8108-EWLTE,Female,0,Yes,Yes,69,Yes,Yes,No,No internet service,No internet service,No internet service,No internet service,No internet service,No internet service,Month-to-month,Yes,Credit card (automatic),18.25,1264.0,1
5655-CIZIG,Female,0,Yes,Yes,21,Yes,No,Fiber optic,No,No,No,No,No,No,Month-to-month,No,Mailed check,69.96,1483.05,1
1318-ZBWWU,Female,1,Yes,No,3,Yes,Yes,Fiber optic,No,No,Yes,No,No,No,One year,Yes,Mailed check,85.26,246.47,1
5352-PIMST,Male,0,No,No,59,Yes,No,No,No internet service,No internet service,No internet service,No internet service,No internet service,No internet service,One year,Yes,Credit card (automatic),26.0,1532.96,0
8242-QFDAR,Female,0,Yes,No,11,Yes,Yes,Fiber optic,No,Yes,No,Yes,No,No,One year,Yes,Mailed check,95.33,1014.64,1
4393-SIMHW,Male,0,No,No,11,Yes,Yes,DSL,No,No,No,No,No,No,Month-to-month,No,Electronic check,45.39,474.66,1
7604-MOKLN,Male,1,Yes,No,22,Yes,No,No,No internet service,No internet service,No internet service,No internet service,No internet service,No internet service,One year,Yes,Mailed check,18.25,416.12,1
7048-DAXDS,Male,0,No,No,31,Yes,Yes,DSL,Yes,Yes,No,No,No,No,Two year,No,Bank transfer (automatic),58.45,1805.42,0
5753-IJDTI,Male,0,No,No,7,Yes,No,No,No internet service,No internet service,No internet service,No internet service,No internet service,No internet service,One year,No,Mailed check,18.25,135.51,0
8535-MLKLR,Female,0,No,No,16,Yes,No,DSL,No,No,No,Yes,No,No,Month-to-month,Yes,Bank transfer (automatic),56.76,900.19,1
3515-LPETY,Male,0,Yes,Yes,45,Yes,Yes,Fiber optic,Yes,Yes,No,No,No,Yes,Month-to-month,Yes,Mailed check,97.61,4417.96,0
2330-LUYKI,Female,0,Yes,No,63,Yes,Yes,Fiber optic,Yes,No,Yes,No,Yes,Yes,One year,Yes,Electronic check,113.9,7176.28,1
8284-RYCTQ,Female,0,No,Yes,62,Yes,Yes,No,No internet service,No internet service,No internet service,No internet service,No internet service,No internet service,Month-to-month,Yes,Electronic check,21.97,1338.74,0
4149-NAQYH,Male,0,Yes,No,69,Yes,No,No,No internet service,No internet service,No internet service,No internet service,No internet service,No internet service,Month-to-month,No,Electronic check,18.25,1259.02,0
8159-EEICS,Female,0,No,No,7,Yes,No,DSL,Yes,No,No,Yes,No,No,One year,Yes,Bank transfer (automatic),77.32,551.03,1
3622-WIVRP,Female,0,Yes,Yes,34,Yes,Yes,DSL,Yes,No,No,No,No,No,Month-to-month,Yes,Mailed check,56.88,1922.39,1
3067-ABNNA,Female,1,Yes,Yes,3,Yes,Yes,Fiber optic,No,Yes,Yes,Yes,No,No,Month-to-month,No,Mailed check,97.8,277.46,0
1647-ZZYPO,Male,0,Yes,No,21,Yes,Yes,DSL,No,No,No,No,No,Yes,One year,Yes,Electronic check,55.18,1159.28,1
9159-ZOLPN,Female,0,No,No,61,No,No phone service,Fiber optic,No,No,No,No,Yes,No,Month-to-month,No,Mailed check,91.94,5593.06,1
9454-XOWOS,Male,0,No,No,63,No,No phone service,No,No internet service,No internet service,No internet service,No internet service,No internet service,No internet service,Month-to-month,Yes,Electronic check,19.52,1233.31,1
5288-HBBJC,Male,0,Yes,Yes,10,Yes,Yes,Fiber optic,No,No,No,No,No,No,One year,No,Credit card (automatic),81.58,810.84,1
8078-WQHWD,Male,0,No,No,22,Yes,No,Fiber optic,No,Yes,No,Yes,No,No,Month-to-month,Yes,Bank transfer (automatic),87.06,1910.54,1
3835-NUJAD,Male,0,Yes,No,4,Yes,Yes,Fiber optic,Yes,No,No,No,Yes,No,Month-to-month,No,Electronic check,96.49,377.74,1
7851-AQZQG,Female,1,No,No,2,Yes,Yes,Fiber optic,No,No,No,Yes,Yes,Yes,One year,Yes,Electronic check,114.62,233.9,1
4593-WTOMB,Female,0,Yes,Yes,9,Yes,No,Fiber optic,No,No,Yes,Yes,No,Yes,Two year,Yes,Electronic check,99.65,901.08,1
8336-SXMXK,Female,1,Yes,No,12,No,No phone service,No,No internet service,No internet service,No internet service,No internet service,No internet service,No internet service,Month-to-month,No,Credit card (automatic),21.21,285.18,1
2945-VOJII,Male,0,Yes,No,66,Yes,No,Fiber optic,Yes,No,No,No,No,Yes,Month-to-month,Yes,Mailed check,107.83,7067.63,1
1623-TAQLJ,Female,1,No,No,5,Yes,No,Fiber optic,No,Yes,No,No,No,No,One year,Yes,Bank transfer (automatic),76.47,385.63,1
7784-EROFG,Male,0,No,Yes,72,Yes,No,No,No internet service,No internet service,No internet service,No internet service,No internet service,No internet service,One year,No,Mailed check,18.25,1352.97,0
7716-QFHLU,Female,0,Yes,No,50,Yes,No,No,No internet service,No internet service,No internet service,No internet service,No internet service,No internet service,Two year,Yes,Mailed check,24.15,1176.09,0
8358-NLWJV,Male,0,No,No,15,Yes,No,No,No internet service,No internet service,No internet service,No internet service,No internet service,No internet service,Two year,Yes,Credit card (automatic),18.25,268.35,0
5934-TOGZI,Male,0,No,Yes,18,Yes,No,DSL,No,No,No,No,Yes,No,Month-to-month,Yes,Credit card (automatic),68.19,1239.07,0
2222-JJPGE,Male,0,Yes,No,55,Yes,Yes,Fiber optic,No,Yes,No,No,Yes,No,One year,No,Credit card (automatic),90.44,4974.49,0
8832-WCRKO,Male,0,Yes,No,8,No,No phone service,Fiber optic,No,Yes,No,No,No,No,Two year,Yes,Credit card (automatic),80.63,641.38,1
2446-UTEXL,Female,0,No,Yes,70,Yes,No,Fiber optic,Yes,No,Yes,No,No,Yes,One year,No,Electronic check,105.06,7354.02,0
2488-DOIGJ,Male,0,No,Yes,53,Yes,Yes,Fiber optic,No,No,Yes,No,No,Yes,Two year,Yes,Bank transfer (automatic),94.32,4999.86,0
6680-WMHLV,Female,0,Yes,Yes,4,Yes,No,Fiber optic,Yes,No,Yes,No,No,No,Month-to-month,Yes,Electronic check,86.98,321.59,1
9866-XSZZA,Female,1,No,No,60,Yes,No,No,No internet service,No internet service,No internet service,No internet service,No internet service,No internet service,One year,Yes,Credit card (automatic),26.62,1619.79,0
5098-PVQYR,Female,0,No,Yes,53,Yes,No,No,No internet service,No internet service,No internet service,No internet service,No internet service,No internet service,Month-to-month,Yes,Mailed check,20.0,1057.69,0
6729-KRGRZ,Male,0,No,Yes,11,Yes,No,Fiber optic,Yes,No,No,Yes,Yes,No,Month-to-month,Yes,Mailed check,104.84,1148.91,1
8645-HFGWV,Male,0,No,Yes,6,Yes,No,No,No internet service,No internet service,No internet service,No internet service,No internet service,No internet service,Month-to-month,Yes,Electronic check,24.29,156.27,1
1518-JKYMI,Male,1,Yes,No,44,Yes,No,Fiber optic,No,No,No,No,No,No,One year,No,Bank transfer (automatic),72.99,3237.75,1
9960-GIMZC,Female,0,No,Yes,5,Yes,Yes,DSL,No,No,Yes,Yes,Yes,Yes,Month-to-month,Yes,Mailed check,79.37,390.8,1
8521-CAUTB,Male,0,Yes,No,6,Yes,No,DSL,Yes,No,No,Yes,No,Yes,Two year,Yes,Electronic check,88.32,539.57,0
3887-YCOXF,Male,0,No,Yes,6,Yes,No,DSL,No,No,No,Yes,No,No,Month-to-month,Yes,Mailed check,58.46,336.66,1
6081-MUATS,Female,0,Yes,No,71,Yes,No,Fiber optic,No,Yes,No,No,No,No,Month-to-month,Yes,Mailed check,88.34,6263.15,1
9254-AUVBO,Male,0,No,No,5,Yes,No,Fiber optic,Yes,No,Yes,No,No,Yes,Month-to-month,Yes,Electronic check,100.9,499.06,1
6418-NSKOF,Female,0,Yes,Yes,11,Yes,No,Fiber optic,No,Yes,No,Yes,No,Yes,Two year,Yes,Bank transfer (automatic),103.56,1140.64,0
1239-TIETB,Female,0,Yes,Yes,69,Yes,No,No,No internet service,No internet service,No internet service,No internet service,No internet service,No internet service,Two year,No,Bank transfer (automatic),24.11,1677.37,0
8974-FZRWS,Female,0,Yes,Yes,7,Yes,No,DSL,No,Yes,No,Yes,No,Yes,One year,Yes,Electronic check,68.45,462.39,1
3075-IUXFN,Male,0,No,No,41,Yes,No,No,No internet service,No internet service,No internet service,No internet service,No internet service,No internet service,Month-to-month,No,Mailed check,24.91,1008.45,0
1447-ZXMKL,Male,0,No,No,43,Yes,No,DSL,No,No,No,No,Yes,Yes,Month-to-month,No,Mailed check,73.64,3160.39,1
8120-SSUZS,Female,1,No,Yes,57,Yes,No,No,No internet service,No internet service,No internet service,No internet service,No internet service,No internet service,Two year,Yes,Bank transfer (automatic),18.25,1046.28,0
1222-XZMNX,Female,0,No,No,21,Yes,Yes,No,No internet service,No internet service,No internet service,No internet service,No internet service,No internet service,Two year,No,Mailed check,20.22,431.69,0
1107-RLDJQ,Male,0,Yes,Yes,23,Yes,No,Fiber optic,No,Yes,Yes,Yes,No,No,One year,Yes,Electronic check,92.1,2109.81,1
6162-DLMDJ,Male,1,Yes,No,3,Yes,Yes,DSL,Yes,Yes,No,No,No,No,Two year,Yes,Mailed check,70.56,194.73,0
7529-YCOBY,Female,0,Yes,Yes,46,No,No phone service,DSL,Yes,Yes,No,Yes,No,No,One year,No,Mailed check,69.37,3222.43,0
9460-YQFZH,Female,0,No,Yes,65,Yes,No,Fiber optic,Yes,No,Yes,No,Yes,Yes,Month-to-month,No,Electronic check,114.58,7439.16,1
2123-CYRVA,Female,0,No,Yes,45,Yes,No,DSL,Yes,Yes,No,Yes,No,No,One year,Yes,Mailed check,74.75,3386.67,1
7277-PGCWD,Male,0,No,No,60,Yes,Yes,Fiber optic,Yes,Yes,No,No,Yes,Yes,Month-to-month,Yes,Mailed check,109.54,6584.51,1
9992-IESOH,Female,1,Yes,Yes,34,Yes,Yes,Fiber optic,No,No,Yes,Yes,No,No,One year,No,Electronic check,93.13,3162.09,1
3404-FRSXO,Male,0,No,No,5,Yes,Yes,Fiber optic,No,No,No,No,No,Yes,Two year,Yes,Bank transfer (automatic),96.99,492.04,0
1131-ZGJFN,Female,0,No,No,68,Yes,No,Fiber optic,No,No,No,No,No,Yes,Month-to-month,No,Electronic check,91.63,6240.66,1
7056-QISEW,Male,0,No,No,2,Yes,Yes,Fiber optic,No,Yes,Yes,No,No,No,Month-to-month,Yes,Electronic check,71.41,153.69,1
4379-GSTZG,Female,0,No,No,71,Yes,No,No,No internet service,No internet service,No internet service,No internet service,No internet service,No internet service,Month-to-month,Yes,Electronic check,19.16,1378.82,1
6794-XBYWP,Male,1,Yes,No,40,Yes,Yes,Fiber optic,No,No,No,No,Yes,No,Month-to-month,Yes,Bank transfer (automatic),94.56,3807.83,1
4880-MHFFI,Male,0,Yes,Yes,49,Yes,No,DSL,No,No,Yes,Yes,No,No,Month-to-month,Yes,Mailed check,53.91,2643.24,1
5001-DKEYQ,Male,0,No,No,42,No,No phone service,No,No internet service,No internet service,No internet service,No internet service,No internet service,No internet service,One year,No,Electronic check,18.25,774.62,1
8333-TGOYO,Male,0,Yes,No,10,Yes,Yes,Fiber optic,No,No,No,No,No,No,One year,No,Electronic check,75.01,740.08,1
8060-NMKMZ,Male,0,Yes,No,5,Yes,No,Fiber optic,No,Yes,No,No,Yes,No,Month-to-month,Yes,Electronic check,95.32,468.09,1
8403-VXIJD,Male,0,Yes,No,69,Yes,Yes,Fiber optic,No,No,No,No,Yes,No,Two year,No,Credit card (automatic),91.75,6319.85,1
5871-QNXRK,Female,0,No,No,19,Yes,Yes,Fiber optic,Yes,No,No,No,No,No,One year,No,Mailed check,92.85,1765.96,1
3225-PAGJI,Female,0,No,No,61,Yes,Yes,Fiber optic,Yes,Yes,No,Yes,No,No,Month-to-month,Yes,Credit card (automatic),106.58,6516.07,1
4381-YCVWN,Female,0,Yes,No,11,Yes,No,Fiber optic,Yes,No,No,No,No,No,Month-to-month,No,Credit card (automatic),79.26,883.02,1
6111-ZYOBX,Male,0,No,No,9,Yes,No,Fiber optic,No,No,No,Yes,Yes,Yes,Month-to-month,No,Mailed check,118.75,1054.17,1
7328-NPGDR,Male,0,No,No,26,Yes,Yes,Fiber optic,No,No,No,Yes,No,Yes,Month-to-month,Yes,Electronic check,109.29,2824.76,1
9645-XEFGO,Female,0,Yes,No,7,No,No phone service,DSL,Yes,Yes,No,No,No,Yes,Month-to-month,Yes,Credit card (automatic),82.6,605.15,1
3999-ZAXDY,Male,0,No,Yes,25,Yes,No,DSL,No,Yes,No,No,No,No,One year,Yes,Bank transfer (automatic),44.77,1110.13,1
9068-AKRNV,Male,0,No,No,24,Yes,Yes,No,No internet service,No internet service,No internet service,No internet service,No internet service,No internet service,Month-to-month,No,Electronic check,26.15,631.3,1
1567-KJQDX,Female,1,Yes,No,4,Yes,No,DSL,Yes,No,No,No,No,Yes,Month-to-month,Yes,Mailed check,75.09,310.87,1
4106-OZPUM,Female,0,Yes,No,6,Yes,No,DSL,No,No,Yes,No,Yes,No,Month-to-month,Yes,Bank transfer (automatic),64.64,373.63,1
3766-IKKFA,Female,0,Yes,No,9,Yes,No,Fiber optic,No,No,No,Yes,Yes,No,Two year,No,Mailed check,98.42,868.74,1
2429-VFMVX,Female,0,No,No,9,Yes,No,DSL,No,No,No,Yes,No,No,One year,No,Bank transfer (automatic),55.64,516.55,1
5343-VEORT,Female,0,Yes,No,31,Yes,No,DSL,No,No,No,No,Yes,No,Month-to-month,No,Credit card (automatic),69.41,2167.7,1
4977-NOZEZ,Female,0,No,No,1,Yes,Yes,DSL,No,Yes,No,No,No,No,Month-to-month,No,Electronic check,49.17,49.17,1
4733-DBGJP,Female,0,No,Yes,2,Yes,No,Fiber optic,No,No,Yes,No,Yes,Yes,Two year,No,Mailed check,92.27,192.5,0
9744-JRQUM,Male,0,Yes,No,3,No,No phone service,No,No internet service,No internet service,No internet service,No internet service,No internet service,No internet service,Month-to-month,Yes,Electronic check,26.0,103.81,1
4964-AAOAF,Male,0,Yes,No,3,Yes,No,DSL,No,Yes,No,No,No,Yes,Month-to-month,Yes,Mailed check,65.52,200.78,1
1620-YZMAE,Male,1,Yes,No,2,Yes,Yes,Fiber optic,No,No,No,No,No,No,One year,Yes,Electronic check,81.56,157.89,1
7350-IYQPH,Male,0,Yes,No,33,Yes,Yes,DSL,Yes,No,Yes,Yes,No,Yes,One year,Yes,Electronic check,86.66,2863.56,1
7310-QOXAL,Female,0,Yes,No,63,Yes,No,Fiber optic,No,No,No,No,Yes,No,Month-to-month,No,Electronic check,97.8,6146.98,1
8913-EXFYA,Male,0,Yes,Yes,35,Yes,No,Fiber optic,No,No,No,No,Yes,No,Two year,No,Bank transfer (automatic),94.48,3288.35,1
5056-YAJJC,Male,0,No,Yes,6,Yes,No,DSL,No,Yes,Yes,Yes,No,No,Month-to-month,Yes,Mailed check,68.48,399.67,1
8993-QSKRB,Male,0,Yes,No,62,Yes,Yes,No,No internet service,No internet service,No internet service,No internet service,No internet service,No internet service,Month-to-month,Yes,Mailed check,18.25,1163.08,0
9320-IXQND,Male,0,No,No,11,Yes,Yes,No,No internet service,No internet service,No internet service,No internet service,No internet service,No internet service,Month-to-month,Yes,Electronic check,28.12,330.35,1
6323-QQLTR,Female,0,Yes,Yes,17,Yes,No,Fiber optic,No,Yes,Yes,No,No,Yes,Two year,Yes,Credit card (automatic),88.88,1508.41,0
6096-CKYRD,Male,0,No,Yes,8,Yes,No,DSL,No,No,No,No,No,No,Month-to-month,No,Electronic check,48.31,383.23,1
5291-QRENJ,Female,0,No,No,72,Yes,No,Fiber optic,No,No,No,No,No,Yes,Month-to-month,Yes,Credit card (automatic),103.82,7447.4,1
5829-OAPKW,Female,0,Yes,No,45,Yes,No,No,No internet service,No internet service,No internet service,No internet service,No internet service,No internet service,Month-to-month,No,Bank transfer (automatic),22.65,1032.27,0
4799-TFXVP,Male,0,Yes,Yes,61,No,No phone service,Fiber optic,No,Yes,No,No,No,No,Month-to-month,Yes,Electronic check,87.4,5358.56,1
9067-BAXXI,Female,0,No,No,66,Yes,No,DSL,No,No,No,No,Yes,Yes,One year,No,Bank transfer (automatic),78.71,5193.84,0
3272-VLQYO,Male,0,No,No,2,Yes,No,Fiber optic,No,No,No,No,No,Yes,Month-to-month,Yes,Electronic check,84.96,178.26,1
8106-SVJZL,Female,0,Yes,Yes,5,Yes,No,Fiber optic,No,No,No,No,Yes,No,Month-to-month,Yes,Electronic check,88.18,461.96,1
3358-NIMCU,Female,0,No,No,12,No,No phone service,DSL,No,No,No,No,No,No,One year,No,Electronic check,59.82,731.07,0
6608-NUJPG,Female,0,Yes,No,41,Yes,No,No,No internet service,No internet service,No internet service,No internet service,No internet service,No internet service,Month-to-month,Yes,Credit card (automatic),26.1,1053.9,1
7763-DTWYK,Male,0,Yes,No,61,Yes,No,Fiber optic,Yes,Yes,No,No,No,No,Two year,No,Bank transfer (automatic),85.73,5210.44,0
4043-PTDVV,Male,0,Yes,No,5,Yes,No,DSL,No,No,No,No,No,Yes,Month-to-month,No,Electronic check,65.14,306.66,1
6652-WQMKC,Male,1,No,No,43,Yes,Yes,DSL,No,Yes,No,No,Yes,No,Month-to-month,Yes,Electronic check,56.03,2408.76,1
5749-IFVUK,Male,0,No,No,63,Yes,No,No,No internet service,No internet service,No internet service,No internet service,No internet service,No internet service,Month-to-month,Yes,Electronic check,19.02,1200.31,0
8999-PSENQ,Female,0,No,No,11,Yes,No,Fiber optic,Yes,Yes,No,Yes,Yes,No,One year,No,Credit card (automatic),116.12,1236.47,1
7712-CDPPU,Male,0,No,Yes,20,Yes,No,Fiber optic,Yes,No,No,No,No,No,Month-to-month,No,Bank transfer (automatic),89.21,1791.83,1
9497-ZYDSZ,Female,0,Yes,Yes,8,Yes,No,Fiber optic,No,Yes,No,No,No,Yes,One year,Yes,Mailed check,95.07,789.64,0
3319-QMZVW,Female,0,No,Yes,1,Yes,Yes,Fiber optic,Yes,No,Yes,No,No,Yes,One year,No,Credit card (automatic),101.42,102.8,1
4514-ZXALD,Female,0,No,No,10,Yes,No,Fiber optic,No,No,Yes,No,No,No,Two year,Yes,Mailed check,82.43,839.94,1
6114-KEBQH,Female,0,Yes,No,14,Yes,No,DSL,No,No,No,Yes,No,No,Month-to-month,No,Credit card (automatic),61.53,854.11,1
2044-FUIMK,Female,0,No,No,69,Yes,Yes,DSL,Yes,Yes,Yes,No,No,Yes,One year,No,Electronic check,69.05,4760.94,0
9212-PPBJL,Female,0,No,No,53,Yes,No,DSL,No,Yes,Yes,No,Yes,No,One year,Yes,Credit card (automatic),55.65,2945.92,0
7326-HKJMY,Female,0,Yes,No,56,Yes,No,No,No internet service,No internet service,No internet service,No internet service,No internet service,No internet service,Month-to-month,Yes,Credit card (automatic),18.25,1006.32,1
7487-QGXCT,Female,0,Yes,No,6,Yes,Yes,No,No internet service,No internet service,No internet service,No internet service,No internet service,No internet service,Two year,Yes,Bank transfer (automatic),18.25,101.29,0
5830-MSGIS,Female,0,No,Yes,9,No,No phone service,Fiber optic,No,Yes,No,No,Yes,Yes,Month-to-month,No,Bank transfer (automatic),98.31,880.07,1
7518-MVHVR,Female,0,Yes,No,1,Yes,Yes,Fiber optic,No,Yes,No,No,No,Yes,Month-to-month,Yes,Mailed check,91.92,96.76,1
1511-WBRRK,Female,0,Yes,No,10,Yes,Yes,DSL,No,Yes,Yes,No,No,No,Month-to-month,No,Mailed check,43.91,459.74,1
4649-ANPKA,Male,0,No,No,9,Yes,Yes,Fiber optic,No,Yes,Yes,No,Yes,Yes,Month-to-month,No,Electronic check,101.95,913.92,1
9406-GPNON,Female,0,Yes,No,42,No,No phone service,Fiber optic,No,Yes,No,No,No,Yes,Two year,Yes,Electronic check,93.63,3954.19,1
4346-UKPSQ,Male,1,Yes,Yes,10,Yes,No,Fiber optic,No,No,No,No,Yes,No,Two year,Yes,Bank transfer (automatic),95.14,935.09,0
1856-ZFKQI,Male,0,No,Yes,61,Yes,No,DSL,No,Yes,No,No,Yes,Yes,One year,No,Mailed check,70.16,4269.57,0
2793-RQLWV,Female,0,Yes,No,9,Yes,Yes,Fiber optic,No,Yes,No,Yes,No,No,Month-to-month,Yes,Electronic check,89.92,825.57,1
2010-VEKDD,Female,0,Yes,No,72,Yes,Yes,No,No internet service,No internet service,No internet service,No internet service,No internet service,No internet service,Month-to-month,Yes,Electronic check,27.76,2001.49,0
1789-CZXWY,Female,0,No,No,2,Yes,Yes,DSL,No,No,Yes,No,Yes,Yes,Month-to-month,Yes,Credit card (automatic),65.98,130.05,1
6426-QGZDW,Female,0,Yes,No,67,Yes,No,Fiber optic,Yes,Yes,No,Yes,Yes,No,One year,Yes,Bank transfer (automatic),115.51,7746.14,0
9259-MLAUS,Male,0,No,Yes,65,Yes,No,No,No internet service,No internet service,No internet service,No internet service,No internet service,No internet service,Two year,No,Electronic check,25.88,1690.05,1
3337-UTRKT,Male,1,Yes,No,63,No,No phone service,DSL,Yes,Yes,No,No,No,No,Month-to-month,Yes,Bank transfer (automatic),59.94,3768.94,0
7771-CQLJH,Female,0,No,No,1,Yes,Yes,Fiber optic,No,No,No,Yes,No,No,Month-to-month,Yes,Electronic check,86.8,86.8,1
4454-OEDZU,Male,0,Yes,No,14,Yes,No,DSL,No,No,No,Yes,Yes,No,Month-to-month,No,Bank transfer (automatic),70.36,964.07,1
5041-TSUDO,Female,0,Yes,Yes,66,Yes,No,Fiber optic,Yes,Yes,No,No,No,No,Two year,No,Mailed check,85.12,5641.38,0
4274-QLCJO,Female,0,Yes,No,5,Yes,No,Fiber optic,No,Yes,Yes,No,No,No,Two year,No,Electronic check,84.65,441.08,1
1708-JXWRA,Female,0,Yes,Yes,1,Yes,No,No,No internet service,No internet service,No internet service,No internet service,No internet service,No internet service,Month-to-month,No,Bank transfer (automatic),18.25,32.67,1
2615-CUZLA,Male,0,No,No,12,Yes,No,Fiber optic,Yes,No,Yes,No,No,No,Month-to-month,Yes,Mailed check,81.85,973.7,1
6613-CCESY,Male,0,No,No,65,No,No phone service,Fiber optic,No,Yes,No,Yes,Yes,No,One year,No,Credit card (automatic),101.47,6615.84,0
9822-ADZZD,Male,0,No,No,5,No,No phone service,No,No internet service,No internet service,No internet service,No internet service,No internet service,No internet service,Month-to-month,No,Credit card (automatic),21.71,110.51,1
9102-QNRAV,Female,0,Yes,No,1,Yes,No,No,No internet service,No internet service,No internet service,No internet service,No internet service,No internet service,Month-to-month,Yes,Bank transfer (automatic),18.47,18.47,0
8677-PCWUI,Male,0,Yes,No,46,Yes,Yes,DSL,No,No,Yes,No,No,No,Two year,Yes,Electronic check,50.77,2325.34,0
6090-WDUEK,Female,1,Yes,Yes,10,No,No phone service,Fiber optic,No,Yes,Yes,Yes,No,No,Month-to-month,Yes,Electronic check,94.76,923.97,1
3955-UZIZC,Female,0,Yes,No,9,Yes,No,DSL,No,No,Yes,No,No,Yes,Month-to-month,Yes,Electronic check,58.75,523.82,1
5427-FXKIO,Male,1,Yes,No,38,Yes,No,DSL,No,No,Yes,No,No,No,Month-to-month,Yes,Credit card (automatic),54.61,2066.85,1
3223-WCATV,Female,0,Yes,Yes,8,Yes,No,Fiber optic,No,No,No,No,Yes,No,Two year,Yes,Mailed check,89.77,711.59,1
2046-SNQVN,Female,0,Yes,No,69,Yes,No,DSL,No,Yes,Yes,Yes,No,No,Month-to-month,No,Credit card (automatic),57.23,3959.98,0
9200-QYNLP,Female,1,No,No,47,Yes,Yes,DSL,No,No,No,No,No,Yes,One year,Yes,Bank transfer (automatic),64.41,2997.19,1
5264-AMFQL,Female,1,No,No,12,Yes,No,Fiber optic,Yes,No,No,Yes,Yes,Yes,Month-to-month,No,Bank transfer (automatic),118.75,1420.54,1
3516-WSFGA,Male,1,Yes,No,70,Yes,No,Fiber optic,No,No,Yes,Yes,No,No,Month-to-month,No,Credit card (automatic),98.32,6891.41,1
6489-AEFPY,Female,0,Yes,No,11,Yes,No,No,No internet service,No internet service,No internet service,No internet service,No internet service,No internet service,Month-to-month,Yes,Bank transfer (automatic),18.25,203.96,1
2509-PNAMT,Female,0,No,No,1,Yes,Yes,Fiber optic,No,No,No,No,No,No,Two year,Yes,Credit card (automatic),83.94,83.94,0
6748-JXJIM,Female,0,No,No,68,Yes,Yes,No,No internet service,No internet service,No internet service,No internet service,No internet service,No internet service,Two year,No,Mailed check,20.72,1403.62,0
6224-CRTBQ,Male,0,Yes,Yes,61,Yes,No,Fiber optic,No,Yes,No,No,Yes,Yes,Month-to-month,Yes,Bank transfer (automatic),110.03,6722.4,1
3688-SWMMA,Female,0,No,No,63,Yes,No,Fiber optic,No,No,No,No,Yes,No,Month-to-month,Yes,Electronic check,85.61,5391.53,1
6146-BAXEX,Female,0,No,Yes,6,Yes,No,Fiber optic,Yes,Yes,Yes,No,Yes,No,One year,No,Credit card (automatic),106.31,612.06,1
8707-CGXVM,Male,0,No,No,64,No,No phone service,Fiber optic,Yes,Yes,No,No,No,Yes,Month-to-month,Yes,Electronic check,97.74,6268.19,1
8029-WRXUG,Female,0,No,No,70,Yes,No,Fiber optic,No,No,Yes,Yes,No,No,Two year,Yes,Credit card (automatic),79.73,5569.94,0
7790-AEQHO,Male,0,No,No,11,Yes,No,Fiber optic,No,Yes,Yes,No,Yes,No,Month-to-month,Yes,Mailed check,81.8,894.76,1
9487-TDBEA,Female,0,Yes,Yes,61,Yes,No,Fiber optic,No,No,Yes,No,Yes,Yes,Two year,No,Mailed check,103.75,6310.29,0
6040-YEFBZ,Male,0,No,Yes,60,Yes,No,Fiber optic,No,Yes,No,No,No,No,Month-to-month,No,Mailed check,82.56,4964.57,1
7841-ZADGV,Female,0,No,Yes,25,Yes,No,Fiber optic,No,No,No,Yes,Yes,No,One year,Yes,Mailed check,97.74,2437.48,1
3886-ZAAHT,Male,0,Yes,No,71,Yes,Yes,No,No internet service,No internet service,No internet service,No internet service,No internet service,No internet service,Month-to-month,Yes,Bank transfer (automatic),19.11,1366.32,0
7679-PUMWX,Male,0,No,No,1,Yes,No,DSL,No,No,Yes,No,No,Yes,Month-to-month,No,Bank transfer (automatic),52.8,52.8,1
6761-ZWRTJ,Female,1,No,No,33,Yes,No,Fiber optic,Yes,No,No,No,Yes,Yes,Month-to-month,No,Electronic check,111.84,3698.99,1
2472-LAJIC,Female,1,No,Yes,45,Yes,No,No,No internet service,No internet service,No internet service,No internet service,No internet service,No internet service,Month-to-month,No,Credit card (automatic),18.25,833.36,1
1106-SZIJS,Male,0,No,Yes,4,Yes,No,DSL,No,No,No,No,No,No,Month-to-month,Yes,Bank transfer (automatic),52.93,208.44,1
7068-PXRNC,Female,0,No,Yes,11,Yes,Yes,DSL,No,No,No,No,No,No,One year,Yes,Bank transfer (automatic),57.62,647.79,0
5383-BARXI,Female,0,No,No,62,Yes,No,Fiber optic,No,No,No,Yes,Yes,Yes,Month-to-month,Yes,Credit card (automatic),108.34,6723.74,1
2543-MBGPU,Male,0,No,Yes,12,Yes,No,DSL,No,No,No,No,Yes,No,Month-to-month,No,Credit card (automatic),64.38,802.88,1
8728-SYOVK,Male,0,No,No,8,No,No phone service,Fiber optic,Yes,No,Yes,No,No,No,Month-to-month,Yes,Bank transfer (automatic),82.46,676.53,1
1014-AUGTH,Female,0,Yes,Yes,7,Yes,No,Fiber optic,Yes,Yes,Yes,No,No,No,Month-to-month,Yes,Electronic check,90.52,635.27,1
3576-JEIYY,Female,0,No,No,13,Yes,No,No,No internet service,No internet service,No internet service,No internet service,No internet service,No internet service,Month-to-month,Yes,Bank transfer (automatic),18.25,251.67,0
1743-ABSNT,Female,0,No,No,11,Yes,No,DSL,No,No,No,No,No,Yes,Month-to-month,Yes,Electronic check,69.18,754.05,1
1286-JIJFQ,Female,0,No,No,22,Yes,Yes,Fiber optic,No,No,Yes,Yes,No,No,Month-to-month,Yes,Bank transfer (automatic),88.22,1900.3,1
8230-YFDTC,Male,0,Yes,No,1,Yes,No,No,No internet service,No internet service,No internet service,No internet service,No internet service,No internet service,One year,Yes,Mailed check,24.63,24.63,0
3127-WSRZX,Male,1,Yes,No,20,Yes,Yes,Fiber optic,Yes,Yes,Yes,No,Yes,Yes,Month-to-month,Yes,Bank transfer (automatic),115.25,2295.78,0
3420-DHQEM,Male,0,No,No,61,No,No phone service,DSL,No,Yes,No,Yes,No,Yes,Month-to-month,Yes,Electronic check,70.05,4248.99,1
7447-YAMDV,Male,0,No,Yes,12,Yes,No,DSL,Yes,No,Yes,No,Yes,No,Month-to-month,Yes,Bank transfer (automatic),71.89,860.49,1
5003-ZXNCE,Female,0,Yes,Yes,1,Yes,Yes,No,No internet service,No internet service,No internet service,No internet service,No internet service,No internet service,Month-to-month,Yes,Credit card (automatic),21.71,50.76,1
3523-GAWLK,Male,0,No,No,7,No,No phone service,DSL,No,No,Yes,No,No,No,Month-to-month,Yes,Electronic check,52.08,378.91,1
1592-XHYFV,Male,1,No,No,8,Yes,No,Fiber optic,No,No,No,No,Yes,Yes,Month-to-month,Yes,Bank transfer (automatic),106.88,866.91,1
4768-BSTTX,Female,0,Yes,Yes,2,Yes,Yes,DSL,No,No,No,No,No,Yes,Month-to-month,Yes,Credit card (automatic),64.87,134.95,1
3164-NAJPD,Female,1,No,No,8,Yes,Yes,DSL,No,Yes,Yes,Yes,Yes,No,Two year,No,Credit card (automatic),80.09,656.07,1
9031-KPTAP,Male,1,No,No,50,Yes,No,DSL,No,Yes,Yes,No,No,No,Month-to-month,Yes,Electronic check,53.33,2667.31,1
5534-SUVII,Female,0,Yes,Yes,10,Yes,Yes,Fiber optic,Yes,No,No,Yes,No,No,Month-to-month,No,Mailed check,94.0,954.29,1
2832-IQLYM,Male,0,No,Yes,4,Yes,Yes,Fiber optic,No,Yes,No,No,Yes,No,Two year,No,Electronic check,89.77,373.23,1
7789-HPRAA,Female,0,No,Yes,25,Yes,No,DSL,Yes,No,Yes,Yes,Yes,No,One year,No,Electronic check,80.98,2027.86,0
5782-LFIWE,Female,1,No,Yes,4,Yes,Yes,DSL,Yes,Yes,Yes,No,Yes,Yes,Two year,No,Credit card (automatic),84.55,317.61,0
7432-PRQRA,Male,1,Yes,No,4,Yes,Yes,Fiber optic,No,Yes,No,No,No,No,One year,Yes,Credit card (automatic),82.41,327.52,0
9331-SVHCZ,Female,0,Yes,Yes,60,Yes,Yes,DSL,Yes,Yes,Yes,No,Yes,No,One year,No,Bank transfer (automatic),71.54,4320.0,0
4721-YZEWH,Male,0,Yes,No,12,Yes,Yes,DSL,No,Yes,Yes,No,No,No,Month-to-month,Yes,Electronic check,46.5,546.66,1
1586-SRRUA,Male,0,Yes,No,57,Yes,No,DSL,Yes,Yes,Yes,Yes,No,No,One year,Yes,Electronic check,68.52,3925.71,0
4208-ORYGP,Male,0,Yes,No,66,Yes,Yes,DSL,No,No,No,No,No,No,One year,Yes,Mailed check,46.47,3088.14,1
9439-POFIG,Female,0,Yes,No,8,Yes,No,Fiber optic,No,Yes,No,No,Yes,No,Month-to-month,No,Credit card (automatic),106.3,878.18,1
5939-NKUPY,Male,0,Yes,No,67,Yes,No,No,No internet service,No internet service,No internet service,No internet service,No internet service,No internet service,Month-to-month,Yes,Electronic check,18.25,1205.73,0
8093-FVPTP,Male,0,Yes,No,46,No,No phone service,DSL,Yes,No,Yes,No,Yes,No,One year,Yes,Bank transfer (automatic),73.83,3393.4,0
7830-LQEYM,Male,0,Yes,Yes,59,Yes,No,DSL,No,No,No,Yes,No,Yes,Month-to-month,Yes,Mailed check,70.86,4173.97,0
3495-HXELI,Male,0,No,Yes,53,Yes,Yes,Fiber optic,No,No,No,No,No,Yes,Month-to-month,Yes,Electronic check,90.96,4830.1,1
6681-CCAYV,Male,0,Yes,No,8,Yes,No,DSL,No,Yes,No,No,Yes,Yes,Month-to-month,No,Mailed check,72.05,570.87,1
3728-RXLII,Male,0,Yes,Yes,37,No,No phone service,No,No internet service,No internet service,No internet service,No internet service,No internet service,No internet service,Month-to-month,Yes,Mailed check,28.36,1038.58,1
9081-RRGDM,Female,0,No,Yes,48,Yes,Yes,DSL,No,No,No,Yes,Yes,Yes,Two year,Yes,Electronic check,77.19,3721.65,0
2369-QXBNC,Male,0,Yes,No,1,Yes,No,DSL,Yes,No,No,No,Yes,No,One year,Yes,Electronic check,64.15,64.15,0
9727-ENCWG,Female,0,Yes,No,61,No,No phone service,Fiber optic,No,Yes,No,Yes,No,No,Month-to-month,Yes,Bank transfer (automatic),83.6,5093.78,0
6840-RMWVJ,Female,1,Yes,No,8,No,No phone service,Fiber optic,No,No,Yes,Yes,Yes,No,Month-to-month,No,Electronic check,99.02,813.02,1
9867-YMPIB,Male,0,No,Yes,48,Yes,Yes,Fiber optic,No,Yes,Yes,No,Yes,Yes,Month-to-month,No,Bank transfer (automatic),110.39,5276.43,1
1761-WEVQW,Female,0,No,No,9,Yes,No,No,No internet service,No internet service,No internet service,No internet service,No internet service,No internet service,One year,No,Credit card (automatic),18.25,141.0,0
9185-VDQIT,Female,0,Yes,No,43,No,No phone service,DSL,No,No,No,No,Yes,No,Month-to-month,Yes,Electronic check,62.47,2686.27,1
6848-BXRUV,Male,0,No,No,3,Yes,No,Fiber optic,Yes,No,Yes,No,No,No,Month-to-month,No,Credit card (automatic),81.77,278.81,1
7488-KMHAQ,Female,0,Yes,No,38,Yes,Yes,DSL,Yes,No,Yes,Yes,No,No,One year,No,Credit card (automatic),66.82,2519.88,0
6933-LDUMI,Male,0,Yes,Yes,12,Yes,Yes,Fiber optic,Yes,Yes,No,No,No,No,One year,No,Electronic check,89.1,1090.78,1
8925-GWXEE,Female,0,Yes,No,24,Yes,No,Fiber optic,Yes,No,No,Yes,No,Yes,Two year,Yes,Electronic check,106.51,2574.73,1
9889-QIFYS,Male,0,No,Yes,46,Yes,No,Fiber optic,No,Yes,Yes,No,No,Yes,Month-to-month,Yes,Credit card (automatic),92.71,4243.57,1
6808-PUBJP,Female,0,Yes,No,53,Yes,No,Fiber optic,Yes,No,No,No,No,Yes,Two year,Yes,Electronic check,97.96,5187.32,0
6537-EOMMM,Male,0,No,No,33,Yes,No,Fiber optic,No,No,No,Yes,Yes,No,Two year,Yes,Electronic check,97.06,3176.34,0
6436-ONHKR,Male,0,No,No,52,Yes,No,No,No internet service,No internet service,No internet service,No internet service,No internet service,No internet service,Month-to-month,Yes,Mailed check,18.25,972.92,1
1653-XDZJA,Female,1,Yes,No,61,No,No phone service,Fiber optic,Yes,No,No,No,Yes,No,One year,Yes,Electronic check,103.1,6299.31,1
7533-EMAWH,Male,0,No,Yes,49,Yes,Yes,Fiber optic,No,No,No,No,No,Yes,Two year,No,Mailed check,90.9,4458.23,0
3344-CCGDC,Male,0,No,No,43,Yes,Yes,DSL,No,No,No,Yes,Yes,Yes,Month-to-month,No,Credit card (automatic),79.6,3441.02,1
2862-OHCGR,Female,0,No,No,59,Yes,Yes,No,No internet service,No internet service,No internet service,No internet service,No internet service,No internet service,Month-to-month,Yes,Credit card (automatic),25.11,1462.41,1
6863-KKQFH,Male,0,Yes,No,72,Yes,Yes,DSL,No,No,No,No,No,No,Two year,No,Electronic check,53.34,3832.0,1
4133-AJYSC,Male,0,No,Yes,58,Yes,No,Fiber optic,No,Yes,No,No,No,Yes,Two year,Yes,Credit card (automatic),87.64,5108.55,0
9945-DKOAI,Female,0,No,Yes,9,Yes,No,No,No internet service,No internet service,No internet service,No internet service,No internet service,No internet service,One year,No,Bank transfer (automatic),18.25,184.52,0
7289-KSMZP,Female,0,No,No,36,Yes,No,No,No internet service,No internet service,No internet service,No internet service,No internet service,No internet service,Two year,Yes,Credit card (automatic),18.25,658.73,1
8110-DATMA,Female,1,Yes,No,4,Yes,Yes,DSL,No,Yes,Yes,Yes,No,Yes,Month-to-month,Yes,Electronic check,64.31,240.79,1
1908-EENWN,Female,0,No,No,37,Yes,No,Fiber optic,Yes,No,No,No,No,Yes,Month-to-month,Yes,Electronic check,94.77,3507.04,1
5319-HDGTS,Female,0,No,No,67,Yes,Yes,DSL,Yes,No,No,No,Yes,Yes,Two year,Yes,Mailed check,86.9,5814.47,0
5185-OVDSI,Female,0,Yes,Yes,19,Yes,No,No,No internet service,No internet service,No internet service,No internet service,No internet service,No internet service,Two year,No,Credit card (automatic),18.25,329.85,1
8442-UMNWN,Male,0,No,No,70,Yes,No,DSL,Yes,Yes,No,No,No,Yes,Month-to-month,No,Mailed check,82.59,5779.67,0
2034-VJPEW,Female,0,No,Yes,10,Yes,No,Fiber optic,No,No,Yes,No,No,No,Month-to-month,No,Bank transfer (automatic),73.33,733.36,1
4231-FZBMM,Female,0,Yes,No,44,Yes,No,No,No internet service,No internet service,No internet service,No internet service,No internet service,No internet service,One year,Yes,Mailed check,30.34,1321.58,0
9915-SRSAH,Female,1,Yes,No,34,Yes,Yes,No,No internet service,No internet service,No internet service,No internet service,No internet service,No internet service,Month-to-month,No,Credit card (automatic),18.25,610.05,1
3605-VPBHF,Male,0,Yes,No,51,Yes,Yes,DSL,No,Yes,No,No,No,Yes,Month-to-month,Yes,Credit card (automatic),54.83,2798.67,0
4210-PWKQW,Male,1,No,Yes,12,Yes,No,DSL,No,No,No,No,Yes,Yes,Month-to-month,Yes,Credit card (automatic),74.79,884.43,1
3094-SKHVD,Male,0,No,No,71,Yes,No,DSL,Yes,No,No,Yes,No,Yes,Two year,No,Bank transfer (automatic),89.98,6402.42,0
5483-KHIZB,Female,0,Yes,Yes,2,Yes,Yes,Fiber optic,No,No,No,No,No,No,Month-to-month,Yes,Mailed check,77.57,164.51,1
3138-PFUUZ,Male,0,Yes,Yes,22,Yes,No,Fiber optic,Yes,Yes,No,Yes,No,No,Month-to-month,Yes,Electronic check,102.45,2263.46,1
5901-SHNXP,Male,0,Yes,Yes,6,Yes,No,DSL,No,Yes,Yes,No,Yes,No,Month-to-month,Yes,Electronic check,65.84,403.64,1
3389-LEXZX,Male,0,No,No,67,Yes,No,DSL,Yes,Yes,Yes,No,No,No,Month-to-month,Yes,Mailed check,62.6,4225.26,1
7330-SRIBY,Male,0,Yes,No,67,Yes,No,DSL,No,Yes,Yes,No,No,No,Month-to-month,Yes,Mailed check,48.37,3238.55,1
9724-TLBJA,Female,0,Yes,Yes,20,No,No phone service,Fiber optic,No,Yes,No,No,No,No,One year,No,Electronic check,79.28,1572.14,1
5995-DYLID,Female,1,No,Yes,66,Yes,Yes,No,No internet service,No internet service,No internet service,No internet service,No internet service,No internet service,Month-to-month,No,Mailed check,20.73,1367.99,0
4625-IFAJN,Female,0,No,Yes,60,Yes,No,DSL,No,No,No,Yes,No,No,One year,Yes,Electronic check,64.01,3830.28,0
5392-VYRFR,Female,0,No,No,11,Yes,Yes,Fiber optic,Yes,Yes,No,No,No,Yes,Month-to-month,Yes,Credit card (automatic),94.77,1059.24,1
3683-TPOPH,Female,0,Yes,No,5,Yes,No,No,No internet service,No internet service,No internet service,No internet service,No internet service,No internet service,Two year,Yes,Electronic check,19.92,90.37,1
5922-MWKYG,Female,0,Yes,No,28,Yes,Yes,Fiber optic,No,Yes,No,No,No,No,Two year,No,Electronic check,88.87,2509.2,1
6396-QRVWS,Male,1,Yes,No,12,Yes,Yes,DSL,No,No,Yes,No,No,Yes,Month-to-month,Yes,Mailed check,67.38,793.86,1
3770-YMOWV,Female,0,No,No,23,Yes,Yes,Fiber optic,No,Yes,No,Yes,No,No,Two year,No,Credit card (automatic),84.23,1953.46,0
9754-VAPEZ,Female,0,Yes,No,1,Yes,No,No,No internet service,No internet service,No internet service,No internet service,No internet service,No internet service,One year,Yes,Electronic check,24.48,37.25,0
1766-CWJSE,Female,0,Yes,No,9,Yes,Yes,DSL,Yes,Yes,No,No,Yes,No,One year,Yes,Credit card (automatic),70.7,654.16,1
1221-GNCMM,Female,0,No,No,50,Yes,Yes,No,No internet service,No internet service,No internet service,No internet service,No internet service,No internet service,Month-to-month,Yes,Electronic check,24.62,1250.29,1
3751-JBFHD,Female,0,Yes,No,12,Yes,Yes,DSL,No,No,Yes,Yes,Yes,No,Month-to-month,Yes,Electronic check,70.67,851.56,1
7483-YLOHG,Male,0,Yes,Yes,2,Yes,Yes,DSL,Yes,No,Yes,No,Yes,No,Two year,Yes,Electronic check,70.31,162.62,0
3986-NWSNV,Male,0,No,No,8,Yes,No,No,No internet service,No internet service,No internet service,No internet service,No internet service,No internet service,Two year,Yes,Electronic check,18.25,129.26,0
7426-MUASA,Male,0,Yes,No,12,Yes,No,No,No internet service,No internet service,No internet service,No internet service,No internet service,No internet service,Two year,Yes,Bank transfer (automatic),20.39,250.82,0
7858-DJCTI,Male,1,No,Yes,41,No,No phone service,DSL,Yes,Yes,Yes,Yes,No,No,Month-to-month,Yes,Mailed check,66.38,2698.65,0
2721-CFFWY,Male,1,No,No,37,Yes,No,DSL,No,No,No,No,No,No,Month-to-month,Yes,Credit card (automatic),43.05,1603.32,0
2672-LWAPX,Female,0,Yes,No,66,Yes,No,No,No internet service,No internet service,No internet service,No internet service,No internet service,No internet service,Month-to-month,No,Electronic check,26.21,1731.35,0
4085-EIJMO,Male,0,No,No,4,Yes,Yes,DSL,No,No,No,No,No,Yes,Month-to-month,Yes,Mailed check,63.69,279.62,1
6598-LEERL,Male,0,No,No,52,Yes,Yes,DSL,Yes,No,Yes,No,Yes,No,Month-to-month,Yes,Mailed check,69.45,3621.34,0
2732-CZYGQ,Female,1,No,Yes,69,Yes,Yes,DSL,Yes,No,No,No,Yes,Yes,Two year,Yes,Mailed check,82.28,5689.93,0
7580-SRAYX,Male,0,No,No,31,Yes,No,Fiber optic,No,No,Yes,No,No,No,Month-to-month,No,Mailed check,76.71,2362.03,0
8593-EBAGK,Male,0,No,No,5,No,No phone service,No,No internet service,No internet service,No internet service,No internet service,No internet service,No internet service,Two year,No,Mailed check,21.17,111.82,0
6904-KRQBG,Female,0,No,No,69,Yes,Yes,DSL,No,No,Yes,No,No,No,One year,No,Credit card (automatic),49.69,3406.32,1
8701-GJVUC,Female,0,No,No,27,Yes,No,DSL,No,No,No,No,No,No,Month-to-month,No,Mailed check,46.24,1234.72,1
3157-LCKLY,Female,0,No,No,15,Yes,No,Fiber optic,No,No,Yes,Yes,No,No,One year,Yes,Electronic check,91.04,1357.24,1
1119-DYPTR,Male,0,No,No,65,Yes,Yes,Fiber optic,No,No,No,No,No,Yes,Two year,Yes,Electronic check,102.19,6648.5,0
9944-DVFUO,Male,0,No,Yes,5,Yes,No,Fiber optic,No,No,No,Yes,No,Yes,One year,No,Bank transfer (automatic),106.83,529.11,1
5707-ACEVQ,Male,0,No,Yes,12,Yes,Yes,DSL,No,No,No,No,No,Yes,Month-to-month,Yes,Credit card (automatic),64.82,778.41,1
3302-NICZM,Female,0,No,No,60,Yes,No,DSL,No,No,No,Yes,No,No,Month-to-month,No,Bank transfer (automatic),60.88,3671.52,0
9168-CKBXO,Male,1,Yes,No,8,Yes,Yes,DSL,No,No,Yes,No,No,No,One year,No,Electronic check,58.51,478.63,1
2616-MSVPR,Male,0,Yes,Yes,40,Yes,Yes,DSL,Yes,No,No,Yes,No,No,Two year,Yes,Mailed check,70.15,2793.47,0
9563-GMDIJ,Male,0,Yes,Yes,5,Yes,Yes,DSL,No,Yes,Yes,Yes,No,No,Month-to-month,Yes,Bank transfer (automatic),62.67,298.91,1
8500-IGOHS,Male,0,No,No,52,Yes,No,No,No internet service,No internet service,No internet service,No internet service,No internet service,No internet service,One year,No,Bank transfer (automatic),22.04,1138.62,0
4884-KEBJP,Female,0,No,Yes,60,Yes,No,DSL,No,No,No,No,No,No,Month-to-month,Yes,Electronic check,44.39,2668.48,1
7390-WMHIK,Female,0,No,No,3,No,No phone service,No,No internet service,No internet service,No internet service,No internet service,No internet service,No internet service,One year,No,Bank transfer (automatic),18.25,49.5,0
9013-KWZPJ,Female,0,No,No,1,Yes,No,Fiber optic,No,No,No,No,No,Yes,One year,Yes,Electronic check,90.51,93.83,1
9570-XLYFL,Female,0,Yes,No,48,Yes,Yes,No,No internet service,No internet service,No internet service,No internet service,No internet service,No internet service,Month-to-month,No,Bank transfer (automatic),29.68,1449.49,0
9990-JRRDI,Male,0,Yes,No,7,Yes,Yes,DSL,No,Yes,No,No,Yes,Yes,One year,Yes,Electronic check,71.04,485.5,1
2328-GRHKG,Female,1,No,No,47,Yes,Yes,DSL,No,Yes,No,Yes,No,Yes,Month-to-month,Yes,Credit card (automatic),73.53,3459.18,1
4781-IHCQB,Male,0,Yes,Yes,71,Yes,No,DSL,Yes,No,Yes,No,No,No,Month-to-month,No,Mailed check,56.55,3986.89,1
7050-ONRPT,Female,0,Yes,No,70,No,No phone service,Fiber optic,No,No,No,Yes,Yes,No,Two year,Yes,Electronic check,98.93,6928.54,1
9641-VDYTF,Female,0,No,No,6,Yes,Yes,DSL,No,No,Yes,Yes,No,Yes,Month-to-month,No,Credit card (automatic),67.59,408.52,1
1076-FZKZQ,Male,0,Yes,No,8,Yes,Yes,No,No internet service,No internet service,No internet service,No internet service,No internet service,No internet service,Month-to-month,Yes,Bank transfer (automatic),18.25,151.84,1
9504-XCMVC,Male,0,No,No,7,Yes,Yes,Fiber optic,No,No,No,No,No,Yes,One year,No,Mailed check,101.17,703.84,1
6386-POKRO,Female,0,Yes,No,12,Yes,No,Fiber optic,No,No,No,No,Yes,No,Month-to-month,No,Mailed check,96.06,1165.95,1
4027-EPPQI,Male,0,No,Yes,2,Yes,Yes,Fiber optic,No,No,Yes,Yes,No,No,Month-to-month,Yes,Mailed check,84.39,159.25,1
8054-WCTMV,Female,0,No,No,64,Yes,No,DSL,No,No,No,No,Yes,No,Two year,No,Mailed check,63.11,4048.71,0
4122-CGFIL,Male,0,No,No,47,Yes,No,DSL,No,No,Yes,Yes,No,Yes,Month-to-month,Yes,Electronic check,63.29,2978.56,1
9714-OUTCJ,Female,0,Yes,No,59,Yes,Yes,Fiber optic,No,No,No,Yes,No,No,Two year,Yes,Mailed check,82.86,4870.91,0
2992-ASSWW,Female,0,No,Yes,61,No,No phone service,DSL,No,No,No,No,Yes,No,Month-to-month,No,Credit card (automatic),59.18,3608.77,1
3510-MLASX,Female,0,Yes,No,30,Yes,Yes,No,No internet service,No internet service,No internet service,No internet service,No internet service,No internet service,Month-to-month,Yes,Electronic check,26.11,784.36,1
8407-PYWWO,Female,0,Yes,No,57,Yes,Yes,No,No internet service,No internet service,No internet service,No internet service,No internet service,No internet service,Month-to-month,Yes,Mailed check,22.33,1254.83,0
4312-PKXFK,Male,0,Yes,No,30,Yes,Yes,Fiber optic,No,No,Yes,No,No,No,Month-to-month,No,Credit card (automatic),76.89,2302.24,1
4912-COAGA,Male,0,No,Yes,16,No,No phone service,Fiber optic,Yes,No,No,No,No,No,Month-to-month,Yes,Bank transfer (automatic),88.58,1430.43,1
8318-QIZWM,Female,1,No,No,56,Yes,Yes,Fiber optic,No,Yes,No,No,No,No,Month-to-month,No,Credit card (automatic),83.25,4679.56,1
8631-KTFAG,Female,0,No,No,8,Yes,No,Fiber optic,No,No,Yes,Yes,No,No,One year,No,Bank transfer (automatic),87.88,684.33,1
7946-LVTWS,Female,1,No,No,11,Yes,No,Fiber optic,No,No,No,No,Yes,No,Two year,No,Electronic check,102.03,1111.46,1
7756-QDCAR,Male,0,Yes,Yes,63,Yes,Yes,DSL,Yes,Yes,Yes,No,Yes,Yes,Month-to-month,Yes,Electronic check,77.49,4875.54,0
6286-UOHAT,Female,0,No,No,33,No,No phone service,Fiber optic,No,Yes,No,No,Yes,Yes,Month-to-month,Yes,Credit card (automatic),106.76,3534.46,0
8456-NDEWM,Male,0,Yes,No,4,Yes,No,No,No internet service,No internet service,No internet service,No internet service,No internet service,No internet service,One year,No,Credit card (automatic),22.59,99.61,1
2502-XOFAW,Male,0,Yes,Yes,36,Yes,No,Fiber optic,Yes,No,No,No,Yes,Yes,Month-to-month,No,Mailed check,118.75,4266.74,1
7004-SMFOP,Female,0,Yes,No,1,Yes,No,DSL,No,No,Yes,No,No,No,One year,No,Mailed check,49.51,67.13,0
3580-XWPJV,Male,0,Yes,No,60,Yes,No,DSL,No,No,Yes,No,No,No,Two year,Yes,Bank transfer (automatic),50.1,3010.83,0
7998-IIQQQ,Female,0,No,No,62,Yes,Yes,Fiber optic,No,No,No,No,No,Yes,Two year,Yes,Credit card (automatic),107.6,6682.92,0
7336-XLMLN,Female,0,Yes,No,11,Yes,No,No,No internet service,No internet service,No internet service,No internet service,No internet service,No internet service,Month-to-month,Yes,Mailed check,18.25,221.77,0
2729-JWSBD,Male,0,Yes,No,67,Yes,No,No,No internet service,No internet service,No internet service,No internet service,No internet service,No internet service,Two year,No,Bank transfer (automatic),20.54,1389.49,0
5161-SGZOO,Male,0,No,No,1,Yes,No,No,No internet service,No internet service,No internet service,No internet service,No internet service,No internet service,Two year,No,Electronic check,18.25,18.25,0
5535-XFCFP,Female,0,Yes,Yes,51,Yes,Yes,No,No internet service,No internet service,No internet service,No internet service,No internet service,No internet service,Two year,No,Mailed check,27.19,1368.7,0
9474-BGKZG,Male,0,Yes,No,71,Yes,No,DSL,No,No,No,Yes,No,No,Two year,Yes,Electronic check,60.34,4289.98,0
2199-DXTGD,Male,0,No,No,6,Yes,No,DSL,Yes,No,Yes,No,Yes,No,Month-to-month,No,Electronic check,62.6,380.84,1
4123-LEWZS,Male,0,Yes,Yes,45,No,No phone service,Fiber optic,No,No,No,No,No,No,Two year,Yes,Bank transfer (automatic),80.97,3654.37,1
2339-ZESUC,Female,0,No,No,53,Yes,Yes,Fiber optic,No,No,No,No,Yes,Yes,One year,Yes,Bank transfer (automatic),100.12,5319.38,1
2775-ZKGQY,Female,0,Yes,No,36,No,No phone service,DSL,No,No,Yes,Yes,No,No,Month-to-month,No,Electronic check,58.48,2093.82,1
7983-IUIJM,Male,0,Yes,No,60,No,No phone service,DSL,No,Yes,No,Yes,No,No,Month-to-month,Yes,Electronic check,66.4,3992.56,1
6464-OVECH,Female,0,No,No,60,Yes,Yes,Fiber optic,Yes,No,Yes,No,Yes,No,Month-to-month,No,Bank transfer (automatic),98.62,5900.98,1
7859-TJMCV,Female,0,Yes,No,32,Yes,Yes,DSL,No,Yes,No,Yes,No,No,One year,No,Bank transfer (automatic),58.4,1882.78,1
1304-HIVUL,Male,1,Yes,Yes,36,Yes,Yes,Fiber optic,No,Yes,Yes,Yes,Yes,Yes,Two year,No,Credit card (automatic),118.75,4257.81,0
9782-KBRIB,Male,0,Yes,No,63,No,No phone service,DSL,No,No,No,Yes,Yes,No,Month-to-month,No,Electronic check,66.09,4171.56,1
6766-BCPSD,Male,0,Yes,No,40,No,No phone service,No,No internet service,No internet service,No internet service,No internet service,No internet service,No internet service,One year,No,Bank transfer (automatic),29.86,1188.95,0
5231-WYRTY,Female,1,No,No,6,No,No phone service,No,No internet service,No internet service,No internet service,No internet service,No internet service,No internet service,Month-to-month,Yes,Electronic check,28.21,177.1,1
5013-RJKQZ,Female,0,Yes,No,10,No,No phone service,No,No internet service,No internet service,No internet service,No internet service,No internet service,No internet service,One year,No,Electronic check,18.25,165.29,0
8338-XYWXT,Male,0,Yes,No,56,Yes,No,No,No internet service,No internet service,No internet service,No internet service,No internet service,No internet service,Two year,Yes,Mailed check,19.1,1084.63,0
5192-PTMBX,Female,0,No,No,59,Yes,No,Fiber optic,No,No,No,No,No,No,Month-to-month,Yes,Credit card (automatic),82.13,4862.42,0
7782-BYNDQ,Female,0,Yes,No,57,Yes,No,DSL,No,No,No,Yes,Yes,No,Month-to-month,Yes,Electronic check,68.39,3889.93,0
6587-MDCLV,Female,0,Yes,Yes,40,Yes,No,Fiber optic,No,No,No,No,No,No,Month-to-month,Yes,Electronic check,80.74,3223.38,1
6566-WHBFV,Male,0,No,No,12,Yes,No,Fiber optic,No,Yes,No,No,No,No,Two year,No,Bank transfer (automatic),82.76,988.6,1
4855-JLUJJ,Female,0,No,No,43,Yes,Yes,DSL,No,No,Yes,Yes,No,Yes,Two year,Yes,Mailed check,74.25,3203.65,1
7516-WCTJI,Female,0,Yes,No,6,Yes,Yes,Fiber optic,Yes,Yes,Yes,No,Yes,No,Month-to-month,Yes,Mailed check,105.38,635.03,1
2691-TSNBE,Male,0,Yes,No,24,Yes,No,Fiber optic,Yes,No,No,No,Yes,No,Month-to-month,Yes,Bank transfer (automatic),99.61,2401.02,1
4844-THGFK,Female,0,Yes,No,1,Yes,Yes,Fiber optic,No,No,No,Yes,Yes,Yes,One year,Yes,Electronic check,98.84,98.84,1
5715-LRSJY,Female,0,Yes,No,2,Yes,Yes,DSL,No,No,No,Yes,No,No,Month-to-month,No,Electronic check,54.09,110.34,1
6627-YUNCR,Male,0,Yes,No,27,Yes,No,Fiber optic,Yes,No,Yes,No,Yes,No,One year,Yes,Bank transfer (automatic),101.03,2745.6,1
3543-XOFJL,Female,0,Yes,No,60,Yes,No,No,No internet service,No internet service,No internet service,No internet service,No internet service,No internet service,One year,Yes,Electronic check,18.25,1114.47,0
2918-GQAZR,Male,1,Yes,No,49,Yes,No,No,No internet service,No internet service,No internet service,No internet service,No internet service,No internet service,Month-to-month,Yes,Mailed check,18.25,902.98,0
4617-ZOSAE,Female,0,Yes,Yes,46,Yes,No,Fiber optic,Yes,No,No,No,Yes,No,Month-to-month,Yes,Bank transfer (automatic),104.05,4792.96,1
4567-OCAHL,Female,0,Yes,No,63,Yes,No,No,No internet service,No internet service,No internet service,No internet service,No internet service,No internet service,Month-to-month,No,Mailed check,18.25,1161.03,0
5709-VYSYY,Male,0,No,No,5,Yes,No,Fiber optic,No,Yes,Yes,No,Yes,No,Month-to-month,Yes,Mailed check,92.24,442.79,1
8278-LMASF,Male,0,Yes,Yes,53,Yes,Yes,DSL,No,No,No,Yes,No,Yes,Month-to-month,No,Electronic check,71.0,3791.04,1
4002-HDEYV,Male,0,Yes,No,6,Yes,No,No,No internet service,No internet service,No internet service,No internet service,No internet service,No internet service,Two year,Yes,Electronic check,18.25,73.6,0
3484-GWDTD,Female,0,Yes,Yes,15,Yes,Yes,No,No internet service,No internet service,No internet service,No internet service,No internet service,No internet service,Two year,Yes,Electronic check,19.22,293.47,0
5489-OUEXI,Female,0,Yes,Yes,10,Yes,No,Fiber optic,No,No,No,No,No,No,Month-to-month,No,Mailed check,93.6,935.99,1
5395-BGQPQ,Male,0,No,No,11,Yes,Yes,DSL,Yes,No,Yes,Yes,No,Yes,One year,No,Mailed check,79.42,866.05,1
5077-TZWBK,Male,1,No,No,7,Yes,No,DSL,No,No,No,No,No,No,Month-to-month,No,Credit card (automatic),49.04,340.31,1
5417-BAZBW,Male,1,Yes,Yes,2,No,No phone service,DSL,No,No,No,No,No,No,Two year,No,Mailed check,53.23,119.18,0
9217-IVZBO,Female,0,Yes,Yes,71,Yes,No,Fiber optic,Yes,No,Yes,No,No,Yes,Month-to-month,No,Credit card (automatic),107.97,7661.3,1
5951-JOJYW,Female,0,No,Yes,28,Yes,Yes,DSL,Yes,No,No,Yes,No,No,One year,No,Electronic check,75.97,2149.23,1
3855-QIRDI,Male,0,Yes,No,33,Yes,Yes,DSL,No,Yes,No,Yes,No,No,Month-to-month,No,Mailed check,57.56,1933.76,0
6825-PDPSA,Female,0,No,Yes,3,Yes,No,DSL,No,No,Yes,No,Yes,No,Month-to-month,No,Bank transfer (automatic),62.0,181.84,1
9588-WFJPD,Female,0,Yes,No,63,Yes,Yes,Fiber optic,No,Yes,Yes,No,Yes,No,Month-to-month,No,Bank transfer (automatic),100.23,6324.37,0
5996-VVMPT,Female,0,No,Yes,11,Yes,No,Fiber optic,No,No,No,Yes,No,No,Two year,Yes,Bank transfer (automatic),95.86,1058.14,1
8778-FZKXC,Male,0,Yes,Yes,20,Yes,Yes,No,No internet service,No internet service,No internet service,No internet service,No internet service,No internet service,One year,Yes,Electronic check,26.3,536.03,0
6067-TJATK,Female,0,Yes,No,64,Yes,No,Fiber optic,No,No,No,Yes,No,Yes,Two year,Yes,Bank transfer (automatic),96.19,6148.01,0
2071-ZZLNY,Male,0,Yes,No,69,Yes,Yes,No,No internet service,No internet service,No internet service,No internet service,No internet service,No internet service,Month-to-month,No,Electronic check,18.25,1249.18,0
5955-HKDGJ,Male,0,No,No,55,Yes,No,Fiber optic,No,Yes,No,No,No,No,Month-to-month,Yes,Electronic check,89.31,4927.23,1
6708-SYZDB,Male,1,No,Yes,18,Yes,No,Fiber optic,Yes,No,Yes,No,No,No,Month-to-month,Yes,Mailed check,88.24,1599.29,1
1037-ZURNZ,Male,1,No,Yes,46,No,No phone service,DSL,Yes,No,No,No,No,Yes,Month-to-month,Yes,Mailed check,74.49,3422.11,1
8647-PVKJQ,Male,0,Yes,No,43,Yes,No,Fiber optic,No,Yes,Yes,Yes,Yes,Yes,Two year,No,Electronic check,115.33,4962.28,1
2149-NVDSB,Male,0,No,No,38,Yes,Yes,DSL,No,No,No,No,Yes,No,Month-to-month,Yes,Credit card (automatic),65.39,2477.96,0
1019-GISPV,Female,0,Yes,No,12,Yes,Yes,Fiber optic,Yes,Yes,Yes,No,Yes,Yes,Two year,Yes,Credit card (automatic),109.06,1280.06,0
7070-YPRWU,Male,0,No,No,67,Yes,Yes,Fiber optic,Yes,Yes,Yes,No,No,Yes,Month-to-month,Yes,Bank transfer (automatic),103.92,6964.49,0
9806-UKGID,Female,0,Yes,No,48,No,No phone service,DSL,No,No,No,No,No,No,Two year,Yes,Electronic check,61.42,2960.89,0
6702-YMZYD,Female,0,No,No,18,Yes,No,Fiber optic,Yes,No,No,No,Yes,No,Two year,Yes,Electronic check,100.98,1822.21,1
2084-SBILB,Female,0,No,No,64,Yes,Yes,No,No internet service,No internet service,No internet service,No internet service,No internet service,No internet service,Two year,No,Electronic check,25.27,1616.46,0
7297-FEETV,Female,0,No,No,24,Yes,Yes,DSL,Yes,No,Yes,No,Yes,Yes,Two year,Yes,Mailed check,80.06,1902.15,1
1965-EDIVJ,Male,0,No,Yes,5,Yes,Yes,DSL,Yes,No,Yes,No,No,No,One year,Yes,Credit card (automatic),65.76,347.69,1
1538-PJJSJ,Female,0,Yes,No,2,Yes,No,Fiber optic,No,No,Yes,No,No,No,Two year,No,Electronic check,77.42,158.67,1
1736-FQEZF,Male,0,No,No,2,Yes,No,Fiber optic,No,Yes,No,No,No,No,Two year,Yes,Mailed check,77.58,192.31,1
7721-XOYSR,Male,1,No,No,68,Yes,No,Fiber optic,Yes,No,No,No,No,Yes,Month-to-month,Yes,Credit card (automatic),99.88,6797.45,1
5196-DHPXS,Female,0,Yes,No,61,Yes,No,DSL,No,Yes,Yes,No,Yes,No,One year,Yes,Mailed check,67.05,4101.75,0
1747-TCJBD,Male,0,No,Yes,51,Yes,No,DSL,Yes,Yes,Yes,No,No,Yes,Two year,Yes,Credit card (automatic),75.36,3836.33,0
9046-FKNPU,Female,0,No,No,6,Yes,No,DSL,No,Yes,No,No,Yes,No,One year,Yes,Electronic check,65.97,411.93,1
7660-SBYQI,Male,0,Yes,Yes,57,Yes,No,DSL,Yes,Yes,No,No,No,No,Month-to-month,No,Bank transfer (automatic),62.53,3542.27,0
6407-QOGVW,Male,0,No,No,65,Yes,Yes,No,No internet service,No internet service,No internet service,No internet service,No internet service,No internet service,One year,Yes,Electronic check,18.25,1189.14,0
3166-SCADR,Male,0,No,No,8,Yes,Yes,DSL,No,Yes,Yes,No,No,No,Month-to-month,No,Electronic check,43.09,342.3,1
5190-ZHSWW,Female,0,No,Yes,40,Yes,No,DSL,No,No,Yes,Yes,Yes,No,Two year,Yes,Electronic check,78.5,3144.63,0
1346-YFAHA,Female,0,Yes,No,12,Yes,Yes,No,No internet service,No internet service,No internet service,No internet service,No internet service,No internet service,One year,Yes,Electronic check,18.25,200.21,0
1940-SKUXY,Male,0,Yes,No,1,Yes,No,No,No internet service,No internet service,No internet service,No internet service,No internet service,No internet service,Month-to-month,No,Electronic check,25.84,25.85,0
6431-OWYKS,Male,0,Yes,No,63,Yes,No,DSL,Yes,Yes,Yes,Yes,Yes,Yes,Month-to-month,Yes,Electronic check,99.29,6253.89,1
3124-UJXLA,Female,1,No,No,56,Yes,No,Fiber optic,Yes,Yes,Yes,Yes,Yes,Yes,Two year,Yes,Credit card (automatic),113.85,6404.95,0
3252-XGQZJ,Male,0,No,No,69,Yes,No,Fiber optic,Yes,Yes,No,Yes,No,No,Month-to-month,Yes,Electronic check,99.06,6817.69,1
7338-FQRER,Female,0,No,No,20,Yes,Yes,DSL,No,No,No,No,No,No,Month-to-month,Yes,Credit card (automatic),54.29,1103.05,1
5477-ZQVPH,Female,0,Yes,No,29,Yes,Yes,Fiber optic,No,No,No,Yes,No,No,Month-to-month,No,Mailed check,97.56,2824.05,1
4746-XMXPK,Female,0,No,No,16,Yes,Yes,No,No internet service,No internet service,No internet service,No internet service,No internet service,No internet service,Month-to-month,No,Mailed check,18.25,301.77,1
7219-FCARE,Female,0,Yes,Yes,8,Yes,Yes,Fiber optic,No,No,Yes,Yes,Yes,No,Month-to-month,Yes,Electronic check,104.0,819.01,1
7026-MJEZN,Male,0,No,Yes,13,Yes,Yes,Fiber optic,No,No,Yes,Yes,No,Yes,Month-to-month,Yes,Electronic check,99.51,1285.22,0
2057-QAYBG,Female,0,No,No,2,Yes,Yes,Fiber optic,No,No,Yes,No,No,Yes,Month-to-month,No,Electronic check,94.53,192.26,1
4299-JTGXP,Female,0,No,No,16,Yes,Yes,Fiber optic,No,Yes,No,Yes,Yes,Yes,Month-to-month,Yes,Bank transfer (automatic),117.15,1853.61,1
9728-ELQPT,Female,0,No,Yes,69,Yes,Yes,No,No internet service,No internet service,No internet service,No internet service,No internet service,No internet service,Two year,Yes,Bank transfer (automatic),21.75,1502.77,0
8717-ZPSZO,Female,0,Yes,No,31,Yes,Yes,DSL,No,No,No,No,Yes,Yes,Month-to-month,No,Bank transfer (automatic),84.79,2620.99,1
2313-LUJZV,Male,0,No,Yes,10,Yes,No,No,No internet service,No internet service,No internet service,No internet service,No internet service,No internet service,Month-to-month,No,Mailed check,18.69,196.34,1
5296-BGMCO,Female,0,Yes,No,5,Yes,No,No,No internet service,No internet service,No internet service,No internet service,No internet service,No internet service,One year,Yes,Electronic check,20.9,62.66,1
5626-AZCYJ,Male,0,No,No,12,Yes,Yes,DSL,No,No,No,No,Yes,No,Two year,Yes,Credit card (automatic),58.14,705.03,1
9966-OVFTO,Female,0,Yes,Yes,62,Yes,No,DSL,No,No,Yes,No,Yes,No,One year,Yes,Bank transfer (automatic),58.9,3656.06,0
9947-XUGYU,Female,0,No,Yes,29,Yes,Yes,Fiber optic,No,No,No,No,No,No,Month-to-month,Yes,Mailed check,87.46,2514.24,1
7583-EDVRC,Male,0,No,No,4,Yes,No,Fiber optic,No,Yes,No,No,Yes,No,One year,Yes,Electronic check,94.03,363.04,1
4787-QRRXX,Female,0,Yes,No,62,Yes,Yes,No,No internet service,No internet service,No internet service,No internet service,No internet service,No internet service,Month-to-month,Yes,Bank transfer (automatic),22.82,1453.48,1
4071-BMVOE,Male,0,No,No,64,Yes,No,DSL,No,No,Yes,Yes,No,No,Two year,Yes,Electronic check,52.32,3314.72,0
2052-CEEEC,Female,0,No,No,53,No,No phone service,Fiber optic,No,No,Yes,Yes,No,Yes,One year,Yes,Mailed check,93.02,4957.97,0
7147-CTWRZ,Male,0,Yes,No,12,Yes,Yes,Fiber optic,No,No,Yes,Yes,Yes,No,Two year,No,Mailed check,93.54,1113.65,0
7889-TDAZP,Male,0,No,No,10,Yes,No,Fiber optic,Yes,No,Yes,No,Yes,Yes,Two year,No,Electronic check,117.94,1185.03,0
6316-HQHGY,Male,0,Yes,No,5,Yes,No,Fiber optic,Yes,Yes,No,No,No,No,Month-to-month,No,Bank transfer (automatic),87.74,441.34,1
5863-HUXZL,Male,1,No,No,70,Yes,Yes,Fiber optic,No,No,No,No,Yes,Yes,Two year,No,Mailed check,107.92,7549.43,0
7620-PLSJG,Male,0,No,Yes,20,Yes,No,DSL,No,No,Yes,No,No,No,Two year,Yes,Electronic check,48.41,973.69,1
6219-LTEPI,Female,0,No,Yes,66,Yes,Yes,No,No internet service,No internet service,No internet service,No internet service,No internet service,No internet service,Month-to-month,No,Mailed check,27.65,1817.93,1
7965-GTVZN,Male,0,Yes,No,59,Yes,Yes,DSL,No,Yes,No,No,Yes,No,One year,Yes,Electronic check,58.81,3474.25,0
1333-KGJID,Male,0,Yes,No,3,Yes,Yes,DSL,No,Yes,No,No,Yes,No,Month-to-month,Yes,Credit card (automatic),60.24,181.78,1
5354-PJSXQ,Female,0,No,No,22,Yes,No,Fiber optic,No,No,No,Yes,No,No,Month-to-month,Yes,Bank transfer (automatic),91.43,1977.86,1
5907-IMABM,Male,0,No,No,41,Yes,Yes,Fiber optic,No,No,No,No,Yes,Yes,Month-to-month,No,Electronic check,95.41,3888.14,1
8028-XIGPS,Female,0,No,No,42,Yes,No,Fiber optic,Yes,No,No,No,No,Yes,Month-to-month,Yes,Mailed check,101.68,4255.71,1
9801-GFRSK,Female,1,Yes,No,6,No,No phone service,Fiber optic,No,Yes,Yes,Yes,No,Yes,One year,No,Mailed check,104.49,640.64,1
8661-LZJML,Male,0,No,No,8,Yes,No,Fiber optic,No,No,No,No,No,No,One year,Yes,Bank transfer (automatic),80.98,686.21,1
9097-UJTRD,Male,0,Yes,No,9,Yes,Yes,Fiber optic,No,Yes,Yes,Yes,Yes,No,Month-to-month,Yes,Bank transfer (automatic),105.17,945.96,1
9032-XEELZ,Male,1,No,No,9,Yes,Yes,DSL,No,Yes,No,Yes,No,Yes,Month-to-month,No,Mailed check,74.65,668.48,1
7112-CHVBR,Male,0,Yes,No,26,Yes,No,No,No internet service,No internet service,No internet service,No internet service,No internet service,No internet service,One year,No,Bank transfer (automatic),22.66,589.73,0
3002-IMGJI,Male,1,No,Yes,42,Yes,Yes,Fiber optic,Yes,No,Yes,No,Yes,No,Month-to-month,No,Electronic check,88.22,3712.77,1
9922-VOELA,Male,0,Yes,Yes,2,Yes,Yes,DSL,Yes,Yes,Yes,No,Yes,No,Month-to-month,Yes,Electronic check,73.02,151.94,1
2055-LVFSS,Female,1,Yes,Yes,9,No,No phone service,Fiber optic,No,No,No,No,No,Yes,Two year,Yes,Electronic check,99.88,914.88,1
3794-PSCWJ,Female,1,No,No,1,Yes,No,No,No internet service,No internet service,No internet service,No internet service,No internet service,No internet service,Month-to-month,Yes,Credit card (automatic),18.25,18.25,1
4544-RZMZR,Female,1,No,No,41,Yes,Yes,DSL,No,Yes,No,Yes,Yes,No,Two year,No,Mailed check,70.73,2905.43,0
7412-CZWCW,Female,0,No,No,5,Yes,Yes,DSL,Yes,No,No,No,No,No,Two year,Yes,Credit card (automatic),53.43,260.98,0
6554-YZLTG,Male,1,No,No,43,Yes,No,Fiber optic,No,Yes,No,Yes,No,No,Month-to-month,No,Mailed check,90.22,3853.76,1
4413-YXHIN,Male,0,Yes,Yes,59,Yes,No,DSL,No,No,No,No,No,No,Month-to-month,Yes,Credit card (automatic),42.58,2513.64,0
6458-EUSUP,Female,0,No,No,60,Yes,No,No,No internet service,No internet service,No internet service,No internet service,No internet service,No internet service,Month-to-month,No,Electronic check,18.25,1108.71,0
3867-XLUDH,Male,0,No,Yes,70,Yes,Yes,Fiber optic,No,No,Yes,No,No,No,Month-to-month,No,Credit card (automatic),84.15,5886.69,1
4994-GOFEN,Male,0,Yes,Yes,12,Yes,Yes,DSL,No,No,No,No,Yes,Yes,One year,Yes,Credit card (automatic),66.89,797.45,0
1668-UMJRD,Female,0,Yes,No,4,Yes,No,No,No internet service,No internet service,No internet service,No internet service,No internet service,No internet service,Month-to-month,Yes,Credit card (automatic),21.26,75.64,1
1023-HXKQR,Female,0,Yes,Yes,39,Yes,No,Fiber optic,No,Yes,No,Yes,Yes,Yes,Two year,Yes,Electronic check,116.74,4544.33,0
2383-UYZKP,Female,1,Yes,No,3,Yes,Yes,No,No internet service,No internet service,No internet service,No internet service,No internet service,No internet service,Month-to-month,No,Bank transfer (automatic),20.11,75.01,1
5372-LMPWZ,Female,0,Yes,No,7,Yes,No,Fiber optic,No,No,Yes,Yes,No,No,Month-to-month,Yes,Electronic check,86.29,606.23,1
4518-UAPOF,Male,1,No,No,64,Yes,No,Fiber optic,No,No,Yes,No,Yes,No,Two year,Yes,Electronic check,95.25,6099.75,1
8250-LHGBL,Female,0,No,Yes,3,Yes,No,Fiber optic,No,No,No,No,Yes,Yes,Month-to-month,No,Electronic check,109.04,319.05,1
2277-UNPKT,Male,0,Yes,Yes,61,Yes,Yes,Fiber optic,No,No,Yes,No,No,Yes,One year,Yes,Bank transfer (automatic),91.3,5555.01,0
1994-IJQLF,Female,0,No,No,7,Yes,Yes,DSL,No,No,No,No,Yes,No,Two year,Yes,Electronic check,58.7,395.65,1
5290-SKIUF,Female,0,No,No,70,Yes,No,No,No internet service,No internet service,No internet service,No internet service,No internet service,No internet service,Month-to-month,Yes,Electronic check,18.25,1279.03,1
2421-YYXYP,Female,0,No,No,49,Yes,No,DSL,No,Yes,No,Yes,No,No,Month-to-month,Yes,Mailed check,51.08,2492.54,1
3098-TPFEU,Male,0,Yes,No,64,No,No phone service,Fiber optic,No,No,Yes,No,Yes,No,Month-to-month,No,Electronic check,93.48,5988.26,1
7466-DBFIQ,Male,0,No,No,69,Yes,No,DSL,Yes,Yes,No,No,No,No,Month-to-month,Yes,Bank transfer (automatic),59.09,4082.49,1
9273-NGVSA,Male,0,Yes,Yes,72,Yes,No,No,No internet service,No internet service,No internet service,No internet service,No internet service,No internet service,Month-to-month,No,Mailed check,22.32,1613.86,1
5660-TYORC,Male,0,No,Yes,34,No,No phone service,Fiber optic,Yes,Yes,No,Yes,No,No,Two year,Yes,Electronic check,100.0,3384.6,1
8224-RBJKX,Female,0,Yes,No,16,No,No phone service,No,No internet service,No internet service,No internet service,No internet service,No internet service,No internet service,Month-to-month,Yes,Electronic check,20.93,366.99,1
5504-CGHSR,Female,0,No,Yes,62,Yes,No,Fiber optic,No,Yes,No,No,No,No,Two year,Yes,Electronic check,84.57,5252.9,0
9023-MMXSW,Female,0,No,No,5,Yes,Yes,No,No internet service,No internet service,No internet service,No internet service,No internet service,No internet service,Month-to-month,No,Electronic check,28.53,142.01,1
5953-LQVLM,Female,0,Yes,No,1,Yes,No,Fiber optic,Yes,No,Yes,No,No,No,Two year,No,Mailed check,88.32,88.32,1
1932-YLSNG,Male,0,Yes,Yes,54,Yes,Yes,Fiber optic,Yes,No,No,No,No,No,One year,Yes,Electronic check,87.34,4709.49,0
8756-MFXSS,Female,1,No,No,5,Yes,No,Fiber optic,No,Yes,No,Yes,No,No,Two year,Yes,Electronic check,96.81,447.52,0
9078-DSIPD,Female,0,No,No,7,Yes,No,DSL,No,Yes,No,No,No,Yes,Two year,Yes,Credit card (automatic),59.83,402.98,1
2315-FHXPE,Female,0,No,No,65,Yes,No,Fiber optic,No,No,No,Yes,Yes,No,Two year,Yes,Credit card (automatic),97.8,6359.46,0
3673-UVJWM,Male,0,No,No,4,Yes,Yes,No,No internet service,No internet service,No internet service,No internet service,No internet service,No internet service,Month-to-month,Yes,Bank transfer (automatic),18.25,60.0,1
3063-ZNGTF,Male,1,Yes,Yes,2,Yes,No,Fiber optic,No,Yes,Yes,No,No,No,One year,No,Bank transfer (automatic),76.07,159.93,1
1496-GEURW,Male,0,Yes,No,12,Yes,Yes,No,No internet service,No internet service,No internet service,No internet service,No internet service,No internet service,Month-to-month,No,Electronic check,18.25,217.91,0
7273-LFADS,Female,0,No,No,15,Yes,No,DSL,Yes,Yes,Yes,Yes,Yes,Yes,Month-to-month,Yes,Electronic check,94.26,1430.68,1
3006-LOCWZ,Male,0,Yes,No,12,Yes,No,Fiber optic,Yes,Yes,No,No,Yes,No,Month-to-month,Yes,Electronic check,104.21,1261.8,1
4185-THKPI,Male,0,No,No,7,Yes,Yes,DSL,No,Yes,No,No,Yes,Yes,Two year,Yes,Mailed check,76.98,524.44,0
8597-CETNZ,Female,0,No,No,60,Yes,No,Fiber optic,No,Yes,Yes,No,No,No,Month-to-month,Yes,Credit card (automatic),73.31,4404.34,1
1033-OFZDH,Male,0,No,No,14,Yes,No,No,No internet service,No internet service,No internet service,No internet service,No internet service,No internet service,Two year,No,Credit card (automatic),19.93,283.52,0
3522-SEMPA,Female,0,Yes,Yes,28,Yes,Yes,Fiber optic,No,Yes,No,No,No,Yes,Two year,No,Bank transfer (automatic),97.99,2744.02,1
1050-MVKUH,Female,0,Yes,No,11,Yes,Yes,DSL,No,Yes,Yes,No,No,No,Month-to-month,No,Electronic check,46.65,516.33,1
8163-YHXNM,Male,0,No,No,33,Yes,No,DSL,Yes,No,No,No,No,No,Month-to-month,Yes,Credit card (automatic),58.63,1963.77,0
6065-CDTOO,Female,0,Yes,No,1,Yes,No,Fiber optic,No,No,Yes,No,Yes,Yes,Month-to-month,Yes,Bank transfer (automatic),115.13,115.64,1
3333-UMIYJ,Female,0,Yes,No,10,Yes,No,Fiber optic,No,Yes,No,No,No,No,One year,Yes,Electronic check,78.8,799.13,1
4269-LNANN,Female,1,No,No,32,Yes,No,DSL,No,Yes,No,Yes,No,Yes,Month-to-month,No,Mailed check,77.33,2479.07,1
5228-HPNAP,Female,1,Yes,Yes,1,Yes,Yes,Fiber optic,No,No,Yes,No,No,No,Month-to-month,Yes,Credit card (automatic),76.09,76.09,1
1500-RGOXQ,Male,0,Yes,No,64,Yes,No,Fiber optic,No,Yes,No,No,No,Yes,Month-to-month,Yes,Credit card (automatic),91.05,5823.93,1
4580-SWMIX,Female,0,Yes,No,24,Yes,Yes,DSL,No,No,No,No,Yes,No,Month-to-month,No,Bank transfer (automatic),54.33,1318.89,0
6020-XOYZC,Male,1,Yes,No,53,Yes,Yes,Fiber optic,No,No,No,No,No,Yes,Two year,Yes,Mailed check,99.34,5269.55,0
3481-XAPHW,Female,0,No,No,13,Yes,Yes,Fiber optic,No,No,No,No,No,No,Month-to-month,Yes,Credit card (automatic),83.94,1094.22,1
4509-MHQVW,Female,0,Yes,No,20,Yes,Yes,DSL,No,Yes,No,No,No,No,Month-to-month,No,Electronic check,46.52,930.06,1
4819-NUUGO,Female,0,Yes,No,69,Yes,No,Fiber optic,No,No,Yes,No,No,No,One year,No,Electronic check,73.96,5117.57,0
7775-PSFWA,Female,0,No,No,50,Yes,No,DSL,Yes,No,No,No,Yes,Yes,Month-to-month,No,Mailed check,93.64,4664.43,0
9712-LRPLT,Female,0,No,No,61,Yes,No,Fiber optic,No,No,Yes,No,Yes,No,Month-to-month,Yes,Bank transfer (automatic),94.29,5778.6,1
7686-MHZVA,Female,0,No,No,42,Yes,Yes,Fiber optic,No,Yes,Yes,No,Yes,Yes,Month-to-month,Yes,Electronic check,104.0,4390.89,0
9928-ZUGOV,Female,0,No,Yes,8,Yes,No,No,No internet service,No internet service,No internet service,No internet service,No internet service,No internet service,Month-to-month,No,Mailed check,27.55,212.84,1
9181-MMIXO,Male,0,No,No,6,Yes,Yes,Fiber optic,No,Yes,No,Yes,Yes,No,Month-to-month,No,Electronic check,92.72,562.3,1
7133-DMLEG,Male,1,Yes,No,11,Yes,Yes,DSL,No,No,No,No,No,No,Two year,No,Mailed check,52.21,566.31,1
5885-HEINZ,Male,0,No,Yes,7,Yes,No,No,No internet service,No internet service,No internet service,No internet service,No internet service,No internet service,Two year,No,Electronic check,28.33,222.67,0
1245-LDTHQ,Female,0,Yes,No,8,Yes,Yes,Fiber optic,No,Yes,No,Yes,No,No,Two year,Yes,Bank transfer (automatic),101.03,811.87,1
1149-HUATB,Male,0,No,No,3,No,No phone service,DSL,No,No,No,No,No,Yes,Month-to-month,Yes,Electronic check,60.86,191.11,1
4487-DXUAG,Female,1,Yes,No,12,Yes,Yes,DSL,No,Yes,Yes,No,No,Yes,Two year,Yes,Bank transfer (automatic),68.15,826.63,0
1185-AICLS,Male,0,No,No,65,Yes,Yes,DSL,Yes,No,Yes,Yes,Yes,No,Month-to-month,Yes,Mailed check,85.28,5530.75,0
8000-OVPJV,Male,0,Yes,No,70,Yes,Yes,No,No internet service,No internet service,No internet service,No internet service,No internet service,No internet service,One year,Yes,Bank transfer (automatic),25.39,1771.7,0
7260-FQUVX,Female,0,Yes,No,41,No,No phone service,DSL,No,Yes,Yes,Yes,No,Yes,One year,No,Mailed check,77.2,3148.64,0
6952-QUSRK,Female,0,No,Yes,69,Yes,Yes,Fiber optic,Yes,No,Yes,No,Yes,No,Month-to-month,Yes,Mailed check,110.32,7613.14,1
2614-XGJGE,Female,0,No,No,57,Yes,Yes,Fiber optic,Yes,No,No,No,No,No,Month-to-month,No,Electronic check,88.95,5072.74,1
2022-LPYUR,Female,0,Yes,Yes,5,Yes,No,Fiber optic,No,Yes,No,No,No,No,Month-to-month,Yes,Credit card (automatic),75.55,364.7,1
9186-CTOEM,Female,0,No,Yes,31,Yes,Yes,No,No internet service,No internet service,No internet service,No internet service,No internet service,No internet service,Month-to-month,Yes,Mailed check,18.25,570.3,1
9223-SLWUE,Male,0,Yes,No,13,Yes,No,Fiber optic,No,No,No,No,No,Yes,Month-to-month,Yes,Mailed check,98.2,1280.3,1
5667-FGZJP,Female,0,No,Yes,11,Yes,Yes,Fiber optic,No,Yes,Yes,Yes,No,No,Month-to-month,No,Mailed check,92.18,998.98,1
3874-HIDUU,Female,0,No,Yes,4,Yes,No,DSL,No,No,No,Yes,Yes,No,Month-to-month,Yes,Mailed check,72.66,288.65,1
5450-HYGOU,Female,0,No,No,64,Yes,Yes,Fiber optic,No,Yes,No,No,Yes,No,One year,No,Bank transfer (automatic),94.85,6049.28,1
7817-CQKIE,Male,0,No,No,65,Yes,Yes,Fiber optic,No,No,No,Yes,No,No,Month-to-month,Yes,Electronic check,88.1,5728.84,1
5374-YJOND,Female,0,No,No,55,Yes,Yes,DSL,No,No,No,Yes,No,Yes,Two year,No,Credit card (automatic),65.49,3613.91,0
9850-UTBLA,Male,0,Yes,No,2,Yes,Yes,Fiber optic,No,No,Yes,No,No,No,Two year,Yes,Mailed check,82.19,122.01,0
3088-XTEFX,Male,0,Yes,Yes,9,Yes,No,Fiber optic,No,No,Yes,No,Yes,No,Month-to-month,Yes,Electronic check,85.85,774.52,1
1550-KHGDF,Male,0,Yes,No,66,Yes,No,Fiber optic,No,No,No,No,No,No,Month-to-month,Yes,Electronic check,91.1,6021.21,1
3152-PTONW,Male,0,No,No,10,No,No phone service,Fiber optic,No,Yes,No,Yes,No,Yes,Two year,Yes,Mailed check,86.66,854.52,1
6062-LLPOM,Female,1,No,No,6,Yes,Yes,DSL,No,Yes,No,No,No,No,Month-to-month,Yes,Electronic check,52.04,291.07,0
1017-KQUON,Female,0,No,No,1,Yes,No,Fiber optic,No,No,No,No,Yes,Yes,Month-to-month,No,Credit card (automatic),107.79,109.07,1
8610-JLPOJ,Female,0,Yes,No,9,Yes,Yes,Fiber optic,No,Yes,No,Yes,Yes,Yes,Two year,No,Credit card (automatic),118.75,1054.6,1
8886-DWIUT,Female,0,No,No,58,Yes,Yes,Fiber optic,No,No,No,No,No,No,One year,No,Bank transfer (automatic),83.26,4838.57,0
2068-IUYXT,Male,0,No,No,47,Yes,Yes,DSL,No,Yes,Yes,No,No,No,Month-to-month,No,Credit card (automatic),59.97,2834.31,1
4573-KKGUJ,Male,0,No,No,37,Yes,No,DSL,No,No,Yes,No,Yes,No,One year,Yes,Electronic check,62.65,2295.72,1
4660-DEEKI,Female,0,No,No,2,Yes,No,DSL,No,Yes,No,No,No,No,Two year,Yes,Electronic check,46.03,100.62,1
5594-PIVDB,Female,0,No,Yes,25,Yes,Yes,No,No internet service,No internet service,No internet service,No internet service,No internet service,No internet service,Month-to-month,Yes,Credit card (automatic),20.2,521.5,1
4910-NCRUF,Female,0,No,No,48,Yes,No,Fiber optic,No,Yes,Yes,No,No,No,Month-to-month,Yes,Mailed check,74.79,3584.47,1
3436-KURLE,Male,0,No,Yes,34,Yes,Yes,No,No internet service,No internet service,No internet service,No internet service,No internet service,No internet service,Month-to-month,No,Credit card (automatic),27.12,926.53,1
5514-ITZRS,Male,1,Yes,No,41,Yes,No,No,No internet service,No internet service,No internet service,No internet service,No internet service,No internet service,Two year,Yes,Credit card (automatic),19.81,782.46,0
7492-CIDQQ,Male,0,No,No,11,Yes,Yes,Fiber optic,No,No,Yes,Yes,No,No,Month-to-month,Yes,Electronic check,87.22,948.21,1
5842-WWBII,Female,0,Yes,No,3,Yes,No,Fiber optic,No,No,No,No,No,Yes,One year,No,Electronic check,99.83,319.58,1
6945-EOOCS,Male,0,Yes,Yes,52,Yes,No,DSL,Yes,No,No,No,No,No,Month-to-month,Yes,Credit card (automatic),59.45,3093.36,0
3611-CFDXM,Male,0,No,Yes,62,Yes,No,Fiber optic,No,No,No,Yes,Yes,No,Month-to-month,No,Mailed check,103.65,6430.64,1
5564-MKEAI,Male,0,No,No,53,Yes,No,Fiber optic,No,No,No,No,No,Yes,Two year,Yes,Mailed check,92.79,4928.72,0
4105-QVACO,Female,1,No,No,10,Yes,No,DSL,No,No,Yes,No,No,No,One year,Yes,Mailed check,49.64,473.48,1
3663-ZUZWJ,Male,1,No,Yes,63,Yes,No,DSL,No,No,No,No,No,Yes,Month-to-month,Yes,Bank transfer (automatic),58.03,3657.82,1
6221-HLYVO,Female,0,Yes,No,5,No,No phone service,Fiber optic,No,Yes,Yes,No,No,No,Two year,Yes,Mailed check,88.63,463.19,1
5506-IXYJT,Female,0,No,No,4,Yes,Yes,Fiber optic,Yes,Yes,No,No,No,No,Month-to-month,No,Mailed check,81.16,320.09,1
1168-IOWUU,Female,0,Yes,Yes,60,Yes,No,DSL,No,No,No,No,Yes,Yes,Month-to-month,No,Mailed check,69.66,4186.26,1
5818-ABZSN,Male,0,Yes,Yes,40,Yes,No,No,No internet service,No internet service,No internet service,No internet service,No internet service,No internet service,Month-to-month,Yes,Credit card (automatic),20.78,827.86,1
2452-HFLZO,Female,0,No,No,3,Yes,No,Fiber optic,Yes,No,No,No,Yes,No,Month-to-month,Yes,Mailed check,103.35,314.73,1
9572-NUAKY,Male,0,Yes,Yes,12,Yes,Yes,DSL,No,Yes,No,No,No,No,Month-to-month,Yes,Credit card (automatic),48.36,588.9,0
7192-CSRTB,Male,0,No,No,71,Yes,Yes,DSL,No,Yes,No,No,Yes,No,Two year,No,Mailed check,68.84,4911.12,0
4534-YZGHS,Female,0,No,No,24,Yes,No,Fiber optic,No,No,Yes,No,No,Yes,Month-to-month,No,Bank transfer (automatic),89.49,2172.3,1
6935-VOJVA,Female,0,Yes,No,4,No,No phone service,DSL,No,Yes,No,No,No,Yes,One year,Yes,Bank transfer (automatic),69.32,266.98,1
8744-FMNCK,Female,0,Yes,No,62,Yes,Yes,Fiber optic,Yes,No,No,Yes,No,Yes,Month-to-month,Yes,Mailed check,117.5,7285.04,1
4685-CSJOK,Male,0,Yes,No,63,Yes,No,Fiber optic,No,Yes,No,Yes,No,No,Month-to-month,Yes,Bank transfer (automatic),98.2,6186.81,1
8282-OZXME,Female,1,Yes,No,35,Yes,No,No,No internet service,No internet service,No internet service,No internet service,No internet service,No internet service,Month-to-month,Yes,Electronic check,26.76,943.81,1
5140-DMIYQ,Male,0,Yes,No,12,Yes,No,No,No internet service,No internet service,No internet service,No internet service,No internet service,No internet service,Month-to-month,Yes,Electronic check,18.51,210.16,0
5313-BXEPG,Female,0,No,No,12,Yes,Yes,Fiber optic,Yes,No,No,Yes,No,No,Month-to-month,Yes,Credit card (automatic),95.79,1145.16,1
1718-AZLUK,Male,0,No,Yes,9,Yes,No,DSL,Yes,No,No,No,Yes,No,Month-to-month,Yes,Mailed check,70.53,642.25,1
3249-LSZLL,Female,0,Yes,No,63,Yes,No,Fiber optic,No,Yes,Yes,Yes,No,No,Month-to-month,No,Mailed check,89.63,5669.62,0
8530-NBBYD,Female,0,Yes,No,71,Yes,Yes,DSL,No,No,No,No,No,No,Two year,Yes,Credit card (automatic),51.64,3674.75,1
1487-TWZPJ,Male,0,Yes,No,20,Yes,Yes,Fiber optic,Yes,No,No,No,Yes,Yes,Month-to-month,Yes,Mailed check,113.59,2296.17,1
1960-MBCSF,Female,0,Yes,Yes,48,Yes,Yes,No,No internet service,No internet service,No internet service,No internet service,No internet service,No internet service,Month-to-month,Yes,Bank transfer (automatic),18.25,841.03,1
3860-SUTSH,Female,0,Yes,No,20,Yes,Yes,DSL,Yes,No,Yes,No,No,No,Month-to-month,Yes,Credit card (automatic),56.46,1128.95,0
2426-NJCFO,Female,0,Yes,No,55,No,No phone service,No,No internet service,No internet service,No internet service,No internet service,No internet service,No internet service,Month-to-month,Yes,Credit card (automatic),18.41,1003.65,0
8924-WWRNS,Female,1,No,No,43,Yes,Yes,No,No internet service,No internet service,No internet service,No internet service,No internet service,No internet service,Two year,No,Mailed check,18.25,782.67,0
3213-ZJODW,Male,0,Yes,Yes,65,Yes,No,No,No internet service,No internet service,No internet service,No internet service,No internet service,No internet service,Two year,Yes,Bank transfer (automatic),33.0,2135.39,0
6573-BCGWP,Male,0,Yes,No,1,Yes,No,No,No internet service,No internet service,No internet service,No internet service,No internet service,No internet service,One year,Yes,Mailed check,23.04,35.23,1
3513-JSQSE,Male,0,No,Yes,66,Yes,No,Fiber optic,No,No,No,No,No,No,Month-to-month,Yes,Bank transfer (automatic),83.31,5505.53,0
4260-WTMMK,Male,0,No,Yes,7,Yes,Yes,DSL,No,No,No,Yes,Yes,Yes,Month-to-month,Yes,Bank transfer (automatic),84.48,596.15,1
4279-KPOQV,Male,0,Yes,No,6,Yes,Yes,Fiber optic,No,No,No,No,No,Yes,Month-to-month,Yes,Mailed check,88.87,513.11,1
2595-RSDVV,Female,0,No,No,68,Yes,No,Fiber optic,Yes,No,No,Yes,No,Yes,Month-to-month,No,Electronic check,113.41,7738.59,1
7823-WEGBA,Male,0,No,Yes,16,Yes,No,DSL,No,Yes,No,No,Yes,No,One year,Yes,Bank transfer (automatic),59.88,953.47,0
9355-LJHAL,Female,0,No,Yes,12,Yes,No,Fiber optic,Yes,Yes,No,No,Yes,No,Two year,Yes,Electronic check,112.53,1355.11,1
6736-BJVQZ,Male,1,No,No,31,Yes,No,DSL,No,No,Yes,Yes,Yes,No,Month-to-month,No,Bank transfer (automatic),64.64,2038.9,0
7690-CGLHT,Female,0,Yes,No,5,Yes,No,Fiber optic,No,Yes,No,Yes,No,No,Month-to-month,Yes,Credit card (automatic),90.35,446.65,1
6361-LCQIJ,Male,0,No,No,49,Yes,Yes,No,No internet service,No internet service,No internet service,No internet service,No internet service,No internet service,One year,Yes,Bank transfer (automatic),18.25,896.86,0
8590-VFYAV,Female,0,No,No,52,Yes,Yes,Fiber optic,No,No,Yes,No,No,No,One year,No,Electronic check,83.21,4341.74,1
2608-LEMOV,Male,0,No,No,9,Yes,Yes,Fiber optic,No,No,Yes,Yes,No,No,Month-to-month,Yes,Mailed check,90.01,817.24,1
5347-KHEBL,Female,0,No,No,64,Yes,Yes,Fiber optic,No,Yes,No,No,No,Yes,Month-to-month,No,Mailed check,92.9,5945.37,1
5421-BZPUC,Female,0,No,No,34,Yes,No,DSL,Yes,No,No,Yes,No,No,One year,Yes,Electronic check,56.52,1923.12,0
1353-JSHGA,Female,0,No,No,56,Yes,No,DSL,Yes,Yes,No,No,Yes,No,Month-to-month,Yes,Electronic check,73.5,4103.56,0
5391-LEPYD,Female,0,No,No,12,Yes,Yes,Fiber optic,No,No,Yes,No,No,Yes,Two year,Yes,Mailed check,93.62,1123.76,1
7567-QXUBL,Female,0,No,Yes,5,Yes,No,DSL,No,No,No,No,No,No,Two year,No,Mailed check,44.07,216.92,0
4126-ALLLS,Male,0,Yes,No,9,Yes,Yes,No,No internet service,No internet service,No internet service,No internet service,No internet service,No internet service,Month-to-month,No,Electronic check,24.42,210.22,1
8670-YQTXX,Female,0,No,No,71,Yes,No,No,No internet service,No internet service,No internet service,No internet service,No internet service,No internet service,Month-to-month,No,Electronic check,18.25,1282.3,0
3549-ZKMHJ,Female,0,No,No,65,Yes,No,Fiber optic,No,No,Yes,No,Yes,Yes,Month-to-month,Yes,Electronic check,101.39,6594.46,1
4686-HTHIG,Female,0,Yes,No,45,No,No phone service,DSL,No,Yes,No,No,No,Yes,Month-to-month,No,Mailed check,65.56,2960.69,0
7111-NBYKH,Male,1,Yes,No,10,Yes,Yes,Fiber optic,Yes,No,No,No,No,No,One year,Yes,Electronic check,84.48,852.85,1
2864-MUOCW,Female,0,No,No,69,Yes,No,Fiber optic,No,No,Yes,Yes,No,No,Month-to-month,No,Mailed check,87.39,6029.91,1
9104-NOBSL,Female,0,No,No,9,Yes,Yes,DSL,No,No,No,No,No,Yes,Two year,Yes,Electronic check,66.12,577.48,1
7861-YTDCE,Male,1,No,Yes,6,Yes,Yes,DSL,No,No,No,No,Yes,No,Month-to-month,No,Credit card (automatic),56.83,334.71,1
4077-CYOSB,Male,0,No,No,18,Yes,No,Fiber optic,Yes,No,No,No,Yes,No,Month-to-month,No,Credit card (automatic),103.3,1853.59,1
4621-LEVQN,Female,0,Yes,No,10,Yes,Yes,No,No internet service,No internet service,No internet service,No internet service,No internet service,No internet service,Month-to-month,No,Mailed check,18.25,201.94,1
8912-VJCDF,Female,0,No,Yes,39,Yes,No,DSL,No,No,No,Yes,No,No,Two year,Yes,Bank transfer (automatic),55.47,2157.38,0
7849-XYVPG,Male,1,No,No,10,No,No phone service,Fiber optic,No,Yes,Yes,No,No,Yes,One year,Yes,Credit card (automatic),91.76,945.07,1
8878-OUYTZ,Female,0,No,No,6,Yes,No,No,No internet service,No internet service,No internet service,No internet service,No internet service,No internet service,Month-to-month,Yes,Credit card (automatic),18.25,121.59,0
1453-KVUAE,Female,0,Yes,Yes,10,Yes,Yes,DSL,No,Yes,Yes,No,Yes,Yes,Two year,No,Mailed check,72.6,694.4,1
2665-MUNIQ,Female,0,No,No,6,Yes,No,Fiber optic,No,Yes,No,No,No,No,Month-to-month,No,Mailed check,83.72,508.71,1
6700-OUGVV,Male,0,No,Yes,9,Yes,No,No,No internet service,No internet service,No internet service,No internet service,No internet service,No internet service,One year,Yes,Electronic check,23.03,200.83,0
9729-LWFUP,Female,0,Yes,No,68,No,No phone service,Fiber optic,Yes,No,No,No,Yes,No,Two year,Yes,Electronic check,99.42,6771.56,0
3373-ZEINH,Female,0,Yes,No,4,Yes,Yes,DSL,No,No,Yes,Yes,No,No,One year,Yes,Credit card (automatic),55.92,223.8,1
1682-NLJTT,Male,0,No,No,3,Yes,No,Fiber optic,No,Yes,No,No,Yes,No,Month-to-month,Yes,Electronic check,90.2,256.66,1
7680-ZUMSO,Male,0,No,No,7,Yes,Yes,Fiber optic,No,Yes,No,Yes,No,No,Two year,No,Electronic check,91.36,649.74,1
4532-HWUJC,Male,1,No,No,30,Yes,No,Fiber optic,No,Yes,Yes,No,Yes,No,Month-to-month,Yes,Mailed check,94.67,2841.95,1
6106-UCZEP,Female,0,No,No,60,Yes,Yes,DSL,No,No,No,Yes,No,Yes,Two year,No,Electronic check,65.13,3905.1,0
3569-QFZTT,Female,0,No,No,8,Yes,Yes,Fiber optic,No,No,No,No,Yes,Yes,Two year,No,Bank transfer (automatic),95.2,735.22,1
4127-PXBTO,Male,0,No,No,60,No,No phone service,Fiber optic,No,No,No,Yes,Yes,Yes,Month-to-month,Yes,Electronic check,110.33,6632.83,1
9711-RAZSL,Female,1,Yes,No,24,Yes,No,No,No internet service,No internet service,No internet service,No internet service,No internet service,No internet service,Month-to-month,Yes,Credit card (automatic),18.25,449.34,1
4307-HFLGR,Male,0,Yes,No,8,Yes,No,Fiber optic,No,No,No,No,No,No,Two year,No,Credit card (automatic),75.38,601.45,1
3145-VNHXT,Female,0,Yes,Yes,1,Yes,No,Fiber optic,Yes,No,No,No,Yes,No,Month-to-month,No,Bank transfer (automatic),111.93,126.24,1
7341-VNEIH,Female,1,Yes,No,4,Yes,No,DSL,Yes,No,Yes,No,No,No,Two year,Yes,Bank transfer (automatic),59.28,226.45,1
2076-BPMGP,Female,0,Yes,No,37,Yes,Yes,No,No internet service,No internet service,No internet service,No internet service,No internet service,No internet service,Month-to-month,Yes,Bank transfer (automatic),24.36,888.08,0
9511-GNNLA,Female,0,No,No,6,Yes,No,DSL,No,No,No,No,Yes,No,Month-to-month,Yes,Electronic check,62.25,385.13,1
2928-ALTUO,Female,0,No,Yes,20,No,No phone service,DSL,No,Yes,Yes,Yes,Yes,Yes,One year,Yes,Electronic check,88.15,1732.88,0
2414-DGPCG,Female,0,No,Yes,1,Yes,Yes,DSL,Yes,No,No,No,No,No,Month-to-month,No,Bank transfer (automatic),61.69,61.69,1
8935-XVFPX,Male,0,Yes,Yes,8,Yes,No,No,No internet service,No internet service,No internet service,No internet service,No internet service,No internet service,Month-to-month,Yes,Electronic check,18.25,146.63,1
4703-HWVFJ,Female,0,Yes,No,1,Yes,Yes,Fiber optic,No,No,Yes,No,Yes,No,Month-to-month,No,Electronic check,103.85,103.85,1
8040-PKMFX,Male,0,Yes,Yes,6,Yes,Yes,No,No internet service,No internet service,No internet service,No internet service,No internet service,No internet service,Month-to-month,Yes,Mailed check,18.29,94.16,1
6846-AUSLX,Female,0,No,No,65,Yes,No,DSL,No,No,No,Yes,No,No,Month-to-month,Yes,Mailed check,59.45,3837.43,1
4656-FRMGW,Male,1,Yes,No,70,No,No phone service,Fiber optic,Yes,Yes,Yes,No,No,Yes,One year,Yes,Electronic check,107.21,7503.57,0
8649-MUHUQ,Male,0,Yes,No,53,Yes,Yes,Fiber optic,No,No,No,No,Yes,Yes,One year,Yes,Credit card (automatic),102.29,5430.03,0
7499-ITMBD,Female,1,Yes,No,61,Yes,Yes,Fiber optic,No,No,Yes,No,Yes,Yes,Month-to-month,No,Bank transfer (automatic),101.02,6168.15,1
2180-YBDRE,Female,1,No,No,10,Yes,No,Fiber optic,Yes,Yes,Yes,Yes,No,Yes,Month-to-month,Yes,Bank transfer (automatic),104.96,1028.43,1
4317-SJRYU,Female,0,No,Yes,4,Yes,Yes,Fiber optic,Yes,Yes,No,No,No,No,Two year,Yes,Credit card (automatic),76.26,314.98,0
3377-JEQVM,Male,0,Yes,Yes,69,Yes,Yes,No,No internet service,No internet service,No internet service,No internet service,No internet service,No internet service,Month-to-month,Yes,Bank transfer (automatic),25.01,1729.6,0
7211-WQIXL,Female,0,Yes,No,6,Yes,Yes,Fiber optic,Yes,Yes,No,No,Yes,No,Month-to-month,Yes,Bank transfer (automatic),107.94,658.45,1
4616-NNHWE,Female,0,Yes,Yes,72,Yes,No,No,No internet service,No internet service,No internet service,No internet service,No internet service,No internet service,Month-to-month,Yes,Electronic check,23.03,1656.06,0
1429-SNIGZ,Female,0,Yes,Yes,10,Yes,Yes,No,No internet service,No internet service,No internet service,No internet service,No internet service,No internet service,One year,No,Bank transfer (automatic),25.67,246.25,1
2297-ZHNVN,Female,0,No,Yes,6,Yes,No,No,No internet service,No internet service,No internet service,No internet service,No internet service,No internet service,Month-to-month,Yes,Mailed check,22.72,150.56,1
7199-KNUHC,Male,1,Yes,No,36,Yes,Yes,Fiber optic,Yes,No,Yes,Yes,No,No,Month-to-month,Yes,Mailed check,97.08,3501.27,1
9683-WRCML,Female,0,Yes,No,32,Yes,Yes,Fiber optic,No,Yes,Yes,No,Yes,No,One year,No,Electronic check,92.75,2953.32,1
6755-OREGK,Male,1,Yes,Yes,68,Yes,Yes,DSL,No,No,Yes,Yes,No,Yes,One year,No,Bank transfer (automatic),76.47,5194.02,1
5541-ZKOJO,Male,0,No,No,71,Yes,No,No,No internet service,No internet service,No internet service,No internet service,No internet service,No internet service,Month-to-month,Yes,Bank transfer (automatic),23.43,1646.5,0
2897-MNQMJ,Female,1,No,No,28,Yes,Yes,DSL,Yes,No,No,No,No,Yes,Month-to-month,No,Electronic check,68.66,1914.74,1
2253-YAAOP,Female,0,Yes,No,47,Yes,No,DSL,No,No,No,No,Yes,Yes,Two year,No,Electronic check,70.92,3319.82,0
4527-LZXFF,Male,0,No,Yes,28,Yes,No,Fiber optic,Yes,Yes,Yes,No,No,No,Month-to-month,Yes,Credit card (automatic),84.72,2372.99,1
3582-LYODX,Female,0,No,Yes,72,Yes,No,Fiber optic,No,No,No,Yes,Yes,No,Two year,No,Bank transfer (automatic),100.47,7237.42,0
7000-DBXLG,Male,0,No,No,49,Yes,No,Fiber optic,No,No,No,Yes,Yes,No,Two year,Yes,Electronic check,103.72,5060.99,0
7145-TIIHN,Male,0,Yes,No,57,Yes,Yes,Fiber optic,No,No,Yes,No,No,Yes,Month-to-month,No,Electronic check,93.39,5331.21,1
6277-AWUWL,Female,0,Yes,No,60,Yes,Yes,Fiber optic,No,No,No,No,No,No,Month-to-month,Yes,Mailed check,76.26,4587.75,0
6637-YBMDT,Female,0,No,Yes,17,Yes,No,No,No internet service,No internet service,No internet service,No internet service,No internet service,No internet service,Two year,No,Credit card (automatic),18.25,323.17,0
1637-RSPNH,Female,0,No,Yes,63,Yes,No,Fiber optic,No,No,No,No,No,No,Month-to-month,No,Mailed check,63.63,4027.02,1
7069-LIFZR,Male,1,No,No,1,No,No phone service,No,No internet service,No internet service,No internet service,No internet service,No internet service,No internet service,Month-to-month,No,Electronic check,26.86,26.86,1
2530-BWHXN,Male,0,No,No,12,Yes,Yes,Fiber optic,No,No,No,No,No,No,One year,Yes,Credit card (automatic),85.95,1027.18,1
1233-FJHQY,Female,0,Yes,No,31,Yes,No,DSL,Yes,No,Yes,No,Yes,No,Month-to-month,Yes,Mailed check,70.49,2208.06,1
9997-LQMSL,Female,0,Yes,No,38,Yes,No,Fiber optic,No,No,Yes,No,No,No,One year,Yes,Bank transfer (automatic),77.76,2973.39,1
8167-PYEYP,Male,0,No,No,64,Yes,Yes,DSL,No,Yes,No,No,Yes,Yes,One year,No,Electronic check,69.4,4445.18,0
2126-YFKQZ,Male,0,No,No,41,Yes,Yes,No,No internet service,No internet service,No internet service,No internet service,No internet service,No internet service,One year,No,Bank transfer (automatic),18.25,749.88,1
3648-WNFYW,Female,0,No,No,35,Yes,No,Fiber optic,No,No,No,No,Yes,No,Month-to-month,Yes,Credit card (automatic),99.43,3478.88,1
8492-KLMDG,Male,0,Yes,No,6,Yes,No,Fiber optic,No,No,Yes,No,No,Yes,Month-to-month,Yes,Credit card (automatic),96.46,569.22,1
6927-BFFRT,Female,0,Yes,Yes,64,Yes,No,DSL,Yes,No,No,No,No,Yes,Month-to-month,Yes,Electronic check,73.64,4717.22,1
8738-HHHHA,Male,1,No,No,8,Yes,No,Fiber optic,No,No,Yes,No,No,No,Month-to-month,Yes,Bank transfer (automatic),77.53,622.5,1
6731-BLODY,Female,0,Yes,No,8,Yes,Yes,Fiber optic,No,No,No,No,No,No,One year,Yes,Bank transfer (automatic),84.3,671.61,0
2941-CNVWH,Female,1,Yes,No,12,No,No phone service,DSL,Yes,No,Yes,No,Yes,No,Month-to-month,Yes,Credit card (automatic),67.62,797.79,1
3372-MWSVE,Male,0,No,Yes,8,Yes,No,No,No internet service,No internet service,No internet service,No internet service,No internet service,No internet service,Month-to-month,No,Credit card (automatic),21.23,170.47,1
8890-MZTAP,Male,0,Yes,No,50,No,No phone service,Fiber optic,No,No,No,No,No,Yes,Two year,Yes,Credit card (automatic),98.44,4932.35,0
4007-WXBGF,Female,0,No,Yes,6,Yes,Yes,DSL,Yes,No,No,No,No,No,Month-to-month,Yes,Electronic check,61.85,353.09,1
3111-EDBJV,Female,0,Yes,Yes,20,Yes,Yes,DSL,No,Yes,Yes,Yes,No,No,Month-to-month,Yes,Bank transfer (automatic),59.74,1176.56,1
8319-ERJWV,Female,0,No,No,45,Yes,No,DSL,Yes,Yes,No,No,No,Yes,Month-to-month,No,Credit card (automatic),79.71,3580.19,1
7595-OIKZU,Female,0,Yes,No,8,Yes,Yes,DSL,No,No,No,No,No,No,One year,Yes,Mailed check,46.74,370.9,0
6549-YYQUI,Male,1,Yes,No,2,Yes,Yes,DSL,Yes,Yes,Yes,Yes,No,No,Month-to-month,Yes,Credit card (automatic),72.06,108.67,1
8389-WPFVK,Female,0,No,No,3,Yes,No,Fiber optic,Yes,No,No,Yes,No,No,Month-to-month,Yes,Credit card (automatic),96.4,316.68,0
4739-WQDOA,Male,0,No,No,23,Yes,No,Fiber optic,No,No,Yes,No,No,No,Month-to-month,Yes,Bank transfer (automatic),81.99,1890.41,1
6837-VTAIL,Male,0,Yes,No,63,Yes,No,No,No internet service,No internet service,No internet service,No internet service,No internet service,No internet service,Two year,No,Credit card (automatic),22.54,1400.74,0
4087-DVMGH,Female,0,Yes,Yes,56,Yes,No,DSL,Yes,Yes,Yes,No,No,Yes,Month-to-month,Yes,Bank transfer (automatic),84.89,4765.68,0
5362-MKIYX,Male,0,No,Yes,6,No,No phone service,DSL,No,Yes,No,No,Yes,No,One year,No,Bank transfer (automatic),59.78,370.29,1
1101-PJKLN,Male,0,Yes,No,8,Yes,Yes,DSL,No,Yes,No,No,No,No,Two year,Yes,Electronic check,55.32,427.8,1
1319-SLRUQ,Female,0,Yes,No,8,Yes,Yes,DSL,No,No,Yes,Yes,No,No,Month-to-month,Yes,Mailed check,72.59,582.95,1
4939-CASDW,Female,0,Yes,No,4,Yes,No,Fiber optic,No,Yes,No,No,No,No,Month-to-month,Yes,Bank transfer (automatic),77.06,327.41,1
1625-PLUUM,Female,0,No,Yes,18,Yes,Yes,Fiber optic,No,No,Yes,No,Yes,Yes,Two year,Yes,Mailed check,99.94,1773.05,1
4482-QHMTZ,Female,0,Yes,No,28,Yes,No,DSL,Yes,No,No,No,Yes,No,Month-to-month,Yes,Mailed check,65.28,1800.56,1
7240-EROLQ,Female,0,Yes,Yes,3,Yes,No,DSL,No,No,Yes,Yes,No,No,Month-to-month,No,Credit card (automatic),56.82,179.68,0
3288-YOBFQ,Male,0,Yes,No,7,Yes,Yes,Fiber optic,Yes,Yes,Yes,Yes,Yes,No,One year,Yes,Credit card (automatic),113.44,789.47,1
2513-PQYTI,Female,0,No,No,68,Yes,No,Fiber optic,Yes,Yes,No,No,No,Yes,Month-to-month,Yes,Bank transfer (automatic),97.94,6656.96,1
8433-EWAFX,Female,1,Yes,No,64,Yes,Yes,Fiber optic,Yes,No,Yes,No,Yes,Yes,Two year,No,Mailed check,112.52,7201.46,0
5756-NQYSA,Male,0,No,Yes,2,No,No phone service,No,No internet service,No internet service,No internet service,No internet service,No internet service,No internet service,Month-to-month,No,Credit card (automatic),18.25,67.73,1
2558-AMNFF,Female,0,Yes,Yes,4,Yes,Yes,Fiber optic,No,No,Yes,No,No,Yes,Two year,Yes,Credit card (automatic),85.51,326.81,1
3676-ANCWJ,Female,0,Yes,No,62,Yes,No,Fiber optic,Yes,Yes,No,Yes,Yes,Yes,Two year,No,Bank transfer (automatic),118.75,7381.85,0
5159-SSSWD,Female,0,No,No,23,Yes,No,DSL,No,No,No,No,No,Yes,Month-to-month,No,Mailed check,66.95,1522.49,1
1334-TSJYB,Male,0,No,No,67,No,No phone service,Fiber optic,No,No,No,Yes,No,Yes,Month-to-month,Yes,Bank transfer (automatic),93.77,6296.12,0
3110-DXFGP,Female,1,Yes,No,30,Yes,No,No,No internet service,No internet service,No internet service,No internet service,No internet service,No internet service,Two year,Yes,Mailed check,18.25,551.84,0
2606-GRTZZ,Female,0,No,Yes,14,Yes,No,No,No internet service,No internet service,No internet service,No internet service,No internet service,No internet service,Two year,Yes,Electronic check,21.15,279.91,0
6953-VSITJ,Female,0,No,No,11,Yes,No,Fiber optic,No,Yes,No,No,Yes,Yes,Month-to-month,Yes,Bank transfer (automatic),103.67,1153.19,1
6815-MRPVQ,Female,0,No,No,56,Yes,Yes,DSL,Yes,No,Yes,Yes,No,Yes,Month-to-month,Yes,Bank transfer (automatic),82.58,4607.45,0
9625-VMLJA,Female,0,No,No,15,Yes,No,No,No internet service,No internet service,No internet service,No internet service,No internet service,No internet service,One year,Yes,Electronic check,20.52,317.63,0
1461-HUVRB,Male,0,Yes,No,8,Yes,Yes,DSL,No,No,No,No,No,No,Month-to-month,Yes,Mailed check,50.55,405.97,1
8532-PLICV,Female,0,Yes,No,1,Yes,Yes,DSL,No,No,No,No,No,Yes,Month-to-month,Yes,Bank transfer (automatic),62.91,62.91,1
6803-ZUDZB,Female,0,Yes,No,71,No,No phone service,DSL,No,Yes,No,Yes,No,Yes,Month-to-month,No,Credit card (automatic),68.58,4866.92,1
6465-HJPWK,Female,0,No,Yes,12,Yes,No,Fiber optic,No,No,No,No,No,No,Month-to-month,Yes,Electronic check,78.41,934.44,1
4979-RVNHW,Female,0,No,Yes,12,No,No phone service,Fiber optic,No,Yes,Yes,No,Yes,Yes,Month-to-month,No,Credit card (automatic),100.93,1216.32,1
1008-OQURF,Female,1,No,No,10,Yes,No,DSL,No,Yes,Yes,No,No,No,Month-to-month,Yes,Mailed check,51.58,537.94,1
3521-WNWCG,Male,0,Yes,No,21,Yes,Yes,Fiber optic,Yes,Yes,No,No,No,No,Two year,No,Mailed check,89.31,1896.76,0
1099-OUXPP,Male,0,No,No,13,Yes,No,Fiber optic,Yes,No,No,No,Yes,Yes,One year,No,Mailed check,100.91,1321.59,0
5280-HGFBV,Female,0,No,No,63,Yes,No,No,No internet service,No internet service,No internet service,No internet service,No internet service,No internet service,Month-to-month,No,Bank transfer (automatic),18.25,1173.6,0
4256-MLOIB,Female,1,Yes,No,59,No,No phone service,DSL,No,No,Yes,No,No,Yes,One year,No,Bank transfer (automatic),52.1,3068.56,1
7179-QEKVS,Male,0,Yes,No,46,Yes,No,No,No internet service,No internet service,No internet service,No internet service,No internet service,No internet service,Two year,Yes,Bank transfer (automatic),18.25,813.63,0
2018-XGBPL,Male,0,No,Yes,4,Yes,Yes,DSL,No,Yes,Yes,No,No,No,One year,No,Credit card (automatic),45.52,179.81,0
9817-WOAYM,Male,0,No,No,28,Yes,No,DSL,No,No,Yes,Yes,No,Yes,Two year,Yes,Bank transfer (automatic),68.32,1906.0,1
2780-WFMRC,Female,1,Yes,No,71,Yes,Yes,DSL,No,Yes,No,Yes,Yes,No,Month-to-month,Yes,Bank transfer (automatic),72.5,5117.22,1
2287-AOZME,Male,0,Yes,No,48,Yes,Yes,Fiber optic,No,No,Yes,No,Yes,Yes,Two year,No,Electronic check,110.13,5289.98,1
2295-YMVES,Female,0,No,No,33,Yes,No,No,No internet service,No internet service,No internet service,No internet service,No internet service,No internet service,One year,No,Mailed check,18.25,601.37,0
1031-UXRUV,Female,0,No,Yes,55,Yes,No,DSL,Yes,No,Yes,No,No,No,One year,No,Bank transfer (automatic),63.0,3464.22,0
7308-JXHOU,Male,0,No,Yes,51,Yes,No,No,No internet service,No internet service,No internet service,No internet service,No internet service,No internet service,Month-to-month,Yes,Electronic check,22.15,1140.87,1
7926-YTYWV,Female,0,No,No,10,Yes,Yes,Fiber optic,No,No,No,No,No,Yes,One year,Yes,Bank transfer (automatic),84.18,831.4,1
4948-DBXFC,Female,0,Yes,No,61,Yes,Yes,DSL,No,Yes,No,No,Yes,No,Month-to-month,Yes,Electronic check,71.99,4383.56,1
2349-GJWFP,Male,0,Yes,Yes,8,Yes,Yes,DSL,Yes,No,No,No,No,Yes,Month-to-month,Yes,Electronic check,75.13,620.3,1
1866-BXQMA,Female,0,No,No,64,Yes,Yes,DSL,No,No,No,No,No,Yes,One year,Yes,Electronic check,62.92,4018.06,1
6376-FEYMW,Male,0,No,No,12,Yes,No,Fiber optic,No,No,No,No,Yes,No,One year,Yes,Electronic check,95.27,1150.37,0
1758-RLGOC,Male,0,No,No,5,Yes,No,Fiber optic,No,Yes,Yes,No,No,Yes,Month-to-month,Yes,Mailed check,89.85,448.37,1
5019-PAPXL,Male,0,No,No,15,Yes,Yes,Fiber optic,No,No,Yes,No,No,Yes,One year,No,Bank transfer (automatic),90.12,1335.8,1
4826-SHWLO,Female,0,No,Yes,70,No,No phone service,DSL,No,Yes,No,No,No,No,Two year,No,Mailed check,50.39,3557.09,0
1540-BQGMA,Male,0,No,Yes,66,Yes,No,Fiber optic,No,No,No,No,No,No,Two year,No,Mailed check,84.49,5604.89,0
5554-FMKJP,Male,0,Yes,No,25,Yes,Yes,Fiber optic,No,No,Yes,No,Yes,Yes,Two year,Yes,Mailed check,106.89,2686.18,1
8571-ZXWTQ,Female,1,No,Yes,11,Yes,No,DSL,Yes,No,Yes,No,Yes,No,Two year,No,Electronic check,71.0,772.07,1
6220-QDEWN,Male,1,Yes,Yes,67,Yes,No,No,No internet service,No internet service,No internet service,No internet service,No internet service,No internet service,One year,No,Electronic check,18.25,1237.39,0
3399-TJNAK,Female,0,Yes,No,8,Yes,Yes,DSL,No,Yes,Yes,No,No,No,Month-to-month,Yes,Mailed check,54.06,436.53,1
7550-ZWRPR,Female,0,Yes,No,9,Yes,Yes,Fiber optic,Yes,No,No,No,No,Yes,Month-to-month,Yes,Mailed check,103.29,949.13,1
3115-HJZJE,Male,1,No,No,3,Yes,No,DSL,No,No,No,No,Yes,No,Two year,Yes,Credit card (automatic),54.61,165.01,1
4063-JRUXF,Male,0,No,No,58,Yes,No,DSL,No,Yes,No,No,Yes,No,Month-to-month,No,Bank transfer (automatic),70.25,4086.64,1
9280-CHIEB,Female,0,Yes,Yes,1,Yes,No,Fiber optic,No,No,No,Yes,No,No,Two year,Yes,Mailed check,83.04,91.74,1
8055-BGQJL,Male,0,No,No,62,Yes,Yes,Fiber optic,Yes,Yes,Yes,No,Yes,No,Month-to-month,No,Mailed check,102.57,6376.07,1
5765-BJTAD,Female,0,No,No,9,Yes,No,DSL,No,No,No,Yes,Yes,No,Month-to-month,Yes,Bank transfer (automatic),69.86,640.75,1
9833-MLKJO,Male,0,No,No,2,Yes,No,Fiber optic,No,No,No,No,Yes,No,Month-to-month,Yes,Mailed check,85.42,208.08,1
5338-EYQEB,Female,1,No,Yes,34,Yes,No,Fiber optic,Yes,No,Yes,No,No,No,Two year,Yes,Electronic check,99.33,3379.24,0
8249-IFRNS,Male,0,Yes,No,63,Yes,No,Fiber optic,Yes,No,No,No,No,Yes,Month-to-month,Yes,Mailed check,96.75,6112.33,1
4320-NHQCJ,Male,0,Yes,No,12,Yes,No,No,No internet service,No internet service,No internet service,No internet service,No internet service,No internet service,Two year,No,Bank transfer (automatic),25.03,327.48,0
2597-QKHAM,Female,0,Yes,No,6,Yes,No,Fiber optic,Yes,No,No,No,Yes,Yes,Two year,No,Bank transfer (automatic),112.71,676.55,0
5532-UDGNE,Male,1,No,No,3,Yes,No,No,No internet service,No internet service,No internet service,No internet service,No internet service,No internet service,One year,No,Electronic check,18.61,53.67,1
4772-XKQET,Male,0,No,No,61,Yes,Yes,Fiber optic,Yes,No,No,No,No,No,Two year,Yes,Credit card (automatic),83.39,5108.87,0
9988-CEZOS,Female,1,No,Yes,8,Yes,No,No,No internet service,No internet service,No internet service,No internet service,No internet service,No internet service,Two year,No,Mailed check,18.25,138.35,0
6564-PHMPC,Female,0,No,Yes,63,Yes,No,Fiber optic,No,Yes,No,No,Yes,No,Two year,Yes,Credit card (automatic),82.12,5158.65,0
3715-AIIVZ,Female,0,No,Yes,2,Yes,Yes,DSL,No,No,Yes,No,Yes,No,Month-to-month,Yes,Credit card (automatic),64.59,117.67,1
9204-QXBIX,Male,0,No,No,57,Yes,No,DSL,No,No,No,No,Yes,No,Two year,Yes,Electronic check,55.02,3144.12,0
5914-SMEIM,Male,1,No,No,47,Yes,Yes,Fiber optic,No,Yes,Yes,No,Yes,No,Month-to-month,Yes,Credit card (automatic),99.05,4654.76,1
3478-AYODD,Female,0,No,No,23,Yes,No,No,No internet service,No internet service,No internet service,No internet service,No internet service,No internet service,Two year,No,Electronic check,26.42,607.0,0
2002-TJYFX,Female,1,Yes,No,11,Yes,No,DSL,Yes,Yes,No,No,No,Yes,Month-to-month,Yes,Electronic check,73.56,809.87,1
2226-LTPCN,Male,0,Yes,No,49,Yes,No,Fiber optic,Yes,No,No,No,No,Yes,Month-to-month,Yes,Mailed check,110.5,5418.3,1
4410-AJOGD,Female,0,Yes,No,64,Yes,Yes,Fiber optic,Yes,No,No,No,Yes,Yes,Month-to-month,Yes,Electronic check,110.67,7072.63,1
2699-NXPNC,Female,0,Yes,No,12,Yes,No,Fiber optic,No,Yes,No,No,No,No,Two year,No,Electronic check,73.92,877.75,0
4044-QUNRC,Female,0,Yes,No,1,No,No phone service,DSL,Yes,No,Yes,No,No,Yes,Month-to-month,Yes,Electronic check,82.4,82.4,1
3485-VSCLV,Male,0,Yes,No,9,Yes,No,DSL,No,No,No,No,Yes,Yes,Month-to-month,Yes,Electronic check,67.31,609.37,1
1601-EJIAM,Male,0,Yes,Yes,21,Yes,Yes,DSL,No,No,No,No,No,Yes,Two year,Yes,Credit card (automatic),62.67,1313.8,0
4870-CSKPF,Female,0,No,Yes,72,No,No phone service,DSL,No,No,No,No,No,No,Two year,Yes,Mailed check,46.41,3353.14,0
2406-XCSFH,Male,0,No,No,45,Yes,No,DSL,Yes,No,No,No,Yes,Yes,Month-to-month,Yes,Credit card (automatic),94.19,4242.18,1
2210-VMLJC,Male,0,Yes,No,55,Yes,No,DSL,Yes,No,No,Yes,No,No,One year,No,Electronic check,67.86,3760.35,1
3107-DAMXD,Female,0,Yes,Yes,3,Yes,Yes,DSL,Yes,No,No,No,Yes,No,Month-to-month,No,Mailed check,60.45,143.26,1
6746-VKSKL,Male,0,No,No,62,Yes,Yes,Fiber optic,Yes,No,No,Yes,Yes,No,One year,Yes,Bank transfer (automatic),105.82,6597.9,0
1811-KFLIY,Female,0,Yes,No,3,Yes,No,No,No internet service,No internet service,No internet service,No internet service,No internet service,No internet service,Month-to-month,Yes,Electronic check,26.67,79.0,1
8256-JCCTW,Male,1,Yes,No,4,Yes,Yes,No,No internet service,No internet service,No internet service,No internet service,No internet service,No internet service,Month-to-month,Yes,Electronic check,19.09,54.86,1
9773-PCJXK,Female,0,No,No,33,Yes,Yes,DSL,No,No,Yes,No,No,No,Month-to-month,Yes,Bank transfer (automatic),52.41,1757.73,1
7354-HFTKU,Female,0,No,No,67,Yes,No,DSL,No,No,Yes,Yes,Yes,No,Month-to-month,Yes,Bank transfer (automatic),69.06,4622.55,0
5359-LPRMV,Female,0,Yes,No,46,Yes,Yes,No,No internet service,No internet service,No internet service,No internet service,No internet service,No internet service,Month-to-month,Yes,Electronic check,26.18,1218.91,1
8487-COVUN,Male,0,Yes,No,12,Yes,No,Fiber optic,No,No,No,No,Yes,No,Two year,Yes,Electronic check,92.65,1108.01,1
9555-RNEUN,Female,0,Yes,No,36,Yes,Yes,No,No internet service,No internet service,No internet service,No internet service,No internet service,No internet service,Two year,No,Credit card (automatic),20.21,730.91,0
2183-YHWOO,Male,0,No,No,62,Yes,Yes,Fiber optic,No,Yes,No,No,No,No,Month-to-month,Yes,Credit card (automatic),80.17,4975.7,1
3029-SZTFS,Female,0,Yes,Yes,30,Yes,No,No,No internet service,No internet service,No internet service,No internet service,No internet service,No internet service,Two year,Yes,Bank transfer (automatic),26.0,796.66,0
3615-YHFTW,Male,0,No,No,11,Yes,No,Fiber optic,No,No,Yes,No,Yes,Yes,Two year,No,Mailed check,108.3,1202.63,1
1465-OCJOX,Female,0,Yes,No,6,Yes,No,Fiber optic,Yes,No,Yes,No,No,Yes,Month-to-month,No,Electronic check,109.49,662.31,1
6778-PQSKP,Female,0,No,Yes,17,Yes,Yes,Fiber optic,No,No,No,Yes,No,No,One year,No,Electronic check,90.55,1514.24,1
5638-EEZNR,Male,1,No,No,3,Yes,Yes,DSL,No,No,No,No,No,Yes,Month-to-month,No,Mailed check,60.6,163.03,1
1291-ZHEGP,Female,0,Yes,Yes,3,Yes,Yes,Fiber optic,No,No,No,Yes,Yes,No,One year,Yes,Credit card (automatic),100.34,299.85,1
8684-WNEXI,Female,0,Yes,Yes,4,Yes,No,DSL,Yes,No,No,No,No,Yes,Month-to-month,No,Bank transfer (automatic),76.88,291.76,1
2373-DDPXQ,Male,0,Yes,No,54,Yes,Yes,Fiber optic,No,Yes,No,No,No,Yes,Two year,Yes,Bank transfer (automatic),95.98,5181.59,0
6112-ODFPD,Male,0,Yes,Yes,65,Yes,No,No,No internet service,No internet service,No internet service,No internet service,No internet service,No internet service,Two year,Yes,Electronic check,18.25,1151.64,0
7355-FEPYP,Female,0,Yes,Yes,10,Yes,No,Fiber optic,No,Yes,Yes,Yes,Yes,No,Month-to-month,Yes,Electronic check,101.48,1015.85,1
7726-JIDND,Female,0,No,No,1,Yes,Yes,DSL,Yes,No,Yes,No,No,Yes,Month-to-month,Yes,Credit card (automatic),71.95,84.09,0
2153-LXJDR,Male,0,No,No,46,Yes,No,DSL,No,Yes,No,Yes,No,Yes,Month-to-month,Yes,Electronic check,76.46,3532.5,1
5091-MMNRA,Female,0,Yes,No,44,Yes,Yes,DSL,Yes,Yes,No,No,No,Yes,Month-to-month,Yes,Electronic check,70.54,3094.51,0
7695-UPOVY,Female,1,No,Yes,10,Yes,No,DSL,Yes,Yes,No,No,Yes,Yes,Month-to-month,Yes,Bank transfer (automatic),83.26,835.71,1
8327-EFFCP,Male,0,No,Yes,5,Yes,No,DSL,Yes,No,No,Yes,Yes,Yes,Month-to-month,No,Bank transfer (automatic),94.64,469.48,1
8599-LDADA,Female,1,Yes,No,4,Yes,Yes,Fiber optic,No,No,No,No,No,Yes,Two year,Yes,Bank transfer (automatic),88.27,329.55,0
4290-UHXEZ,Female,1,No,No,5,Yes,Yes,Fiber optic,Yes,Yes,No,No,Yes,No,Two year,No,Electronic check,111.58,549.51,1
4443-BLVQG,Male,0,No,No,1,Yes,No,DSL,No,No,No,No,No,No,Month-to-month,No,Electronic check,45.68,63.93,1
7176-KDEFK,Female,0,No,No,18,Yes,No,Fiber optic,Yes,No,Yes,No,Yes,No,Month-to-month,Yes,Credit card (automatic),101.41,1827.9,1
2995-AYJTX,Female,1,Yes,No,1,Yes,Yes,DSL,Yes,No,No,No,Yes,No,Month-to-month,No,Electronic check,76.02,89.99,1
1594-UKXQH,Female,0,Yes,No,9,Yes,No,DSL,No,No,No,Yes,Yes,Yes,One year,Yes,Mailed check,86.4,777.95,1
4033-MTRVP,Female,0,No,Yes,62,Yes,Yes,Fiber optic,No,No,Yes,Yes,Yes,No,Month-to-month,Yes,Credit card (automatic),107.7,6675.88,0
8152-BERCV,Female,1,Yes,Yes,61,Yes,No,No,No internet service,No internet service,No internet service,No internet service,No internet service,No internet service,Two year,No,Electronic check,19.26,1165.27,0
7571-QPFSG,Male,0,No,No,11,Yes,No,No,No internet service,No internet service,No internet service,No internet service,No internet service,No internet service,Month-to-month,Yes,Electronic check,22.35,240.23,1
3650-RNFHO,Female,0,Yes,No,56,Yes,No,Fiber optic,No,No,No,No,No,No,Month-to-month,Yes,Mailed check,84.89,4715.51,1
4095-OOPAK,Female,1,Yes,Yes,61,Yes,No,Fiber optic,Yes,No,No,No,No,No,Month-to-month,Yes,Mailed check,85.13,5218.52,0
4026-YEEUF,Male,0,Yes,No,67,Yes,No,Fiber optic,No,Yes,No,No,No,No,Two year,No,Mailed check,72.97,4871.12,0
5651-BFNKD,Female,0,Yes,Yes,39,Yes,Yes,Fiber optic,No,No,No,No,Yes,Yes,Two year,No,Electronic check,109.94,4269.79,1
2783-XYIXC,Female,0,Yes,No,2,Yes,No,DSL,No,No,No,No,Yes,Yes,Month-to-month,No,Mailed check,67.66,140.02,1
6206-ZPKDA,Female,0,No,Yes,67,Yes,No,Fiber optic,Yes,No,No,No,Yes,Yes,Two year,Yes,Bank transfer (automatic),118.75,7964.91,0
4857-YUVPS,Male,1,Yes,No,3,No,No phone service,Fiber optic,No,Yes,No,No,Yes,Yes,Month-to-month,No,Mailed check,94.31,279.8,1
6247-PKZHW,Female,0,Yes,Yes,31,Yes,No,Fiber optic,Yes,No,No,Yes,No,Yes,Month-to-month,Yes,Electronic check,116.98,3617.07,0
2570-AZUZI,Male,0,No,No,59,Yes,Yes,Fiber optic,Yes,Yes,No,No,Yes,No,Month-to-month,No,Mailed check,92.37,5442.68,1
6434-LVHZQ,Male,0,Yes,No,18,Yes,No,No,No internet service,No internet service,No internet service,No internet service,No internet service,No internet service,One year,Yes,Bank transfer (automatic),18.25,315.89,0
3572-JGSYF,Female,1,Yes,No,35,Yes,No,Fiber optic,No,No,No,Yes,Yes,Yes,Month-to-month,Yes,Electronic check,115.45,4014.72,1
6288-UXXSR,Male,0,No,No,65,Yes,Yes,No,No internet service,No internet service,No internet service,No internet service,No internet service,No internet service,One year,No,Electronic check,23.81,1529.05,0
6438-OBNUJ,Male,0,Yes,Yes,44,Yes,No,No,No internet service,No internet service,No internet service,No internet service,No internet service,No internet service,Two year,No,Mailed check,19.08,821.36,0
2087-PGHJO,Male,1,Yes,Yes,8,Yes,Yes,No,No internet service,No internet service,No internet service,No internet service,No internet service,No internet service,Month-to-month,No,Mailed check,21.21,147.13,0
9364-HMLHO,Male,0,No,No,6,No,No phone service,No,No internet service,No internet service,No internet service,No internet service,No internet service,No internet service,Two year,No,Bank transfer (automatic),20.94,112.61,1
3995-ZLKSN,Female,1,Yes,Yes,72,Yes,Yes,Fiber optic,Yes,No,Yes,Yes,No,No,Two year,Yes,Electronic check,98.12,7089.99,0
3864-RMDQS,Female,1,No,No,71,Yes,Yes,DSL,No,No,No,Yes,No,No,One year,No,Electronic check,55.54,3937.05,0
1927-IWGAG,Female,1,Yes,Yes,62,Yes,Yes,DSL,No,No,Yes,Yes,Yes,No,One year,Yes,Electronic check,69.59,4309.45,0
7747-ZGTGH,Female,0,No,No,29,Yes,Yes,DSL,Yes,No,No,Yes,No,No,One year,Yes,Credit card (automatic),72.31,2095.29,0
9814-PCMJR,Male,0,No,Yes,43,Yes,No,DSL,No,No,No,No,Yes,No,Two year,No,Mailed check,59.32,2560.09,0
9766-GUUEW,Female,0,Yes,No,72,Yes,No,Fiber optic,No,No,No,Yes,No,No,Two year,Yes,Credit card (automatic),79.96,5791.32,1
5927-YXVGY,Female,0,Yes,No,8,Yes,No,No,No internet service,No internet service,No internet service,No internet service,No internet service,No internet service,One year,No,Credit card (automatic),20.23,165.06,0
8335-VQDXW,Male,0,No,No,39,Yes,Yes,Fiber optic,No,No,No,No,No,No,Two year,Yes,Electronic check,82.98,3238.89,1
5567-PSJCC,Female,1,No,No,4,Yes,Yes,Fiber optic,No,No,No,No,No,Yes,Month-to-month,Yes,Mailed check,91.88,348.86,1
8441-QJQVQ,Male,0,Yes,No,29,Yes,No,No,No internet service,No internet service,No internet service,No internet service,No internet service,No internet service,Month-to-month,Yes,Mailed check,23.76,712.55,0
3771-UDUWF,Female,0,Yes,Yes,53,Yes,No,DSL,No,Yes,No,No,Yes,No,Two year,Yes,Bank transfer (automatic),62.27,3285.28,0
4166-LYVYT,Female,0,No,No,8,Yes,Yes,DSL,Yes,No,No,No,No,No,Month-to-month,Yes,Electronic check,62.42,484.99,1
6814-QQJGP,Female,0,Yes,Yes,34,Yes,No,No,No internet service,No internet service,No internet service,No internet service,No internet service,No internet service,Two year,Yes,Credit card (automatic),23.68,793.37,0
8109-MCBPF,Male,1,Yes,Yes,65,Yes,No,DSL,No,No,No,No,Yes,Yes,One year,Yes,Bank transfer (automatic),78.04,5046.27,0
5215-FMGEX,Female,0,No,Yes,65,Yes,No,DSL,Yes,No,Yes,Yes,No,No,Month-to-month,No,Electronic check,84.55,5510.06,1
3251-GBQMY,Female,0,Yes,No,3,Yes,No,DSL,No,Yes,No,Yes,No,No,Month-to-month,Yes,Electronic check,64.85,203.57,1
9141-UUPZT,Male,0,Yes,No,34,Yes,No,DSL,No,No,Yes,No,Yes,No,One year,No,Credit card (automatic),66.79,2258.22,1
6213-BERGK,Female,0,No,No,60,Yes,Yes,No,No internet service,No internet service,No internet service,No internet service,No internet service,No internet service,One year,Yes,Electronic check,21.08,1257.99,1
2593-YYKVQ,Female,0,No,No,22,Yes,Yes,Fiber optic,No,No,Yes,No,No,No,One year,Yes,Mailed check,73.09,1623.98,1
8704-PMVET,Male,0,Yes,No,70,Yes,No,DSL,No,Yes,No,Yes,Yes,Yes,Month-to-month,Yes,Bank transfer (automatic),78.78,5522.03,0
3991-PVVPP,Male,0,No,No,38,Yes,No,Fiber optic,No,No,No,Yes,Yes,No,Two year,No,Electronic check,105.57,4017.27,1
2372-NFBNP,Female,0,No,Yes,53,Yes,No,DSL,Yes,Yes,No,No,Yes,No,Month-to-month,Yes,Bank transfer (automatic),72.91,3864.9,1
2880-WTMOL,Male,0,Yes,No,7,Yes,No,DSL,No,Yes,No,Yes,Yes,Yes,Two year,Yes,Electronic check,86.75,609.62,1
4355-IZRUN,Male,0,No,No,65,Yes,Yes,Fiber optic,No,No,No,No,No,No,Month-to-month,No,Electronic check,87.06,5654.43,1
7055-TYDHH,Male,1,No,No,51,Yes,No,Fiber optic,No,Yes,Yes,No,No,No,One year,Yes,Electronic check,85.71,4368.49,1
7021-VVPXJ,Female,1,No,Yes,60,Yes,No,Fiber optic,No,No,No,No,No,Yes,Two year,No,Electronic check,87.32,5227.44,0
8633-YUQAR,Female,0,No,No,50,Yes,No,Fiber optic,No,No,No,Yes,No,Yes,Month-to-month,Yes,Mailed check,97.98,4912.19,0
8957-JZUDA,Male,0,No,No,20,Yes,No,No,No internet service,No internet service,No internet service,No internet service,No internet service,No internet service,One year,No,Credit card (automatic),18.25,370.32,0
2417-DDZDQ,Male,1,No,No,38,Yes,Yes,No,No internet service,No internet service,No internet service,No internet service,No internet service,No internet service,Month-to-month,Yes,Bank transfer (automatic),25.34,929.19,1
7857-ISMDE,Female,1,No,No,12,Yes,No,Fiber optic,Yes,No,No,No,No,Yes,Month-to-month,Yes,Mailed check,105.59,1297.88,1
9918-MWPVE,Male,0,No,No,49,Yes,Yes,DSL,No,Yes,Yes,No,No,Yes,Month-to-month,No,Credit card (automatic),63.08,3105.11,1
7561-HPAWF,Male,0,Yes,No,1,Yes,Yes,Fiber optic,No,No,No,Yes,Yes,No,Month-to-month,Yes,Electronic check,104.67,104.67,1
3706-KPEPG,Female,0,No,Yes,50,Yes,Yes,DSL,No,No,Yes,Yes,No,No,One year,No,Credit card (automatic),57.86,2901.26,0
4968-SAIRM,Female,0,Yes,No,24,No,No phone service,DSL,No,No,Yes,Yes,Yes,Yes,Two year,Yes,Electronic check,80.7,1928.56,1
6983-ZOCXJ,Female,0,Yes,No,65,No,No phone service,No,No internet service,No internet service,No internet service,No internet service,No internet service,No internet service,One year,Yes,Electronic check,23.01,1483.56,1
9385-IMPCV,Male,0,Yes,Yes,70,Yes,No,No,No internet service,No internet service,No internet service,No internet service,No internet service,No internet service,One year,Yes,Mailed check,23.27,1621.17,0
5816-WOQNG,Male,0,No,No,7,Yes,No,DSL,No,No,No,No,Yes,No,Month-to-month,No,Electronic check,59.34,415.88,1
9891-TPUHD,Male,0,Yes,No,6,Yes,Yes,DSL,No,No,Yes,No,No,No,Month-to-month,Yes,Electronic check,52.42,311.68,1
6820-TXOEM,Female,1,No,No,9,Yes,No,Fiber optic,No,No,No,No,Yes,Yes,One year,Yes,Bank transfer (automatic),111.16,985.22,1
4992-FEQGF,Male,1,No,No,8,Yes,Yes,No,No internet service,No internet service,No internet service,No internet service,No internet service,No internet service,Month-to-month,Yes,Mailed check,31.88,270.09,1
7500-BKGVU,Female,1,Yes,Yes,71,Yes,No,Fiber optic,No,No,Yes,No,Yes,Yes,One year,No,Mailed check,105.18,7476.66,0
2737-HERVP,Female,0,Yes,No,20,Yes,No,No,No internet service,No internet service,No internet service,No internet service,No internet service,No internet service,Two year,Yes,Electronic check,18.25,344.66,0
3992-NLQEN,Male,0,Yes,Yes,5,Yes,No,No,No internet service,No internet service,No internet service,No internet service,No internet service,No internet service,Month-to-month,Yes,Electronic check,18.69,90.11,1
5649-FOGNR,Female,0,No,Yes,62,Yes,Yes,Fiber optic,No,Yes,No,No,No,No,Two year,Yes,Bank transfer (automatic),89.07,5528.13,0
5420-AFCEL,Male,0,No,No,63,Yes,No,Fiber optic,No,No,No,No,No,No,Two year,Yes,Bank transfer (automatic),84.67,5333.85,0
2188-KMPRQ,Male,0,Yes,No,6,Yes,No,Fiber optic,No,No,No,No,No,No,One year,Yes,Electronic check,76.28,465.78,0
5704-QKTJP,Female,0,No,Yes,49,Yes,No,Fiber optic,No,No,No,No,No,No,Month-to-month,No,Bank transfer (automatic),80.66,3958.11,0
7597-BQVTJ,Male,1,Yes,No,68,Yes,No,Fiber optic,Yes,No,Yes,Yes,No,No,One year,No,Electronic check,98.83,6701.62,0
1483-MLOGV,Female,0,No,No,72,No,No phone service,Fiber optic,No,Yes,No,No,Yes,Yes,Two year,No,Electronic check,114.83,8257.47,0
9360-UZMLL,Female,0,No,Yes,6,Yes,No,Fiber optic,No,Yes,No,No,No,Yes,One year,Yes,Credit card (automatic),91.38,555.86,1
6896-BEYYB,Female,0,Yes,Yes,40,Yes,Yes,Fiber optic,No,No,No,No,No,No,One year,Yes,Credit card (automatic),71.07,2863.43,0
9105-WZTMC,Male,1,Yes,No,12,Yes,No,Fiber optic,No,No,Yes,No,No,Yes,Month-to-month,Yes,Mailed check,87.6,1064.45,1
1457-KPASK,Male,0,No,No,65,Yes,No,DSL,No,No,Yes,No,No,No,Month-to-month,No,Bank transfer (automatic),43.01,2805.7,1
4542-INIGP,Male,0,Yes,Yes,67,Yes,Yes,Fiber optic,No,Yes,No,No,No,Yes,Month-to-month,No,Mailed check,82.46,5544.08,1
3199-CSDGW,Female,0,No,No,65,Yes,No,Fiber optic,No,No,No,Yes,Yes,No,Month-to-month,No,Credit card (automatic),103.83,6752.61,1
7205-LREWW,Female,0,No,No,10,Yes,No,DSL,No,No,Yes,No,Yes,Yes,One year,Yes,Mailed check,78.4,769.75,1
2739-VZJLH,Male,0,Yes,No,4,Yes,No,No,No internet service,No internet service,No internet service,No internet service,No internet service,No internet service,Month-to-month,Yes,Credit card (automatic),18.25,55.32,1
1921-SOACR,Female,0,No,Yes,29,Yes,Yes,DSL,No,Yes,No,No,Yes,No,One year,No,Electronic check,56.58,1646.25,1
7503-RBEAJ,Male,1,Yes,No,21,Yes,Yes,Fiber optic,No,Yes,No,Yes,No,No,Month-to-month,Yes,Electronic check,89.37,1853.21,1
9465-TJERU,Male,0,Yes,No,15,Yes,No,Fiber optic,No,No,Yes,No,No,Yes,One year,No,Credit card (automatic),91.99,1384.75,1
9863-ZOTHQ,Male,0,No,No,28,Yes,Yes,Fiber optic,No,Yes,No,No,No,Yes,Month-to-month,No,Mailed check,95.18,2685.23,1
6968-LULZA,Male,0,No,No,60,Yes,Yes,DSL,Yes,Yes,No,No,No,No,Month-to-month,Yes,Bank transfer (automatic),56.62,3407.88,1
9870-ZZDHA,Female,0,No,Yes,65,Yes,Yes,DSL,No,No,No,No,No,No,Month-to-month,Yes,Mailed check,49.57,3227.06,1
1330-ORAKW,Male,1,Yes,Yes,50,Yes,No,DSL,Yes,Yes,No,No,No,No,Month-to-month,Yes,Electronic check,68.04,3386.25,0
5507-BALPV,Female,0,No,No,15,Yes,No,DSL,No,No,No,Yes,No,Yes,Month-to-month,No,Credit card (automatic),78.57,1196.01,1
3932-VJROQ,Female,0,Yes,No,64,Yes,No,DSL,No,Yes,Yes,No,No,No,Two year,No,Electronic check,47.54,3053.14,0
3957-JCZUP,Male,0,Yes,No,40,Yes,No,Fiber optic,No,No,No,Yes,No,Yes,Month-to-month,Yes,Mailed check,101.32,4029.54,0
8801-FCIKU,Male,0,No,No,29,Yes,Yes,DSL,Yes,No,Yes,No,Yes,Yes,Two year,No,Credit card (automatic),80.83,2340.3,0
1748-MRZVX,Female,0,Yes,Yes,15,Yes,Yes,No,No internet service,No internet service,No internet service,No internet service,No internet service,No internet service,Two year,No,Bank transfer (automatic),23.02,325.98,1
4706-VDVXH,Male,0,No,No,1,Yes,Yes,Fiber optic,No,No,No,Yes,Yes,Yes,Month-to-month,Yes,Bank transfer (automatic),111.51,111.51,1
9831-MJBHF,Female,0,No,No,41,Yes,No,Fiber optic,No,Yes,Yes,No,Yes,No,Two year,Yes,Electronic check,91.44,3776.75,0
9436-PRQFM,Female,1,Yes,No,70,Yes,No,Fiber optic,No,Yes,Yes,No,Yes,No,Two year,Yes,Mailed check,80.32,5621.9,0
6074-WNZUJ,Female,1,No,No,12,Yes,No,Fiber optic,No,No,No,Yes,No,No,Two year,Yes,Electronic check,92.56,1112.18,0
6270-XKMLI,Female,0,Yes,No,69,Yes,No,Fiber optic,No,Yes,No,Yes,Yes,Yes,Two year,Yes,Electronic check,118.75,8200.97,0
5687-DGXVB,Male,0,No,Yes,44,Yes,Yes,No,No internet service,No internet service,No internet service,No internet service,No internet service,No internet service,Month-to-month,Yes,Bank transfer (automatic),21.19,915.52,1
6332-GIEOR,Male,0,No,No,9,Yes,No,Fiber optic,No,No,Yes,No,Yes,Yes,One year,Yes,Bank transfer (automatic),109.71,972.14,1
5469-DSTZG,Male,0,Yes,No,3,Yes,Yes,Fiber optic,Yes,Yes,No,No,Yes,No,One year,Yes,Electronic check,103.5,291.62,1
8154-ZHQMX,Female,0,Yes,No,63,Yes,Yes,No,No internet service,No internet service,No internet service,No internet service,No internet service,No internet service,Two year,Yes,Credit card (automatic),28.81,1816.61,0
8072-UWKAB,Male,0,No,No,6,Yes,Yes,Fiber optic,No,Yes,Yes,Yes,Yes,Yes,Month-to-month,No,Electronic check,118.75,724.96,1
3885-QEFZY,Female,1,No,No,68,Yes,Yes,Fiber optic,No,No,Yes,Yes,No,No,Month-to-month,Yes,Mailed check,90.66,6176.41,1
8488-XGUOS,Female,0,No,No,4,Yes,Yes,DSL,No,No,Yes,No,No,No,One year,Yes,Electronic check,49.85,161.42,1
2175-PYMEC,Female,0,Yes,No,8,Yes,Yes,Fiber optic,Yes,Yes,Yes,No,No,No,Month-to-month,Yes,Electronic check,84.72,689.41,1
6381-CSNPV,Male,0,No,Yes,52,Yes,No,No,No internet service,No internet service,No internet service,No internet service,No internet service,No internet service,Month-to-month,Yes,Credit card (automatic),18.25,946.43,0
6532-QDMHS,Male,0,Yes,Yes,10,Yes,Yes,DSL,Yes,No,No,Yes,Yes,No,One year,Yes,Mailed check,84.68,848.58,0
4620-EBOBK,Female,0,No,Yes,10,Yes,No,DSL,No,No,No,No,No,Yes,Month-to-month,No,Electronic check,54.95,529.16,1
6308-MWJCE,Male,1,Yes,Yes,1,Yes,Yes,No,No internet service,No internet service,No internet service,No internet service,No internet service,No internet service,Month-to-month,No,Electronic check,21.2,37.7,1
1664-CFMJS,Female,0,No,Yes,1,Yes,Yes,Fiber optic,No,No,No,Yes,Yes,No,Month-to-month,No,Electronic check,110.84,140.14,1
7647-HRCXX,Male,1,Yes,No,39,Yes,No,DSL,Yes,Yes,No,No,Yes,No,One year,Yes,Credit card (automatic),74.83,2933.59,1
1841-QHJBL,Male,0,No,Yes,4,Yes,No,No,No internet service,No internet service,No internet service,No internet service,No internet service,No internet service,Month-to-month,Yes,Mailed check,22.98,78.22,1
8219-WFBUW,Male,0,No,No,16,Yes,Yes,Fiber optic,No,No,No,No,Yes,No,Month-to-month,Yes,Mailed check,86.9,1392.12,1
6245-XCQGU,Female,0,No,No,52,Yes,No,Fiber optic,No,Yes,Yes,Yes,No,Yes,Month-to-month,Yes,Bank transfer (automatic),107.48,5577.6,0
1833-EWAHL,Male,0,No,No,12,Yes,Yes,DSL,No,No,Yes,Yes,No,No,Two year,Yes,Mailed check,59.76,728.77,0
7670-NPJOU,Male,0,No,No,66,No,No phone service,Fiber optic,No,No,No,No,No,No,Month-to-month,Yes,Electronic check,79.61,5254.81,1
9190-XZOJU,Female,0,No,No,61,Yes,Yes,No,No internet service,No internet service,No internet service,No internet service,No internet service,No internet service,Month-to-month,Yes,Electronic check,26.03,1640.68,0
2374-GZCBF,Male,1,Yes,No,20,Yes,No,Fiber optic,No,Yes,Yes,Yes,Yes,No,Month-to-month,No,Mailed check,95.8,1914.59,1
4148-UIJDC,Female,0,No,No,5,Yes,Yes,Fiber optic,Yes,Yes,Yes,No,No,No,Month-to-month,Yes,Bank transfer (automatic),100.13,502.26,1
6550-IXVQN,Male,0,No,No,60,No,No phone service,Fiber optic,No,No,No,No,No,No,One year,Yes,Credit card (automatic),76.17,4578.9,0
4680-JMLAV,Female,1,Yes,No,71,Yes,Yes,No,No internet service,No internet service,No internet service,No internet service,No internet service,No internet service,Month-to-month,Yes,Electronic check,19.56,1369.38,0
6974-SSFMS,Female,0,Yes,No,69,Yes,No,Fiber optic,No,No,No,No,No,Yes,Two year,No,Bank transfer (automatic),89.94,6217.37,1
7927-MZVUD,Male,0,No,No,8,Yes,No,No,No internet service,No internet service,No internet service,No internet service,No internet service,No internet service,Month-to-month,Yes,Bank transfer (automatic),18.25,152.94,1
2145-XBOLG,Female,1,Yes,No,6,Yes,No,DSL,No,No,Yes,Yes,No,No,Two year,No,Credit card (automatic),71.45,411.72,0
5864-TRWMQ,Female,1,No,No,12,Yes,Yes,Fiber optic,No,No,No,No,No,Yes,Month-to-month,No,Credit card (automatic),90.84,1097.03,1
7862-DYNTM,Male,0,No,No,65,No,No phone service,No,No internet service,No internet service,No internet service,No internet service,No internet service,No internet service,Two year,No,Bank transfer (automatic),21.69,1417.18,0
2197-CZZRN,Male,0,Yes,No,72,No,No phone service,Fiber optic,No,Yes,No,No,No,No,One year,No,Credit card (automatic),79.29,5717.94,0
9785-OCAZX,Male,1,Yes,No,10,Yes,No,No,No internet service,No internet service,No internet service,No internet service,No internet service,No internet service,Month-to-month,Yes,Credit card (automatic),18.25,174.44,1
9856-QCNCM,Male,0,Yes,No,51,Yes,Yes,Fiber optic,Yes,No,No,No,No,No,One year,Yes,Electronic check,89.07,4563.33,0
2957-ORNUZ,Female,0,Yes,No,72,No,No phone service,Fiber optic,Yes,Yes,No,No,No,No,Month-to-month,No,Bank transfer (automatic),88.72,6411.47,0
4528-CSHDD,Female,0,Yes,No,10,Yes,No,No,No internet service,No internet service,No internet service,No internet service,No internet service,No internet service,Month-to-month,Yes,Bank transfer (automatic),18.25,199.8,1
1411-SKAHO,Male,0,No,No,55,Yes,No,DSL,No,Yes,Yes,No,Yes,Yes,One year,No,Bank transfer (automatic),79.99,4398.08,0
4836-AGUTT,Male,0,Yes,Yes,12,Yes,Yes,Fiber optic,No,No,No,Yes,Yes,No,Month-to-month,No,Credit card (automatic),111.89,1342.5,1
5423-XKNVP,Male,0,Yes,No,69,Yes,No,DSL,Yes,No,Yes,Yes,No,No,Month-to-month,No,Electronic check,73.23,5037.74,0
4352-NLQNJ,Male,0,Yes,No,7,No,No phone service,Fiber optic,No,No,No,No,No,No,Two year,Yes,Electronic check,81.2,555.62,1
5828-XNRVI,Female,1,No,No,23,Yes,No,Fiber optic,Yes,Yes,Yes,No,Yes,No,Month-to-month,No,Mailed check,90.53,2100.68,1
5960-QFHZM,Female,0,No,No,62,Yes,No,DSL,Yes,No,No,No,Yes,No,Two year,No,Electronic check,73.5,4575.32,0
4704-REFUS,Female,0,Yes,No,63,Yes,Yes,DSL,No,No,No,No,Yes,No,One year,Yes,Electronic check,62.37,3904.12,0
1604-DGDYK,Female,0,Yes,No,4,No,No phone service,No,No internet service,No internet service,No internet service,No internet service,No internet service,No internet service,Month-to-month,Yes,Electronic check,22.04,93.23,1
1030-LNMJR,Female,0,No,No,66,Yes,Yes,No,No internet service,No internet service,No internet service,No internet service,No internet service,No internet service,Month-to-month,Yes,Bank transfer (automatic),18.25,1201.02,0
1263-PEHNE,Male,0,Yes,Yes,11,Yes,No,No,No internet service,No internet service,No internet service,No internet service,No internet service,No internet service,Two year,No,Bank transfer (automatic),22.4,241.86,0
8515-ZXHYZ,Male,0,No,Yes,68,Yes,Yes,Fiber optic,No,No,No,No,Yes,Yes,One year,No,Electronic check,105.3,7161.79,1
1247-FPDLK,Female,1,Yes,No,24,Yes,Yes,Fiber optic,Yes,No,Yes,No,Yes,No,Month-to-month,No,Credit card (automatic),101.41,2428.42,1
1852-CLEFS,Female,1,No,No,27,Yes,Yes,No,No internet service,No internet service,No internet service,No internet service,No internet service,No internet service,Month-to-month,No,Electronic check,18.25,478.67,1
5561-RPWKE,Male,0,No,No,7,Yes,Yes,Fiber optic,Yes,No,No,No,No,Yes,Month-to-month,Yes,Electronic check,100.6,679.56,1
5730-ICHFD,Female,0,No,Yes,57,Yes,Yes,No,No internet service,No internet service,No internet service,No internet service,No internet service,No internet service,One year,Yes,Mailed check,18.25,1048.48,0
1199-LLYUP,Female,0,No,No,35,Yes,No,DSL,No,No,No,No,No,No,Month-to-month,Yes,Bank transfer (automatic),46.83,1648.75,1
1532-JVNMI,Female,0,Yes,No,72,Yes,No,Fiber optic,Yes,No,No,No,Yes,No,Month-to-month,No,Bank transfer (automatic),106.23,7622.38,1
6830-GLERD,Female,1,Yes,No,1,Yes,No,DSL,No,No,Yes,No,Yes,Yes,Two year,Yes,Bank transfer (automatic),84.01,84.01,1
2195-BCZLC,Male,0,Yes,No,46,Yes,No,Fiber optic,No,No,No,No,No,Yes,Month-to-month,No,Credit card (automatic),84.97,3923.17,1
5899-DFLSJ,Female,0,No,No,11,No,No phone service,DSL,No,No,No,No,Yes,No,Month-to-month,No,Electronic check,62.31,649.11,1
6118-AQPIY,Female,0,Yes,Yes,4,Yes,Yes,Fiber optic,No,No,Yes,No,No,Yes,Month-to-month,Yes,Credit card (automatic),88.23,343.47,1
1455-UIWIL,Female,0,Yes,No,28,Yes,No,DSL,Yes,No,No,No,Yes,Yes,Month-to-month,No,Bank transfer (automatic),89.22,2490.55,1
9309-WIOBK,Female,0,No,Yes,55,Yes,Yes,Fiber optic,Yes,No,No,Yes,Yes,No,One year,No,Credit card (automatic),109.4,6023.43,0
3291-KHWFU,Female,1,No,No,10,No,No phone service,Fiber optic,No,No,No,No,No,Yes,Month-to-month,No,Electronic check,90.37,898.7,1
6199-TGCHR,Male,0,Yes,No,4,No,No phone service,DSL,No,Yes,Yes,Yes,No,Yes,Month-to-month,Yes,Electronic check,78.32,317.24,1
4710-QKBYU,Male,0,No,Yes,25,Yes,Yes,No,No internet service,No internet service,No internet service,No internet service,No internet service,No internet service,Month-to-month,No,Credit card (automatic),18.25,477.97,1
3795-XSGRH,Male,0,No,Yes,45,Yes,Yes,DSL,No,Yes,Yes,No,No,No,Month-to-month,No,Mailed check,58.4,2638.14,1
5639-NGUDQ,Female,0,No,Yes,30,No,No phone service,No,No internet service,No internet service,No internet service,No internet service,No internet service,No internet service,Month-to-month,Yes,Electronic check,23.52,718.15,1
6498-ELIZT,Female,0,Yes,No,19,Yes,No,Fiber optic,Yes,Yes,No,Yes,Yes,No,Month-to-month,Yes,Credit card (automatic),111.37,2135.55,1
2803-MYRTI,Male,1,Yes,Yes,61,No,No phone service,DSL,No,No,No,No,Yes,Yes,Month-to-month,Yes,Mailed check,72.39,4411.54,1
3705-DUHAQ,Male,0,Yes,No,10,Yes,Yes,DSL,Yes,No,Yes,No,Yes,No,Month-to-month,Yes,Bank transfer (automatic),65.59,639.85,1
8636-YITMB,Female,0,No,Yes,4,No,No phone service,No,No internet service,No internet service,No internet service,No internet service,No internet service,No internet service,Two year,Yes,Electronic check,18.25,66.72,0
8848-MITFA,Female,0,Yes,No,6,Yes,No,No,No internet service,No internet service,No internet service,No internet service,No internet service,No internet service,Month-to-month,No,Bank transfer (automatic),18.61,142.0,1
4473-YECDA,Male,0,No,No,69,Yes,Yes,DSL,No,No,No,No,No,No,Month-to-month,Yes,Bank transfer (automatic),48.5,3349.23,1
9242-NIXDR,Female,0,No,No,67,Yes,No,DSL,No,No,No,No,No,Yes,Month-to-month,Yes,Electronic check,53.19,3552.14,1
2142-NYDYJ,Female,0,Yes,No,3,Yes,No,Fiber optic,No,Yes,Yes,No,Yes,No,Month-to-month,Yes,Bank transfer (automatic),86.11,275.37,1
5303-CWGJM,Male,0,No,No,7,Yes,No,DSL,No,No,No,No,No,Yes,One year,No,Electronic check,63.66,435.81,0
9718-DRKYD,Female,0,Yes,Yes,72,Yes,No,No,No internet service,No internet service,No internet service,No internet service,No internet service,No internet service,Two year,Yes,Electronic check,25.71,1860.4,0
6509-XNRHJ,Female,0,No,Yes,46,Yes,No,No,No internet service,No internet service,No internet service,No internet service,No internet service,No internet service,Month-to-month,No,Bank transfer (automatic),26.91,1242.07,0
4892-EWGLY,Female,0,Yes,No,2,Yes,No,No,No internet service,No internet service,No internet service,No internet service,No internet service,No internet service,Two year,Yes,Credit card (automatic),29.75,34.25,0
9731-CZDJD,Male,0,Yes,Yes,68,No,No phone service,DSL,No,Yes,Yes,No,No,No,Month-to-month,No,Mailed check,51.25,3490.29,1
1217-OJUVP,Female,0,Yes,No,58,Yes,No,DSL,No,Yes,No,No,No,No,Two year,No,Electronic check,45.27,2631.72,1
2005-OSTSR,Female,0,No,No,11,Yes,No,No,No internet service,No internet service,No internet service,No internet service,No internet service,No internet service,One year,No,Bank transfer (automatic),18.25,181.91,1
2127-ZLYPA,Male,0,Yes,No,64,Yes,Yes,Fiber optic,No,Yes,Yes,No,Yes,No,Month-to-month,Yes,Bank transfer (automatic),100.11,6407.09,1
3348-PBXOG,Female,1,Yes,No,61,Yes,Yes,Fiber optic,No,No,No,No,No,Yes,Month-to-month,Yes,Credit card (automatic),88.61,5398.33,1
8691-AEJVU,Female,0,Yes,Yes,37,Yes,Yes,Fiber optic,No,No,No,Yes,Yes,Yes,Two year,Yes,Electronic check,106.07,3952.12,1
4861-DNMAP,Female,0,Yes,Yes,56,Yes,No,Fiber optic,No,No,No,No,No,No,Month-to-month,No,Bank transfer (automatic),73.66,4122.59,0
6261-WIVPS,Male,0,No,No,69,Yes,Yes,No,No internet service,No internet service,No internet service,No internet service,No internet service,No internet service,Month-to-month,No,Electronic check,21.05,1451.55,0
9581-OZNTJ,Male,0,Yes,No,2,No,No phone service,No,No internet service,No internet service,No internet service,No internet service,No internet service,No internet service,Month-to-month,Yes,Credit card (automatic),18.25,62.86,0
8985-ULAUQ,Female,0,No,No,12,No,No phone service,DSL,No,No,No,Yes,No,Yes,Month-to-month,No,Bank transfer (automatic),64.27,766.73,1
3862-IWSYR,Male,0,No,Yes,4,Yes,Yes,DSL,No,Yes,No,No,Yes,No,Month-to-month,No,Mailed check,60.27,256.02,1
1675-GIVZU,Male,0,Yes,No,11,Yes,Yes,DSL,No,Yes,Yes,Yes,No,No,One year,Yes,Electronic check,57.85,638.6,0
9982-LGNOO,Male,0,No,No,6,Yes,Yes,DSL,No,No,No,No,Yes,Yes,Two year,Yes,Bank transfer (automatic),82.65,492.23,1
7684-FUNBH,Male,1,Yes,No,41,Yes,Yes,DSL,No,Yes,Yes,No,Yes,No,Month-to-month,No,Mailed check,58.55,2416.68,1
7291-MWFEE,Male,0,Yes,No,66,Yes,No,DSL,No,No,Yes,No,No,Yes,One year,Yes,Credit card (automatic),60.9,4051.36,0
1229-YAIFT,Male,0,Yes,Yes,51,Yes,Yes,DSL,No,Yes,No,No,No,Yes,One year,Yes,Bank transfer (automatic),56.27,2830.15,0
9627-ZGIEN,Male,1,No,Yes,69,Yes,Yes,Fiber optic,No,Yes,No,Yes,No,No,Month-to-month,No,Bank transfer (automatic),88.57,6122.04,1
5080-EHGMM,Male,0,No,No,61,No,No phone service,Fiber optic,Yes,Yes,No,No,No,No,Month-to-month,No,Electronic check,90.37,5512.94,1
7433-HKZRY,Male,1,No,Yes,52,Yes,Yes,No,No internet service,No internet service,No internet service,No internet service,No internet service,No internet service,One year,Yes,Mailed check,26.16,1344.56,0
8001-SFVBM,Female,0,No,No,8,Yes,Yes,DSL,No,Yes,No,Yes,No,Yes,Month-to-month,No,Mailed check,69.69,565.49,1
3760-WYZKA,Male,0,No,Yes,7,Yes,Yes,Fiber optic,No,No,No,Yes,No,Yes,Month-to-month,Yes,Bank transfer (automatic),101.8,727.01,0
3215-XBQHB,Male,0,Yes,No,12,Yes,Yes,Fiber optic,No,Yes,No,No,No,No,Month-to-month,No,Mailed check,79.57,979.85,1
9746-FVEPH,Female,0,Yes,No,42,Yes,Yes,Fiber optic,No,No,No,Yes,No,No,Month-to-month,No,Credit card (automatic),89.5,3775.11,1
4933-SPMZT,Female,0,Yes,Yes,69,Yes,Yes,Fiber optic,Yes,Yes,No,Yes,No,Yes,Month-to-month,Yes,Electronic check,110.0,7599.62,0
4014-GPWPL,Female,0,No,No,12,Yes,Yes,DSL,No,No,Yes,No,No,Yes,Month-to-month,Yes,Credit card (automatic),61.25,730.4,1
2430-NXRRP,Female,0,Yes,No,57,Yes,No,DSL,No,No,No,Yes,No,No,Month-to-month,Yes,Electronic check,64.95,3706.93,0
7741-TPMZI,Male,0,No,No,41,Yes,Yes,Fiber optic,Yes,Yes,Yes,No,No,No,Month-to-month,No,Mailed check,88.21,3613.7,1
6617-ZIMDI,Male,1,No,No,20,Yes,No,DSL,No,Yes,Yes,No,No,No,Month-to-month,Yes,Bank transfer (automatic),53.66,1071.48,1
6728-ONSLU,Male,0,No,No,6,Yes,No,Fiber optic,No,No,No,No,No,No,Two year,Yes,Mailed check,70.78,414.53,1
9733-ZYFCZ,Female,0,No,No,7,No,No phone service,DSL,No,Yes,No,No,No,No,Two year,No,Mailed check,46.33,349.97,0
8923-YVTPT,Male,0,No,No,60,Yes,No,DSL,No,No,No,No,No,No,Month-to-month,Yes,Bank transfer (automatic),46.53,2797.25,0
4000-XWQPF,Male,0,No,No,7,Yes,No,DSL,Yes,No,Yes,No,No,Yes,Two year,No,Electronic check,67.88,473.91,0
4204-HSYZB,Female,1,No,No,4,Yes,No,DSL,No,No,No,No,No,Yes,Month-to-month,Yes,Credit card (automatic),67.2,280.66,1
4541-NVLQO,Female,0,No,No,8,Yes,Yes,Fiber optic,No,No,No,No,No,Yes,Two year,Yes,Mailed check,97.84,777.9,1
7127-RPMUQ,Female,0,Yes,Yes,70,Yes,Yes,Fiber optic,No,Yes,No,No,No,Yes,Month-to-month,Yes,Bank transfer (automatic),94.03,6560.23,1
1337-HAYZC,Female,0,Yes,Yes,61,Yes,No,DSL,Yes,No,Yes,No,No,No,Month-to-month,No,Mailed check,62.63,3804.26,0
9543-PBOAI,Female,0,No,No,72,Yes,No,No,No internet service,No internet service,No internet service,No internet service,No internet service,No internet service,Month-to-month,Yes,Bank transfer (automatic),18.25,1296.82,0
8053-PDLAA,Male,0,Yes,No,71,Yes,No,DSL,No,Yes,Yes,No,No,No,Month-to-month,Yes,Bank transfer (automatic),54.3,3875.32,1
6764-GRWWO,Female,0,No,No,5,Yes,No,DSL,No,Yes,No,No,Yes,No,Month-to-month,Yes,Mailed check,52.24,248.48,1
7124-ZYMPG,Female,0,Yes,No,13,Yes,No,DSL,No,Yes,Yes,No,No,Yes,Month-to-month,No,Electronic check,59.73,724.63,0
6831-PMNQL,Male,0,No,Yes,6,Yes,Yes,Fiber optic,No,Yes,No,No,No,Yes,One year,No,Electronic check,96.32,571.97,1
8466-XXTMX,Male,1,No,No,43,Yes,No,Fiber optic,No,No,Yes,No,No,No,One year,No,Credit card (automatic),71.25,3065.76,1
7751-TOXUD,Male,0,No,No,1,Yes,No,No,No internet service,No internet service,No internet service,No internet service,No internet service,No internet service,Month-to-month,Yes,Mailed check,18.25,18.25,1
9616-VBRBY,Female,0,Yes,No,24,Yes,No,DSL,No,No,No,No,Yes,No,Month-to-month,No,Bank transfer (automatic),67.38,1604.47,1
1096-OZSOZ,Female,1,Yes,No,19,Yes,No,Fiber optic,No,Yes,No,Yes,No,No,Month-to-month,Yes,Credit card (automatic),92.96,1778.24,1
6294-TJXTK,Male,1,No,No,1,Yes,Yes,No,No internet service,No internet service,No internet service,No internet service,No internet service,No internet service,Two year,Yes,Mailed check,31.25,39.19,0
9593-ZJWEI,Male,0,No,No,9,Yes,Yes,No,No internet service,No internet service,No internet service,No internet service,No internet service,No internet service,Two year,Yes,Mailed check,21.2,184.56,0
3647-TSMRQ,Female,0,No,No,31,Yes,Yes,DSL,Yes,Yes,No,No,Yes,Yes,One year,No,Electronic check,78.04,2399.89,0
7202-FJBXF,Male,0,No,No,59,Yes,No,No,No internet service,No internet service,No internet service,No internet service,No internet service,No internet service,Month-to-month,Yes,Electronic check,19.6,1158.72,1
7778-UMRGB,Male,0,Yes,No,11,Yes,Yes,Fiber optic,No,Yes,No,No,Yes,No,Two year,Yes,Mailed check,94.87,1051.09,1
5317-NERKJ,Male,0,Yes,No,60,Yes,No,DSL,Yes,No,No,Yes,No,No,One year,Yes,Electronic check,62.7,3757.87,0
2626-KBOGI,Male,0,Yes,No,69,Yes,Yes,DSL,No,No,Yes,No,Yes,No,Month-to-month,Yes,Electronic check,58.94,4073.51,1
9276-EGTBC,Female,0,No,No,14,Yes,No,Fiber optic,No,No,No,No,No,Yes,One year,No,Mailed check,91.58,1270.26,1
9215-BUVWS,Female,0,Yes,Yes,22,No,No phone service,Fiber optic,Yes,No,No,No,No,Yes,One year,No,Mailed check,98.55,2155.32,0
2017-DXTGV,Female,0,Yes,No,1,Yes,No,DSL,No,Yes,Yes,Yes,Yes,No,One year,No,Credit card (automatic),60.24,85.46,1
8623-GQSVP,Male,0,Yes,Yes,38,Yes,Yes,DSL,No,Yes,No,No,No,No,Month-to-month,Yes,Electronic check,51.69,1948.89,1
8051-CONON,Female,0,No,Yes,67,Yes,Yes,DSL,No,No,No,Yes,No,Yes,Month-to-month,Yes,Bank transfer (automatic),76.96,5162.18,0
4973-GYCQJ,Female,0,No,No,69,Yes,Yes,No,No internet service,No internet service,No internet service,No internet service,No internet service,No internet service,Month-to-month,No,Electronic check,19.89,1362.88,0
1350-OFQQN,Male,0,Yes,No,5,Yes,Yes,DSL,No,No,No,Yes,No,No,Two year,No,Credit card (automatic),56.14,304.19,0
3888-XYRYE,Male,0,Yes,No,28,Yes,No,Fiber optic,Yes,No,No,Yes,No,No,Two year,Yes,Electronic check,102.04,2863.12,0
6103-HGWDR,Female,0,Yes,No,2,Yes,No,Fiber optic,No,No,Yes,No,Yes,Yes,One year,No,Mailed check,99.11,189.15,1
8630-EPNSN,Male,0,No,Yes,6,Yes,No,No,No internet service,No internet service,No internet service,No internet service,No internet service,No internet service,One year,Yes,Electronic check,20.77,145.75,1
8498-IFQSL,Male,1,Yes,No,36,Yes,Yes,Fiber optic,Yes,No,No,No,No,No,Month-to-month,Yes,Mailed check,96.01,3467.53,1
6558-DPYKV,Female,0,Yes,No,35,Yes,Yes,Fiber optic,No,No,No,Yes,No,Yes,Month-to-month,Yes,Electronic check,103.09,3624.06,1
4263-DQHNB,Female,0,No,No,11,Yes,Yes,Fiber optic,No,No,No,No,No,No,Month-to-month,No,Mailed check,88.32,985.55,1
2512-KKXVX,Female,0,No,Yes,7,Yes,Yes,Fiber optic,No,No,No,Yes,No,Yes,Two year,Yes,Credit card (automatic),106.09,746.5,1
7011-FUUNJ,Male,0,Yes,No,17,Yes,Yes,DSL,No,No,No,No,No,Yes,One year,No,Bank transfer (automatic),60.96,1030.0,0
4639-ZHGHH,Male,0,Yes,Yes,4,Yes,Yes,Fiber optic,No,Yes,No,No,Yes,No,Month-to-month,Yes,Electronic check,98.5,393.65,1
9287-WBPIM,Male,0,Yes,No,63,Yes,Yes,DSL,Yes,No,No,No,Yes,No,One year,Yes,Credit card (automatic),67.32,4244.24,1
4397-WLVYQ,Male,0,Yes,No,3,Yes,No,Fiber optic,No,No,No,No,No,No,Two year,Yes,Electronic check,81.99,242.93,1
2807-BMAZS,Male,1,No,No,27,Yes,No,Fiber optic,Yes,Yes,Yes,Yes,No,No,One year,Yes,Bank transfer (automatic),95.87,2604.68,1
6209-KEATM,Male,0,No,No,68,Yes,Yes,Fiber optic,No,No,No,Yes,No,Yes,Month-to-month,No,Bank transfer (automatic),107.05,7251.41,1
1742-HFQLA,Female,0,No,No,38,Yes,No,Fiber optic,No,No,No,No,No,Yes,Month-to-month,Yes,Mailed check,93.67,3566.63,1
1180-CNZHK,Female,0,No,No,24,Yes,Yes,No,No internet service,No internet service,No internet service,No internet service,No internet service,No internet service,Month-to-month,No,Mailed check,25.69,596.04,1
2115-NHCGS,Male,1,Yes,No,4,Yes,No,Fiber optic,No,Yes,No,No,No,No,Month-to-month,No,Mailed check,77.41,325.25,1
7599-DYPMT,Female,0,No,No,5,Yes,No,DSL,No,Yes,No,Yes,No,Yes,Two year,Yes,Bank transfer (automatic),74.4,375.27,1
1349-SEWET,Female,0,Yes,Yes,69,Yes,Yes,Fiber optic,Yes,No,Yes,No,Yes,No,Month-to-month,No,Electronic check,113.26,7841.06,1
8841-XDBZM,Female,0,No,No,1,Yes,No,Fiber optic,No,Yes,Yes,No,Yes,No,Month-to-month,No,Credit card (automatic),88.45,94.31,1
9253-PVBSQ,Male,0,No,Yes,4,Yes,No,DSL,No,No,No,No,Yes,Yes,Month-to-month,Yes,Electronic check,70.02,287.54,1
5975-EYRWU,Female,0,No,No,56,Yes,Yes,Fiber optic,Yes,No,Yes,No,Yes,Yes,Two year,No,Mailed check,118.75,6646.87,0
5763-RHOMM,Female,0,No,No,66,Yes,No,Fiber optic,No,No,No,No,No,Yes,One year,Yes,Electronic check,93.28,6126.72,1
7658-PVTMT,Male,0,No,No,67,Yes,Yes,Fiber optic,No,No,No,Yes,Yes,No,Month-to-month,Yes,Mailed check,102.61,6871.53,1
4720-BCOWS,Male,0,Yes,No,6,Yes,Yes,Fiber optic,No,No,No,No,No,Yes,Month-to-month,Yes,Credit card (automatic),93.52,553.25,1
1081-MEZVF,Male,0,No,No,40,Yes,Yes,DSL,No,Yes,Yes,Yes,No,Yes,One year,No,Mailed check,67.45,2715.77,0
7995-NDVSW,Female,1,Yes,No,60,Yes,No,Fiber optic,No,Yes,No,No,Yes,No,Month-to-month,Yes,Electronic check,86.81,5193.2,1
6999-GDBGC,Female,0,No,No,66,Yes,Yes,DSL,Yes,No,Yes,No,No,No,Two year,No,Mailed check,60.95,4062.15,0
3879-OABJP,Female,0,No,No,58,Yes,Yes,DSL,Yes,No,Yes,Yes,Yes,Yes,Month-to-month,Yes,Electronic check,95.12,5507.52,1
1831-YOXON,Male,0,No,No,70,Yes,Yes,No,No internet service,No internet service,No internet service,No internet service,No internet service,No internet service,Month-to-month,Yes,Mailed check,18.25,1284.64,1
5787-VNFNQ,Male,0,Yes,Yes,72,Yes,Yes,Fiber optic,No,No,No,No,No,No,Two year,No,Credit card (automatic),83.49,6001.69,0
7792-RTSQP,Male,0,No,Yes,70,Yes,Yes,Fiber optic,No,No,No,Yes,No,Yes,Two year,Yes,Bank transfer (automatic),91.9,6428.07,1
7800-HGTLI,Female,0,No,No,22,Yes,No,No,No internet service,No internet service,No internet service,No internet service,No internet service,No internet service,Month-to-month,Yes,Credit card (automatic),27.94,605.41,1
6874-NTAJQ,Female,0,No,No,1,Yes,No,Fiber optic,No,Yes,No,No,Yes,No,Two year,Yes,Electronic check,91.21,91.21,0
3310-QQDQR,Female,0,No,Yes,61,Yes,No,DSL,Yes,Yes,No,No,Yes,Yes,Month-to-month,No,Electronic check,85.29,5193.09,1
4693-TWBHM,Male,0,No,No,1,Yes,No,No,No internet service,No internet service,No internet service,No internet service,No internet service,No internet service,Month-to-month,Yes,Mailed check,19.66,19.66,1
8396-WYVTV,Male,0,Yes,No,17,Yes,No,Fiber optic,No,No,Yes,No,No,No,One year,No,Bank transfer (automatic),72.3,1224.77,1
6630-OTWIC,Female,0,No,No,3,No,No phone service,Fiber optic,Yes,Yes,Yes,No,Yes,No,Two year,Yes,Electronic check,111.61,353.16,1
9691-CBANQ,Female,0,Yes,No,3,Yes,No,No,No internet service,No internet service,No internet service,No internet service,No internet service,No internet service,Month-to-month,Yes,Electronic check,21.24,53.95,1
6353-MSWOY,Female,0,No,No,62,Yes,Yes,Fiber optic,No,No,No,No,No,No,Month-to-month,Yes,Electronic check,78.57,4886.67,1
8979-NBGQR,Male,0,No,No,5,Yes,No,DSL,No,No,No,No,No,No,One year,No,Electronic check,50.03,245.59,0
3412-FUHBA,Female,0,No,No,51,Yes,No,Fiber optic,No,No,No,No,No,No,One year,Yes,Bank transfer (automatic),78.25,3990.16,1
6452-PGVXK,Male,0,Yes,No,24,Yes,Yes,DSL,No,No,No,Yes,Yes,No,Two year,No,Mailed check,84.92,2025.98,1
8075-OMXBN,Female,0,Yes,No,4,No,No phone service,No,No internet service,No internet service,No internet service,No internet service,No internet service,No internet service,Month-to-month,Yes,Electronic check,19.24,80.35,1
5239-XFIGR,Female,0,No,No,72,Yes,No,No,No internet service,No internet service,No internet service,No internet service,No internet service,No internet service,Month-to-month,Yes,Credit card (automatic),25.67,1885.11,0
8481-XIWDI,Female,0,No,No,51,Yes,No,Fiber optic,No,No,Yes,No,Yes,No,One year,No,Mailed check,97.51,4958.83,1
8185-DLDYX,Female,0,No,No,8,Yes,No,DSL,No,No,No,Yes,No,No,One year,No,Electronic check,63.41,522.64,1
1710-TNXXG,Female,0,No,No,72,Yes,No,Fiber optic,No,No,No,No,Yes,Yes,Two year,Yes,Electronic check,102.57,7371.6,1
7286-ZMVHW,Female,0,No,No,20,Yes,No,Fiber optic,No,Yes,Yes,No,No,Yes,Month-to-month,No,Mailed check,94.01,1886.34,1
7384-ELMTN,Female,0,No,No,64,Yes,No,DSL,Yes,No,Yes,Yes,Yes,No,Month-to-month,Yes,Electronic check,83.2,5300.69,1
6642-RXYTD,Female,0,Yes,No,8,Yes,No,DSL,No,No,No,No,No,No,One year,No,Electronic check,52.06,434.07,1
7646-URGOU,Female,0,Yes,Yes,41,Yes,Yes,DSL,No,No,No,No,Yes,No,One year,Yes,Mailed check,65.13,2661.31,1
7641-FPTXH,Female,0,Yes,No,63,Yes,No,Fiber optic,No,No,No,No,No,No,Month-to-month,No,Mailed check,82.09,5187.46,1
2728-UPVPC,Male,0,Yes,No,72,Yes,No,Fiber optic,Yes,No,Yes,Yes,No,No,One year,No,Mailed check,100.4,7228.72,0
3362-QIYCT,Male,0,No,No,52,Yes,No,No,No internet service,No internet service,No internet service,No internet service,No internet service,No internet service,Month-to-month,Yes,Credit card (automatic),19.92,1041.56,0
9362-GRLSP,Female,0,No,No,34,No,No phone service,DSL,Yes,No,No,Yes,No,No,Month-to-month,Yes,Mailed check,66.24,2269.92,1
9721-VXQTO,Female,0,No,No,54,Yes,No,DSL,No,No,No,No,No,Yes,Month-to-month,No,Mailed check,64.44,3491.04,1
7120-ABHVY,Male,0,Yes,Yes,9,Yes,No,DSL,No,Yes,Yes,No,Yes,No,One year,Yes,Bank transfer (automatic),60.25,551.18,1
7463-BSIIM,Male,1,Yes,No,31,Yes,No,No,No internet service,No internet service,No internet service,No internet service,No internet service,No internet service,Two year,Yes,Bank transfer (automatic),23.48,741.82,0
6121-FOSUO,Male,0,No,No,6,Yes,No,Fiber optic,No,Yes,No,Yes,No,No,Month-to-month,No,Mailed check,88.62,521.9,1
2139-RGZKH,Female,0,No,Yes,4,Yes,No,No,No internet service,No internet service,No internet service,No internet service,No internet service,No internet service,Month-to-month,No,Mailed check,18.25,70.25,1
9847-FHBSP,Female,1,No,Yes,32,Yes,No,No,No internet service,No internet service,No internet service,No internet service,No internet service,No internet service,Two year,Yes,Mailed check,22.66,727.28,1
8843-GJLQG,Female,0,Yes,No,63,Yes,Yes,DSL,No,No,No,No,No,No,Month-to-month,No,Credit card (automatic),53.84,3398.42,1
3716-VHGDC,Female,1,Yes,No,54,Yes,No,DSL,No,No,Yes,No,No,No,Month-to-month,No,Mailed check,50.36,2740.03,1
6336-SODYI,Male,0,No,No,2,Yes,Yes,DSL,No,Yes,No,No,Yes,No,Month-to-month,No,Mailed check,58.09,128.69,1
8727-MRUPA,Male,0,No,No,38,Yes,Yes,DSL,No,No,No,No,No,Yes,Month-to-month,Yes,Bank transfer (automatic),68.45,2595.21,0
5671-DRHTP,Male,0,No,No,46,Yes,No,Fiber optic,Yes,Yes,No,No,No,No,Two year,Yes,Bank transfer (automatic),96.2,4432.44,0
9303-UKTUU,Male,0,Yes,No,26,No,No phone service,Fiber optic,No,No,No,No,Yes,No,One year,Yes,Electronic check,84.97,2212.91,1
1172-USWSR,Female,1,No,No,31,Yes,No,Fiber optic,Yes,No,No,Yes,Yes,No,Month-to-month,No,Bank transfer (automatic),115.54,3596.32,1
6762-SKCHT,Male,0,Yes,No,24,Yes,No,DSL,No,No,Yes,Yes,Yes,No,Month-to-month,No,Electronic check,86.67,2084.24,1
9070-SJPET,Male,0,Yes,No,38,Yes,No,DSL,No,Yes,No,No,No,No,Month-to-month,No,Credit card (automatic),50.57,1918.07,1
2741-IHKPG,Female,0,No,No,66,Yes,No,Fiber optic,Yes,No,Yes,No,Yes,Yes,Month-to-month,Yes,Mailed check,118.04,7808.56,1
8180-OXUTW,Female,1,No,Yes,64,Yes,No,DSL,Yes,Yes,Yes,Yes,Yes,Yes,Two year,Yes,Mailed check,91.89,5880.25,0
4295-QFOHG,Female,0,Yes,No,19,Yes,Yes,Fiber optic,No,No,Yes,No,No,No,Month-to-month,Yes,Electronic check,86.26,1649.77,1
8544-BMWFE,Male,0,No,Yes,19,No,No phone service,DSL,No,No,Yes,No,Yes,No,Month-to-month,Yes,Credit card (automatic),55.7,1031.94,1
9736-TAROW,Male,0,No,No,23,Yes,Yes,DSL,No,Yes,Yes,Yes,No,No,Month-to-month,No,Electronic check,62.3,1417.14,0
3826-JCEXM,Female,1,No,Yes,28,Yes,No,No,No internet service,No internet service,No internet service,No internet service,No internet service,No internet service,One year,Yes,Electronic check,22.47,649.76,1
8953-HVUBI,Female,0,Yes,Yes,56,Yes,Yes,Fiber optic,No,No,Yes,No,Yes,No,Two year,No,Bank transfer (automatic),96.43,5405.21,0
8178-QRMAL,Female,0,Yes,No,56,Yes,No,DSL,No,No,No,Yes,Yes,No,Month-to-month,Yes,Electronic check,73.22,4108.9,1
8211-TTUEH,Female,1,No,Yes,3,Yes,No,Fiber optic,Yes,Yes,Yes,Yes,No,No,Month-to-month,Yes,Credit card (automatic),102.26,321.87,1
9544-OCFML,Male,0,No,No,70,Yes,No,DSL,No,No,No,No,Yes,Yes,Month-to-month,Yes,Mailed check,70.7,4939.39,1
3316-SRXAY,Female,0,No,Yes,10,Yes,No,DSL,Yes,No,No,No,No,Yes,Two year,Yes,Credit card (automatic),72.05,710.41,0
6593-GLJLK,Male,0,Yes,No,64,Yes,No,Fiber optic,Yes,Yes,Yes,No,No,No,Month-to-month,No,Credit card (automatic),88.61,5657.28,1
4438-DSFYI,Female,1,Yes,Yes,33,Yes,No,Fiber optic,No,No,No,No,Yes,No,Month-to-month,Yes,Electronic check,95.22,3129.61,1
7953-TJEMI,Female,0,Yes,Yes,64,Yes,No,DSL,No,No,No,No,No,No,One year,Yes,Mailed check,48.65,3106.33,0
6491-BRUAX,Male,0,Yes,No,64,Yes,No,DSL,Yes,No,No,No,Yes,Yes,Month-to-month,Yes,Credit card (automatic),85.17,5472.97,1
1533-ULJBI,Female,0,Yes,No,63,Yes,Yes,Fiber optic,Yes,Yes,No,No,No,No,One year,No,Bank transfer (automatic),88.45,5557.08,0
2578-BWXVN,Female,0,Yes,Yes,5,Yes,No,DSL,Yes,No,Yes,No,Yes,Yes,Month-to-month,Yes,Bank transfer (automatic),83.21,428.39,1
3275-KWKQD,Female,1,No,No,4,Yes,Yes,No,No internet service,No internet service,No internet service,No internet service,No internet service,No internet service,Two year,Yes,Mailed check,28.29,95.93,0
6046-MGPAM,Male,1,No,Yes,11,Yes,No,DSL,No,No,No,Yes,No,No,Month-to-month,No,Credit card (automatic),57.12,636.1,1
1065-AKFTC,Male,0,No,No,40,Yes,No,DSL,No,Yes,Yes,No,No,No,One year,Yes,Electronic check,45.24,1810.69,1
2844-LEIZZ,Female,0,No,No,52,Yes,Yes,No,No internet service,No internet service,No internet service,No internet service,No internet service,No internet service,Month-to-month,Yes,Credit card (automatic),18.25,949.15,0
8248-LJSEZ,Female,0,No,Yes,34,No,No phone service,Fiber optic,No,No,Yes,Yes,No,No,One year,No,Bank transfer (automatic),92.79,3174.74,1
1354-EIZTQ,Male,0,Yes,No,68,Yes,No,DSL,Yes,No,No,Yes,No,No,One year,Yes,Mailed check,63.69,4341.89,0
2479-JUAVP,Male,0,Yes,No,24,Yes,No,Fiber optic,No,No,Yes,No,No,Yes,Two year,No,Bank transfer (automatic),99.16,2389.21,0
3150-ZZOWQ,Male,0,Yes,No,12,Yes,No,DSL,No,No,Yes,Yes,No,No,Month-to-month,Yes,Bank transfer (automatic),61.58,736.95,0
3691-ZTYMA,Female,0,No,Yes,49,Yes,No,Fiber optic,No,No,No,No,No,Yes,Month-to-month,No,Electronic check,84.55,4123.37,1
7462-YHEFW,Female,0,Yes,Yes,38,No,No phone service,DSL,Yes,No,Yes,No,No,No,Month-to-month,Yes,Electronic check,64.04,2430.07,1
4749-TNVWK,Female,0,Yes,No,19,Yes,Yes,No,No internet service,No internet service,No internet service,No internet service,No internet service,No internet service,Month-to-month,Yes,Electronic check,24.55,443.28,1
4094-FKMLV,Female,0,Yes,No,28,Yes,Yes,Fiber optic,Yes,No,No,No,No,No,Two year,Yes,Mailed check,94.3,2629.36,0
1472-BUCWD,Male,0,No,Yes,59,No,No phone service,Fiber optic,No,No,No,No,No,Yes,Two year,Yes,Mailed check,92.78,5471.14,0
7196-QVFGO,Male,0,No,No,64,Yes,No,Fiber optic,No,No,Yes,No,No,No,Two year,No,Credit card (automatic),86.28,5532.76,0
3644-KXCFZ,Male,0,Yes,No,72,Yes,Yes,DSL,No,No,No,No,No,Yes,Month-to-month,Yes,Electronic check,54.29,3890.93,1
9678-BNIRS,Female,0,Yes,No,70,Yes,No,No,No internet service,No internet service,No internet service,No internet service,No internet service,No internet service,Month-to-month,No,Mailed check,30.27,2126.3,1
5575-LMZLL,Male,1,Yes,No,11,Yes,Yes,DSL,Yes,Yes,No,Yes,No,Yes,One year,No,Credit card (automatic),83.33,907.74,1
3128-RIQUP,Female,0,Yes,No,33,Yes,No,DSL,Yes,No,Yes,No,Yes,No,Two year,No,Bank transfer (automatic),70.56,2342.49,0
6107-QUXHK,Male,0,Yes,Yes,4,Yes,Yes,Fiber optic,No,Yes,Yes,No,No,No,Two year,No,Mailed check,81.47,323.56,1
1868-XBHLU,Female,0,Yes,No,4,Yes,Yes,No,No internet service,No internet service,No internet service,No internet service,No internet service,No internet service,Month-to-month,Yes,Electronic check,18.25,77.48,1
2559-AWMVU,Female,0,No,No,2,No,No phone service,DSL,Yes,Yes,No,Yes,No,Yes,One year,No,Electronic check,80.17,141.54,1
1323-QNNPQ,Male,0,Yes,Yes,35,Yes,No,No,No internet service,No internet service,No internet service,No internet service,No internet service,No internet service,One year,Yes,Electronic check,18.25,642.05,1
7621-FZGZZ,Male,0,No,Yes,13,Yes,No,Fiber optic,No,No,No,No,Yes,No,Two year,Yes,Bank transfer (automatic),100.21,1272.48,0
6285-AYOTU,Male,0,Yes,No,61,Yes,Yes,No,No internet service,No internet service,No internet service,No internet service,No internet service,No internet service,One year,No,Electronic check,21.85,1336.09,1
8519-RZMXB,Male,0,No,No,44,Yes,Yes,Fiber optic,No,Yes,Yes,No,Yes,Yes,Month-to-month,Yes,Mailed check,111.87,4950.95,1
3246-SOLOY,Male,0,No,No,33,Yes,No,DSL,Yes,No,Yes,No,No,Yes,Two year,Yes,Mailed check,71.81,2371.89,0
4707-RNFLT,Male,1,No,No,70,Yes,No,No,No internet service,No internet service,No internet service,No internet service,No internet service,No internet service,Month-to-month,No,Electronic check,20.58,1397.48,0
2400-WFZIY,Female,0,No,No,8,Yes,Yes,DSL,No,No,No,No,No,No,Two year,No,Credit card (automatic),51.0,435.17,1
9390-ZDQBP,Male,0,No,Yes,5,Yes,No,Fiber optic,No,Yes,Yes,No,No,No,Month-to-month,Yes,Bank transfer (automatic),71.76,379.95,1
2516-XNZHN,Female,0,No,No,7,Yes,Yes,No,No internet service,No internet service,No internet service,No internet service,No internet service,No internet service,Month-to-month,No,Bank transfer (automatic),20.78,136.03,0
3876-BPDAW,Female,0,Yes,No,23,Yes,No,No,No internet service,No internet service,No internet service,No internet service,No internet service,No internet service,One year,No,Mailed check,18.25,433.86,1
2075-TNHYY,Female,0,Yes,No,2,Yes,Yes,Fiber optic,No,No,No,No,Yes,Yes,Month-to-month,Yes,Credit card (automatic),111.36,245.0,1
4396-CEFVZ,Male,1,Yes,No,11,Yes,Yes,DSL,No,Yes,Yes,No,Yes,No,One year,No,Credit card (automatic),68.72,743.69,1
9128-HFFDG,Male,0,Yes,No,3,Yes,Yes,Fiber optic,No,No,No,No,No,Yes,Month-to-month,No,Electronic check,87.61,265.79,1
4206-XSGCH,Male,1,Yes,No,64,Yes,No,Fiber optic,No,No,Yes,No,Yes,Yes,Two year,Yes,Mailed check,109.24,6990.11,0
7821-AANFJ,Male,0,Yes,No,7,Yes,No,No,No internet service,No internet service,No internet service,No internet service,No internet service,No internet service,Two year,Yes,Bank transfer (automatic),18.25,133.78,0
7113-YNDFP,Male,0,No,No,5,Yes,No,DSL,Yes,No,No,No,No,Yes,One year,No,Credit card (automatic),66.32,322.72,0
6197-UAFIO,Male,0,No,Yes,8,Yes,No,Fiber optic,Yes,No,No,No,No,No,One year,Yes,Bank transfer (automatic),92.14,762.28,1
5981-LCKOC,Female,0,No,No,50,Yes,Yes,DSL,No,No,No,No,Yes,Yes,Month-to-month,Yes,Credit card (automatic),82.84,4151.91,1
9907-NBDZS,Female,1,Yes,Yes,7,No,No phone service,Fiber optic,Yes,No,No,No,No,No,Month-to-month,No,Bank transfer (automatic),81.23,583.26,1
4434-LBQCJ,Female,0,Yes,Yes,12,Yes,Yes,DSL,No,Yes,Yes,No,Yes,Yes,Month-to-month,Yes,Electronic check,74.68,907.46,1
1073-PVIKU,Female,0,Yes,No,67,Yes,No,DSL,No,No,No,No,Yes,Yes,Two year,No,Electronic check,70.41,4724.62,0
8854-OCPUU,Female,1,No,No,7,Yes,No,Fiber optic,No,No,No,No,No,No,One year,Yes,Credit card (automatic),86.21,594.11,1
5217-ULWEG,Male,0,No,No,33,Yes,No,Fiber optic,No,No,No,No,No,No,Two year,No,Electronic check,86.21,2831.51,1
4034-IURUH,Male,0,Yes,No,2,Yes,No,Fiber optic,No,No,No,No,No,No,One year,No,Mailed check,87.19,173.75,1
2501-LTBJS,Female,1,No,No,66,Yes,Yes,No,No internet service,No internet service,No internet service,No internet service,No internet service,No internet service,Month-to-month,No,Mailed check,18.25,1217.25,0
3762-IYXHX,Female,0,No,No,48,Yes,No,DSL,No,No,No,No,Yes,Yes,Two year,No,Electronic check,72.11,3446.14,0
9943-XXAFL,Female,0,Yes,No,64,Yes,No,DSL,No,No,Yes,No,Yes,No,One year,Yes,Bank transfer (automatic),57.99,3691.84,0
5464-YXSQB,Male,0,No,No,36,Yes,No,DSL,No,Yes,Yes,No,Yes,Yes,Month-to-month,Yes,Credit card (automatic),73.6,2638.45,1
7153-KRWVK,Male,0,Yes,Yes,2,No,No phone service,Fiber optic,No,No,No,No,No,No,Two year,Yes,Credit card (automatic),74.01,167.8,1
3517-RHOIO,Male,0,No,No,7,Yes,No,Fiber optic,No,No,Yes,No,No,No,Two year,No,Credit card (automatic),85.64,617.92,0
6629-GTMMA,Male,0,No,No,64,Yes,No,Fiber optic,No,Yes,Yes,No,Yes,No,One year,No,Mailed check,92.08,5878.24,0
7915-TDXDD,Male,0,Yes,Yes,6,Yes,Yes,Fiber optic,No,Yes,No,Yes,Yes,No,Two year,Yes,Credit card (automatic),96.56,588.9,1
2557-MBZWO,Male,0,Yes,No,55,Yes,Yes,Fiber optic,No,No,Yes,No,No,Yes,Month-to-month,Yes,Mailed check,103.64,5723.6,1
5965-DFCGF,Male,0,Yes,No,29,Yes,Yes,No,No internet service,No internet service,No internet service,No internet service,No internet service,No internet service,Two year,No,Credit card (automatic),23.08,676.15,0
4429-CDJUI,Female,1,Yes,No,60,Yes,Yes,Fiber optic,No,Yes,No,No,No,No,Two year,Yes,Bank transfer (automatic),78.66,4732.01,1
9421-FTKGR,Female,0,No,No,12,Yes,No,No,No internet service,No internet service,No internet service,No internet service,No internet service,No internet service,Two year,Yes,Electronic check,18.25,185.36,0
5149-DEDDM,Male,0,No,No,68,Yes,No,DSL,No,Yes,No,No,No,Yes,One year,Yes,Bank transfer (automatic),58.22,3956.21,0
2219-PYNKB,Female,0,No,No,35,Yes,No,DSL,No,No,No,No,No,No,Month-to-month,Yes,Credit card (automatic),43.45,1536.21,1
5139-VNXXG,Male,0,No,Yes,62,Yes,No,Fiber optic,No,Yes,Yes,No,No,Yes,Month-to-month,Yes,Mailed check,87.83,5459.72,1
7037-ZKDGP,Female,0,Yes,No,8,Yes,No,Fiber optic,No,No,Yes,Yes,No,No,Two year,Yes,Mailed check,93.53,748.19,0
7547-ZFFBX,Male,0,Yes,No,5,Yes,No,Fiber optic,Yes,Yes,No,Yes,No,No,Month-to-month,Yes,Bank transfer (automatic),101.95,520.78,1
8387-HGYXN,Male,0,Yes,No,37,Yes,No,Fiber optic,Yes,No,Yes,Yes,No,No,Month-to-month,Yes,Credit card (automatic),99.24,3698.27,1
8366-IOYVR,Female,0,Yes,No,7,Yes,No,DSL,No,No,No,No,No,No,One year,Yes,Mailed check,43.04,294.43,1
5453-LWSMG,Male,0,Yes,Yes,33,Yes,Yes,DSL,No,No,No,No,Yes,Yes,Month-to-month,No,Electronic check,73.98,2473.96,1
1449-YJJBN,Female,0,No,No,68,Yes,Yes,Fiber optic,No,Yes,No,Yes,No,Yes,One year,Yes,Electronic check,97.68,6668.22,0
9901-MVFIM,Male,0,Yes,Yes,19,Yes,Yes,No,No internet service,No internet service,No internet service,No internet service,No internet service,No internet service,Two year,No,Credit card (automatic),18.25,361.19,0
7536-IMENE,Female,0,No,No,16,Yes,No,Fiber optic,No,No,Yes,No,No,No,Month-to-month,Yes,Electronic check,78.9,1244.32,1
2888-IHGHV,Male,0,Yes,Yes,17,Yes,No,Fiber optic,No,No,Yes,No,No,No,Month-to-month,Yes,Bank transfer (automatic),86.36,1464.7,1
9840-CWXOH,Female,0,Yes,No,64,Yes,No,DSL,No,No,Yes,No,Yes,No,One year,Yes,Mailed check,57.94,3702.95,0
1177-AGSBN,Male,0,No,Yes,46,Yes,No,Fiber optic,No,No,No,Yes,No,Yes,One year,Yes,Electronic check,95.64,4391.58,1
1132-RONXY,Female,0,No,No,68,Yes,No,Fiber optic,Yes,Yes,Yes,Yes,Yes,Yes,Two year,Yes,Electronic check,118.75,8080.62,0
5110-SSVZQ,Female,0,No,No,52,Yes,Yes,DSL,No,No,No,No,Yes,No,Month-to-month,Yes,Mailed check,67.62,3523.09,1
8232-VSPTY,Female,0,No,No,62,Yes,Yes,DSL,No,Yes,No,No,Yes,Yes,Month-to-month,No,Electronic check,59.4,3693.13,1
4467-SASGW,Female,0,Yes,No,58,No,No phone service,Fiber optic,Yes,Yes,No,No,No,No,Two year,No,Credit card (automatic),84.35,4896.57,0
1000-KEQKX,Male,0,No,No,68,Yes,No,DSL,Yes,No,Yes,No,Yes,No,One year,No,Credit card (automatic),74.48,5081.71,0
7375-ZHJLJ,Female,0,No,No,57,Yes,No,DSL,Yes,No,No,No,Yes,No,One year,Yes,Electronic check,76.29,4340.14,1
8360-MZRJS,Male,0,No,No,9,Yes,No,Fiber optic,Yes,No,No,Yes,No,Yes,Two year,Yes,Credit card (automatic),118.75,1060.62,0
2701-TQTPE,Male,0,No,No,8,Yes,Yes,Fiber optic,No,Yes,Yes,No,No,No,Month-to-month,Yes,Credit card (automatic),75.74,620.3,1
7929-COZBM,Male,0,Yes,No,48,Yes,Yes,DSL,No,No,Yes,Yes,No,No,Month-to-month,No,Credit card (automatic),62.53,2999.79,1
7648-VHWQD,Male,0,No,No,61,Yes,Yes,Fiber optic,No,No,No,No,Yes,No,Two year,No,Bank transfer (automatic),96.14,5860.87,0
8039-SVYIW,Male,0,No,No,8,No,No phone service,No,No internet service,No internet service,No internet service,No internet service,No internet service,No internet service,Month-to-month,No,Mailed check,20.84,187.37,1
3008-OIXUI,Male,0,No,No,58,Yes,No,No,No internet service,No internet service,No internet service,No internet service,No internet service,No internet service,One year,Yes,Mailed check,21.64,1246.49,0
8021-NWUPX,Male,0,No,Yes,72,Yes,No,Fiber optic,No,Yes,No,No,No,No,Month-to-month,Yes,Electronic check,78.2,5658.83,1
5974-WYZQM,Male,0,No,No,66,Yes,No,DSL,Yes,Yes,No,No,No,No,One year,No,Electronic check,56.99,3760.85,0
3948-IOGAA,Female,1,Yes,No,20,Yes,No,DSL,No,Yes,No,No,No,No,Month-to-month,No,Bank transfer (automatic),45.04,871.95,0
3354-EXILF,Female,1,No,No,1,Yes,No,DSL,No,No,Yes,Yes,No,No,Month-to-month,No,Electronic check,57.6,57.6,1
8191-MZHOF,Male,0,No,No,4,Yes,No,Fiber optic,No,Yes,Yes,No,No,No,Month-to-month,Yes,Electronic check,80.35,295.1,1
9995-FDKUR,Female,0,No,No,39,Yes,No,DSL,No,No,No,Yes,No,No,Month-to-month,Yes,Credit card (automatic),59.9,2324.12,1
4017-CCLUU,Female,1,No,No,38,Yes,No,Fiber optic,No,No,Yes,No,No,No,Month-to-month,Yes,Mailed check,81.19,3051.74,1
1408-FUFHO,Male,0,No,Yes,52,Yes,No,No,No internet service,No internet service,No internet service,No internet service,No internet service,No internet service,Month-to-month,Yes,Mailed check,26.24,1367.44,0
2569-RTPFU,Female,0,Yes,Yes,23,Yes,Yes,No,No internet service,No internet service,No internet service,No internet service,No internet service,No internet service,Month-to-month,No,Electronic check,25.43,578.36,0
5751-QISRY,Female,0,No,No,69,No,No phone service,No,No internet service,No internet service,No internet service,No internet service,No internet service,No internet service,Month-to-month,Yes,Credit card (automatic),21.2,1443.28,0
2027-WEFLK,Female,1,No,No,11,No,No phone service,DSL,No,No,No,No,Yes,No,Month-to-month,Yes,Credit card (automatic),57.6,615.54,1
1157-PTQTI,Male,1,Yes,No,11,Yes,Yes,No,No internet service,No internet service,No internet service,No internet service,No internet service,No internet service,One year,Yes,Mailed check,18.25,184.29,1
1388-AZCUW,Male,0,No,No,61,Yes,No,Fiber optic,No,No,Yes,No,No,No,Month-to-month,Yes,Bank transfer (automatic),87.96,5343.68,1
4445-IVSMW,Female,1,No,No,55,Yes,No,Fiber optic,Yes,Yes,No,No,No,No,Two year,No,Electronic check,86.63,4765.93,0
2978-NTSWG,Male,0,Yes,No,68,Yes,Yes,DSL,No,No,No,No,Yes,Yes,Month-to-month,No,Electronic check,81.72,5559.24,1
9139-DLWNB,Male,0,No,No,51,Yes,Yes,No,No internet service,No internet service,No internet service,No internet service,No internet service,No internet service,Two year,No,Electronic check,26.2,1355.73,0
5582-ARTHC,Female,1,Yes,No,15,Yes,No,DSL,No,No,Yes,Yes,Yes,No,Month-to-month,No,Bank transfer (automatic),72.2,1069.46,1
2662-ZFVMI,Female,1,No,No,41,Yes,Yes,DSL,Yes,Yes,Yes,No,Yes,Yes,Month-to-month,Yes,Credit card (automatic),88.33,3610.05,0
5537-ITIOM,Female,0,Yes,No,1,No,No phone service,DSL,Yes,No,No,No,Yes,No,Two year,Yes,Mailed check,72.7,72.7,0
1712-VPBZN,Female,1,Yes,No,41,Yes,Yes,Fiber optic,Yes,No,Yes,Yes,No,No,One year,No,Credit card (automatic),100.18,4090.54,1
6030-FBHDU,Male,0,Yes,Yes,6,Yes,No,Fiber optic,No,No,No,Yes,Yes,Yes,One year,Yes,Electronic check,114.04,676.02,1
1510-XNKXN,Male,0,Yes,Yes,63,Yes,Yes,No,No internet service,No internet service,No internet service,No internet service,No internet service,No internet service,Month-to-month,Yes,Mailed check,18.25,1169.01,0
2061-LPFTA,Male,1,Yes,No,62,Yes,Yes,Fiber optic,Yes,Yes,No,No,No,No,Month-to-month,No,Electronic check,89.48,5557.57,1
9269-LGHIB,Male,1,No,Yes,29,Yes,No,Fiber optic,No,No,No,Yes,No,No,Month-to-month,No,Electronic check,94.68,2736.88,1
6632-QTMEJ,Male,0,Yes,Yes,2,Yes,No,Fiber optic,No,Yes,No,No,Yes,No,Month-to-month,No,Mailed check,95.03,181.22,1
5819-LQUFC,Male,0,Yes,Yes,70,Yes,Yes,DSL,No,Yes,Yes,Yes,No,No,Month-to-month,Yes,Electronic check,57.9,4062.86,0
9520-OGFDS,Male,0,Yes,No,7,Yes,No,Fiber optic,No,Yes,No,No,No,Yes,Two year,Yes,Electronic check,89.11,652.16,1
9937-ECZYI,Male,0,Yes,No,70,Yes,No,DSL,Yes,No,No,No,Yes,Yes,Two year,Yes,Mailed check,93.71,6582.8,0
3239-FMVTD,Male,0,Yes,No,71,Yes,Yes,Fiber optic,Yes,Yes,No,No,No,Yes,Month-to-month,Yes,Bank transfer (automatic),104.04,7381.7,0
9438-BZDHM,Female,1,Yes,Yes,60,Yes,Yes,No,No internet service,No internet service,No internet service,No internet service,No internet service,No internet service,Two year,Yes,Bank transfer (automatic),20.06,1208.89,0
8367-JRIAM,Male,0,No,Yes,60,Yes,Yes,DSL,No,No,No,No,No,No,Two year,Yes,Credit card (automatic),51.92,3106.12,1
6225-ROBKN,Male,0,No,No,3,Yes,No,DSL,No,No,Yes,No,Yes,No,Month-to-month,No,Mailed check,71.92,210.78,1
2402-VONPW,Male,1,No,No,5,Yes,No,DSL,Yes,Yes,Yes,Yes,No,Yes,One year,Yes,Mailed check,75.01,374.9,1
2561-OSIEE,Female,0,No,No,33,Yes,Yes,Fiber optic,Yes,No,No,No,Yes,No,Month-to-month,Yes,Electronic check,95.69,3156.72,1
5414-KTYXD,Female,0,No,Yes,71,Yes,No,Fiber optic,No,Yes,No,No,No,No,One year,No,Mailed check,79.31,5643.54,1
4480-TRYCD,Male,0,No,Yes,4,Yes,No,No,No internet service,No internet service,No internet service,No internet service,No internet service,No internet service,Month-to-month,Yes,Electronic check,25.24,90.91,1
4377-NGZHX,Male,0,Yes,No,67,Yes,Yes,No,No internet service,No internet service,No internet service,No internet service,No internet service,No internet service,Two year,Yes,Mailed check,18.25,1224.95,0
9279-PTOGZ,Female,0,No,No,11,Yes,No,No,No internet service,No internet service,No internet service,No internet service,No internet service,No internet service,One year,Yes,Electronic check,18.39,194.19,1
9314-QVVVL,Male,0,Yes,Yes,56,Yes,Yes,DSL,No,Yes,Yes,No,Yes,No,One year,Yes,Mailed check,60.58,3415.7,0
6769-RXNOO,Female,0,No,No,2,No,No phone service,Fiber optic,No,No,No,Yes,Yes,Yes,Two year,No,Bank transfer (automatic),107.45,205.37,1
6271-EPEBT,Male,0,Yes,No,5,Yes,Yes,No,No internet service,No internet service,No internet service,No internet service,No internet service,No internet service,One year,Yes,Electronic check,18.25,102.48,0
5668-YIVID,Female,0,Yes,Yes,6,Yes,Yes,Fiber optic,No,Yes,Yes,No,Yes,No,Month-to-month,No,Credit card (automatic),94.17,561.29,1
7087-OKARA,Female,0,No,No,43,Yes,No,No,No internet service,No internet service,No internet service,No internet service,No internet service,No internet service,Two year,Yes,Electronic check,21.54,903.08,1
8244-HYPZV,Male,0,Yes,Yes,70,Yes,No,Fiber optic,No,No,No,Yes,Yes,No,Two year,No,Credit card (automatic),106.03,7407.48,1
6215-RVILS,Female,0,Yes,Yes,46,Yes,No,Fiber optic,No,Yes,Yes,Yes,Yes,No,Two year,No,Bank transfer (automatic),98.43,4537.59,1
9751-YREBG,Female,0,Yes,No,1,Yes,No,DSL,No,Yes,No,No,No,Yes,Month-to-month,No,Mailed check,49.23,49.23,1
5046-JOYGE,Female,0,No,No,41,Yes,Yes,DSL,Yes,No,No,Yes,No,Yes,Month-to-month,Yes,Electronic check,82.87,3397.98,1
1794-OTTOJ,Male,0,Yes,No,10,Yes,No,Fiber optic,No,No,No,No,No,No,Two year,Yes,Electronic check,83.11,836.13,1
4555-XZZNZ,Male,0,No,No,3,Yes,Yes,Fiber optic,No,Yes,Yes,Yes,No,No,Two year,Yes,Mailed check,89.91,240.95,0
5092-ZJQUN,Female,0,No,No,52,Yes,No,Fiber optic,No,Yes,No,No,Yes,No,Month-to-month,Yes,Credit card (automatic),86.97,4517.91,1
7875-BPMIG,Female,0,Yes,No,53,Yes,No,DSL,No,No,No,Yes,No,No,Two year,Yes,Mailed check,51.46,2700.98,0
4872-PJXVI,Male,0,No,No,49,Yes,Yes,No,No internet service,No internet service,No internet service,No internet service,No internet service,No internet service,Month-to-month,Yes,Bank transfer (automatic),26.55,1311.65,0
1251-VWGPI,Male,1,No,Yes,11,No,No phone service,No,No internet service,No internet service,No internet service,No internet service,No internet service,No internet service,Two year,No,Electronic check,18.25,207.63,0
9872-XQTGK,Male,0,No,Yes,71,Yes,Yes,Fiber optic,No,No,Yes,No,No,Yes,One year,Yes,Credit card (automatic),85.25,6061.32,1
8306-HGSTL,Female,0,Yes,No,57,Yes,No,DSL,Yes,Yes,Yes,No,No,Yes,Month-to-month,No,Electronic check,71.83,4117.52,0
4025-GHGFY,Male,0,No,No,6,Yes,No,DSL,No,No,No,No,No,No,Two year,No,Electronic check,54.39,321.31,1
5607-IMGHV,Male,0,No,No,39,Yes,No,Fiber optic,No,Yes,No,Yes,No,Yes,Month-to-month,Yes,Mailed check,111.05,4342.38,1
2794-QQPVB,Male,0,No,No,22,No,No phone service,No,No internet service,No internet service,No internet service,No internet service,No internet service,No internet service,Month-to-month,No,Mailed check,24.47,535.98,1
5509-HQMRX,Male,0,Yes,No,44,No,No phone service,Fiber optic,Yes,No,No,Yes,Yes,No,One year,Yes,Bank transfer (automatic),118.75,5223.59,0
8047-VJBBN,Female,1,Yes,No,68,Yes,No,No,No internet service,No internet service,No internet service,No internet service,No internet service,No internet service,Month-to-month,No,Mailed check,18.82,1297.31,0
5866-PGUUX,Female,0,Yes,No,11,Yes,Yes,Fiber optic,Yes,No,No,No,No,Yes,Two year,Yes,Mailed check,101.85,1116.94,1
2233-LWNYD,Male,0,Yes,No,7,Yes,No,Fiber optic,Yes,Yes,Yes,No,Yes,No,Two year,Yes,Bank transfer (automatic),108.58,756.33,1
9596-ZDRCA,Female,0,Yes,No,64,Yes,No,Fiber optic,No,Yes,Yes,No,No,No,One year,Yes,Bank transfer (automatic),88.79,5680.64,0
5031-QGPES,Male,1,No,Yes,61,Yes,Yes,Fiber optic,No,No,No,No,Yes,Yes,Month-to-month,Yes,Mailed check,102.32,6247.63,0
6441-GNBCQ,Female,0,Yes,No,61,Yes,Yes,Fiber optic,No,Yes,No,Yes,No,No,Month-to-month,Yes,Credit card (automatic),93.41,5686.02,1
7080-PHROG,Male,0,No,Yes,64,Yes,No,Fiber optic,No,Yes,No,No,No,No,One year,Yes,Mailed check,73.15,4667.01,0
7982-IFRRY,Male,0,Yes,Yes,24,Yes,No,No,No internet service,No internet service,No internet service,No internet service,No internet service,No internet service,Month-to-month,Yes,Credit card (automatic),21.93,527.72,1
2650-ZXNNN,Female,0,No,No,10,No,No phone service,No,No internet service,No internet service,No internet service,No internet service,No internet service,No internet service,Month-to-month,No,Electronic check,22.89,216.09,1
9137-YDDOO,Male,0,Yes,Yes,64,Yes,Yes,Fiber optic,No,No,No,No,No,Yes,Month-to-month,Yes,Bank transfer (automatic),97.79,6270.1,1
5292-RNZAJ,Male,0,No,Yes,7,Yes,Yes,Fiber optic,No,No,Yes,No,No,No,Month-to-month,No,Credit card (automatic),87.68,616.93,1
3132-TJJXB,Female,0,No,Yes,43,No,No phone service,Fiber optic,No,No,Yes,Yes,No,Yes,Two year,Yes,Electronic check,102.01,4386.2,0
8233-HAADG,Male,0,No,No,64,Yes,Yes,No,No internet service,No internet service,No internet service,No internet service,No internet service,No internet service,Month-to-month,No,Credit card (automatic),21.56,1365.28,1
8909-IPEBW,Female,0,Yes,Yes,64,Yes,Yes,No,No internet service,No internet service,No internet service,No internet service,No internet service,No internet service,One year,Yes,Credit card (automatic),18.25,1191.82,0
2623-KRYYS,Male,1,Yes,Yes,2,Yes,Yes,No,No internet service,No internet service,No internet service,No internet service,No internet service,No internet service,Month-to-month,Yes,Mailed check,20.52,41.63,0
4842-MXKTS,Male,0,No,No,66,Yes,Yes,DSL,Yes,Yes,Yes,No,No,Yes,One year,No,Mailed check,71.64,4730.7,0
6739-QEMTA,Female,0,Yes,No,30,Yes,Yes,No,No internet service,No internet service,No internet service,No internet service,No internet service,No internet service,Two year,Yes,Electronic check,22.84,667.85,0
7623-JHXHS,Female,0,Yes,No,62,Yes,Yes,Fiber optic,No,No,Yes,No,No,No,Month-to-month,Yes,Mailed check,75.41,4674.81,1
9278-FLGPI,Male,0,Yes,No,30,Yes,No,Fiber optic,No,No,No,No,No,No,Month-to-month,Yes,Credit card (automatic),78.43,2343.51,0
7314-UYVJJ,Male,0,No,No,20,Yes,Yes,No,No internet service,No internet service,No internet service,No internet service,No internet service,No internet service,Month-to-month,Yes,Credit card (automatic),18.77,365.19,0
8290-JTPAQ,Female,0,No,No,50,Yes,No,Fiber optic,No,No,Yes,No,No,Yes,Two year,No,Electronic check,88.97,4430.58,0
6045-ZUNSU,Female,0,Yes,No,5,Yes,Yes,Fiber optic,Yes,No,No,Yes,No,No,Month-to-month,Yes,Electronic check,103.76,519.06,1
6244-UQNHU,Male,0,Yes,No,53,Yes,No,DSL,No,No,No,No,No,No,Month-to-month,No,Electronic check,55.54,2939.48,1
1611-UIHMQ,Male,1,Yes,Yes,6,No,No phone service,DSL,Yes,No,No,No,No,Yes,Month-to-month,Yes,Mailed check,81.65,503.69,1
6072-SGQAE,Male,0,Yes,No,34,Yes,Yes,DSL,No,No,Yes,No,No,No,Two year,Yes,Credit card (automatic),45.16,1527.96,0
6557-YFZBY,Female,0,No,No,69,Yes,Yes,Fiber optic,No,No,No,Yes,No,No,One year,No,Electronic check,97.31,6707.04,0
7444-PVEEL,Male,0,No,No,4,Yes,No,No,No internet service,No internet service,No internet service,No internet service,No internet service,No internet service,One year,No,Mailed check,32.05,145.74,0
7611-CPFOO,Female,0,Yes,Yes,72,Yes,No,No,No internet service,No internet service,No internet service,No internet service,No internet service,No internet service,Month-to-month,Yes,Credit card (automatic),20.45,1476.17,0
3304-PTMLJ,Male,0,No,Yes,63,Yes,Yes,DSL,No,Yes,No,No,Yes,No,Two year,No,Mailed check,68.44,4343.51,0
8316-NBCIK,Female,1,No,No,4,Yes,Yes,Fiber optic,No,No,Yes,Yes,No,No,Month-to-month,No,Mailed check,92.68,371.37,1
2747-KYVJZ,Male,0,Yes,Yes,42,Yes,No,No,No internet service,No internet service,No internet service,No internet service,No internet service,No internet service,Month-to-month,No,Electronic check,18.86,790.98,1
4698-NITUJ,Female,0,Yes,No,40,Yes,No,Fiber optic,No,No,Yes,No,Yes,Yes,Month-to-month,Yes,Mailed check,104.73,4186.26,1
4932-VIEHK,Female,0,Yes,Yes,2,Yes,Yes,No,No internet service,No internet service,No internet service,No internet service,No internet service,No internet service,One year,Yes,Mailed check,19.39,37.21,0
3441-AUJAZ,Male,0,Yes,Yes,66,Yes,No,No,No internet service,No internet service,No internet service,No internet service,No internet service,No internet service,Month-to-month,Yes,Mailed check,18.25,1179.05,1
7189-VGNEQ,Female,0,No,No,22,Yes,Yes,Fiber optic,No,Yes,No,No,Yes,Yes,Month-to-month,Yes,Credit card (automatic),111.39,2452.37,1
3807-VZUFP,Female,0,Yes,No,11,Yes,No,No,No internet service,No internet service,No internet service,No internet service,No internet service,No internet service,Month-to-month,No,Credit card (automatic),18.25,203.21,1
1503-KJOGW,Female,0,No,No,29,Yes,No,Fiber optic,No,No,No,No,No,No,Month-to-month,Yes,Mailed check,83.07,2420.44,1
8748-BLSLP,Male,0,No,Yes,72,Yes,Yes,Fiber optic,No,Yes,Yes,No,No,Yes,Two year,Yes,Electronic check,94.02,6791.71,0
1274-FCBTE,Male,1,Yes,No,69,Yes,No,Fiber optic,Yes,No,No,No,No,No,Month-to-month,No,Credit card (automatic),83.95,5788.14,1
8061-KZYCC,Male,0,Yes,No,10,Yes,Yes,No,No internet service,No internet service,No internet service,No internet service,No internet service,No internet service,Month-to-month,Yes,Mailed check,18.25,165.43,0
5750-VEVWK,Male,0,No,No,46,Yes,Yes,Fiber optic,No,No,No,No,No,Yes,Month-to-month,No,Electronic check,97.67,4502.19,1
9458-CMUHT,Female,0,No,No,2,Yes,No,No,No internet service,No internet service,No internet service,No internet service,No internet service,No internet service,Month-to-month,Yes,Bank transfer (automatic),22.26,57.17,0
4130-JBDRS,Female,1,No,No,9,Yes,Yes,No,No internet service,No internet service,No internet service,No internet service,No internet service,No internet service,Month-to-month,Yes,Bank transfer (automatic),18.25,137.04,1
9912-DTZIP,Male,0,Yes,No,5,Yes,No,No,No internet service,No internet service,No internet service,No internet service,No internet service,No internet service,Month-to-month,Yes,Mailed check,18.25,51.81,1
7730-ZFYDI,Female,0,Yes,No,48,Yes,Yes,DSL,Yes,No,Yes,Yes,No,No,Two year,Yes,Electronic check,72.27,3467.11,0
4827-MIFUS,Female,0,No,No,10,Yes,Yes,No,No internet service,No internet service,No internet service,No internet service,No internet service,No internet service,Month-to-month,No,Electronic check,18.25,158.53,1
3191-NUOCE,Male,0,No,No,70,No,No phone service,No,No internet service,No internet service,No internet service,No internet service,No internet service,No internet service,Month-to-month,Yes,Bank transfer (automatic),18.25,1288.52,0
4100-URNPN,Male,0,Yes,Yes,62,Yes,No,No,No internet service,No internet service,No internet service,No internet service,No internet service,No internet service,Month-to-month,Yes,Electronic check,18.25,1139.9,1
3939-IOGNF,Female,0,No,Yes,72,Yes,No,Fiber optic,No,Yes,No,No,No,Yes,Month-to-month,Yes,Credit card (automatic),92.55,6662.24,1
4937-UOTHB,Male,0,Yes,No,72,No,No phone service,No,No internet service,No internet service,No internet service,No internet service,No internet service,No internet service,Two year,Yes,Electronic check,19.11,1359.75,0
1683-HAZQS,Female,0,No,No,68,Yes,No,DSL,Yes,No,No,Yes,No,Yes,One year,No,Mailed check,81.75,5555.68,0
5633-EVTPG,Female,0,Yes,Yes,45,Yes,No,No,No internet service,No internet service,No internet service,No internet service,No internet service,No internet service,One year,Yes,Bank transfer (automatic),21.18,943.7,0
1997-GRRBO,Male,0,No,Yes,58,Yes,No,DSL,No,Yes,No,Yes,No,No,One year,Yes,Credit card (automatic),56.19,3264.19,0
8929-NRINE,Male,0,Yes,No,7,Yes,No,No,No internet service,No internet service,No internet service,No internet service,No internet service,No internet service,Month-to-month,No,Credit card (automatic),18.25,137.46,1
2731-KHEKE,Female,0,Yes,Yes,11,Yes,No,No,No internet service,No internet service,No internet service,No internet service,No internet service,No internet service,Month-to-month,No,Mailed check,18.25,195.68,1
2176-QVDOS,Male,0,No,No,6,Yes,No,DSL,No,Yes,No,No,No,No,Two year,No,Electronic check,49.96,318.72,1
2346-VBXQL,Female,0,No,No,28,No,No phone service,No,No internet service,No internet service,No internet service,No internet service,No internet service,No internet service,Month-to-month,Yes,Electronic check,18.83,543.89,1
7606-YXQJY,Female,0,Yes,Yes,7,Yes,No,No,No internet service,No internet service,No internet service,No internet service,No internet service,No internet service,Month-to-month,Yes,Mailed check,18.25,93.77,1
1744-RSRMN,Male,1,Yes,No,8,Yes,Yes,No,No internet service,No internet service,No internet service,No internet service,No internet service,No internet service,Two year,Yes,Bank transfer (automatic),18.25,141.65,0
8720-XPRZR,Male,0,Yes,No,64,Yes,No,DSL,No,No,Yes,Yes,Yes,No,One year,Yes,Credit card (automatic),64.8,4105.41,0
5487-PQGLB,Male,0,No,No,2,Yes,No,Fiber optic,No,Yes,No,Yes,No,Yes,One year,Yes,Mailed check,101.81,221.1,1
4794-JEUCS,Male,0,Yes,No,27,Yes,Yes,Fiber optic,Yes,No,No,No,No,Yes,Month-to-month,Yes,Bank transfer (automatic),99.73,2693.97,1
7526-MLCFN,Female,0,Yes,Yes,71,Yes,Yes,DSL,No,No,No,No,No,No,Month-to-month,No,Bank transfer (automatic),54.48,3858.54,0
8030-DMSRC,Male,0,Yes,Yes,22,Yes,No,Fiber optic,No,Yes,No,No,Yes,Yes,One year,No,Electronic check,110.22,2411.35,1
4847-TFPTX,Male,0,No,No,56,Yes,No,Fiber optic,No,Yes,Yes,No,No,Yes,Month-to-month,Yes,Credit card (automatic),92.28,5160.87,1
3245-CLSSX,Male,0,No,No,12,Yes,Yes,No,No internet service,No internet service,No internet service,No internet service,No internet service,No internet service,Month-to-month,Yes,Mailed check,19.16,258.51,1
2527-DABMZ,Female,0,Yes,Yes,10,Yes,Yes,Fiber optic,Yes,No,Yes,No,No,Yes,Two year,Yes,Electronic check,98.79,963.6,1
7121-MBSVX,Male,0,Yes,No,22,Yes,No,DSL,No,Yes,No,No,Yes,No,Month-to-month,Yes,Mailed check,71.17,1567.64,1
7098-PLAIQ,Male,0,Yes,No,2,Yes,Yes,DSL,Yes,Yes,No,No,Yes,No,Month-to-month,No,Credit card (automatic),69.94,123.93,1
9413-JRSGY,Male,0,Yes,No,11,Yes,No,DSL,Yes,No,Yes,No,No,No,Month-to-month,Yes,Bank transfer (automatic),61.15,697.47,1
6867-SXOIJ,Male,0,No,Yes,53,Yes,No,Fiber optic,No,No,Yes,No,No,No,Month-to-month,Yes,Electronic check,72.19,3800.42,0
1693-WTTDF,Male,0,No,Yes,71,Yes,No,Fiber optic,No,No,Yes,No,No,No,One year,No,Credit card (automatic),77.35,5470.69,1
1485-DEILW,Female,1,No,No,5,Yes,Yes,No,No internet service,No internet service,No internet service,No internet service,No internet service,No internet service,Month-to-month,Yes,Electronic check,18.8,92.29,1
4238-HUEKW,Female,1,No,No,61,Yes,Yes,Fiber optic,No,No,No,Yes,Yes,No,Month-to-month,Yes,Bank transfer (automatic),97.62,5912.08,1
6816-KMNHY,Female,0,No,No,22,Yes,Yes,Fiber optic,No,No,No,No,No,Yes,Month-to-month,Yes,Electronic check,94.29,2101.7,1
1982-RSLLR,Male,1,Yes,No,66,Yes,No,DSL,No,No,Yes,No,No,No,Month-to-month,Yes,Bank transfer (automatic),48.66,3222.49,0
6351-JGRLN,Male,0,No,No,47,No,No phone service,Fiber optic,No,No,Yes,No,No,No,Two year,Yes,Electronic check,77.29,3630.58,1
1079-OPBRL,Female,1,Yes,No,2,Yes,No,Fiber optic,No,Yes,No,Yes,No,Yes,One year,Yes,Credit card (automatic),106.86,213.08,1
3627-PMTQR,Male,0,No,Yes,3,Yes,No,Fiber optic,No,Yes,No,Yes,No,No,Month-to-month,Yes,Bank transfer (automatic),100.38,308.55,1
3944-CWJAF,Female,0,Yes,No,43,Yes,No,Fiber optic,No,No,No,No,No,No,Month-to-month,No,Mailed check,69.66,3006.75,1
8865-CSDTW,Male,1,Yes,No,16,Yes,No,DSL,Yes,No,No,Yes,No,No,One year,No,Credit card (automatic),64.9,1041.94,1
3018-CHHGB,Female,1,Yes,No,5,No,No phone service,DSL,No,No,No,No,No,No,Month-to-month,Yes,Electronic check,56.89,270.29,1
9093-UFPJD,Female,0,Yes,Yes,4,No,No phone service,DSL,No,No,No,No,No,No,Month-to-month,Yes,Credit card (automatic),57.9,238.63,1
7521-MJUNI,Male,0,No,No,72,Yes,No,No,No internet service,No internet service,No internet service,No internet service,No internet service,No internet service,Month-to-month,No,Electronic check,18.25,1311.02,0
9613-KWRKQ,Male,1,No,No,60,Yes,No,Fiber optic,No,Yes,No,Yes,No,No,Two year,No,Bank transfer (automatic),93.68,5609.72,0
5100-BCKRC,Male,0,Yes,No,10,Yes,Yes,No,No internet service,No internet service,No internet service,No internet service,No internet service,No internet service,Month-to-month,Yes,Electronic check,18.25,156.4,1
6082-ZOKKY,Male,1,Yes,No,19,Yes,Yes,DSL,No,No,No,No,Yes,Yes,Two year,No,Electronic check,71.59,1368.74,1
7188-TYKSA,Male,0,Yes,Yes,60,Yes,Yes,DSL,Yes,No,No,Yes,No,No,Month-to-month,No,Credit card (automatic),69.16,4151.67,0
1445-EJJNB,Female,0,Yes,No,10,Yes,Yes,Fiber optic,Yes,Yes,No,No,Yes,Yes,Month-to-month,Yes,Mailed check,112.05,1106.13,1
3133-DBRMS,Male,0,Yes,No,26,Yes,Yes,Fiber optic,No,No,No,No,Yes,Yes,One year,No,Electronic check,106.85,2790.29,1
4151-ETBKZ,Female,0,Yes,No,37,Yes,No,No,No internet service,No internet service,No internet service,No internet service,No internet service,No internet service,Month-to-month,Yes,Bank transfer (automatic),18.25,683.96,1
8252-RFWJV,Male,0,Yes,No,64,No,No phone service,No,No internet service,No internet service,No internet service,No internet service,No internet service,No internet service,Month-to-month,No,Credit card (automatic),18.57,1176.46,1
5436-WQVKS,Female,1,No,Yes,68,Yes,No,Fiber optic,No,No,Yes,No,Yes,No,Month-to-month,No,Mailed check,100.17,6814.45,1
4172-QXDZX,Female,0,No,Yes,21,Yes,No,No,No internet service,No internet service,No internet service,No internet service,No internet service,No internet service,Month-to-month,Yes,Electronic check,23.87,506.09,1
3260-ZNTDN,Female,0,Yes,Yes,59,Yes,No,No,No internet service,No internet service,No internet service,No internet service,No internet service,No internet service,Two year,Yes,Electronic check,18.25,1079.2,0
7517-ZDFIU,Male,0,No,No,5,No,No phone service,No,No internet service,No internet service,No internet service,No internet service,No internet service,No internet service,Month-to-month,Yes,Bank transfer (automatic),27.72,135.98,0
9965-LZHXD,Female,0,Yes,No,16,Yes,Yes,Fiber optic,No,No,No,No,Yes,Yes,Month-to-month,No,Bank transfer (automatic),98.59,1576.7,1
7051-ZYYEF,Male,1,No,Yes,55,Yes,Yes,DSL,No,No,Yes,No,No,No,One year,Yes,Credit card (automatic),55.32,3056.5,0
7501-ESHIO,Female,0,No,No,60,No,No phone service,No,No internet service,No internet service,No internet service,No internet service,No internet service,No internet service,Month-to-month,Yes,Electronic check,18.25,1113.17,0
9635-DYIGH,Male,0,Yes,Yes,51,Yes,No,DSL,No,No,No,No,Yes,No,Two year,No,Electronic check,67.63,3462.29,0
1068-OSOES,Female,0,Yes,No,33,Yes,Yes,DSL,No,Yes,No,No,No,No,Month-to-month,No,Bank transfer (automatic),43.31,1402.04,1
4441-GFSYQ,Male,0,No,No,1,Yes,Yes,DSL,No,No,Yes,No,No,No,Month-to-month,No,Electronic check,62.24,62.24,1
1048-JSKOJ,Male,1,Yes,Yes,2,No,No phone service,Fiber optic,No,No,Yes,Yes,No,No,Month-to-month,No,Mailed check,85.71,163.88,1
2053-KWCCR,Female,0,Yes,No,60,Yes,Yes,DSL,No,Yes,No,Yes,No,No,Month-to-month,No,Credit card (automatic),61.12,3642.87,1
5762-YKTZV,Female,1,No,No,3,Yes,Yes,Fiber optic,Yes,No,No,No,No,Yes,Month-to-month,Yes,Electronic check,104.76,319.76,1
4114-RYOGJ,Male,1,Yes,No,7,Yes,Yes,Fiber optic,No,Yes,No,Yes,No,Yes,Month-to-month,Yes,Bank transfer (automatic),102.85,733.58,1
5129-UWTJM,Female,0,Yes,No,8,Yes,Yes,No,No internet service,No internet service,No internet service,No internet service,No internet service,No internet service,Month-to-month,No,Credit card (automatic),18.25,155.31,0
9040-OWRWD,Male,1,No,No,10,Yes,No,DSL,No,No,Yes,No,No,No,One year,No,Electronic check,42.68,422.21,0
5942-TQCUU,Male,0,No,Yes,8,No,No phone service,No,No internet service,No internet service,No internet service,No internet service,No internet service,No internet service,Two year,Yes,Bank transfer (automatic),21.98,162.99,0
2963-BDAOY,Female,0,No,No,4,Yes,No,DSL,No,Yes,No,No,Yes,No,One year,No,Credit card (automatic),63.86,232.75,1
7165-AFGSL,Male,0,No,No,20,Yes,No,No,No internet service,No internet service,No internet service,No internet service,No internet service,No internet service,Month-to-month,Yes,Electronic check,18.25,341.1,0
8981-AGSMZ,Female,1,Yes,No,36,Yes,No,Fiber optic,Yes,Yes,No,Yes,No,No,Month-to-month,No,Electronic check,104.31,3740.93,1
9329-LLVMN,Male,0,No,Yes,15,Yes,No,DSL,No,No,No,No,No,Yes,Two year,No,Electronic check,62.44,926.11,0
2467-VLTLF,Male,1,No,Yes,12,Yes,No,No,No internet service,No internet service,No internet service,No internet service,No internet service,No internet service,Two year,No,Bank transfer (automatic),27.3,343.05,0
9248-JTXIB,Male,0,No,No,12,Yes,No,DSL,Yes,No,Yes,No,No,No,Month-to-month,Yes,Mailed check,61.71,768.42,1
1393-GIYLE,Male,0,No,Yes,15,Yes,Yes,Fiber optic,No,No,No,Yes,No,No,One year,Yes,Mailed check,89.02,1321.14,1
6064-AVOHA,Female,0,No,No,15,Yes,No,Fiber optic,Yes,No,No,No,Yes,No,Month-to-month,Yes,Electronic check,107.05,1584.65,1
1230-RMAER,Male,0,No,No,69,Yes,No,Fiber optic,No,No,No,No,Yes,No,Month-to-month,Yes,Electronic check,92.23,6368.38,1
2320-PZJDA,Female,0,Yes,No,70,Yes,Yes,No,No internet service,No internet service,No internet service,No internet service,No internet service,No internet service,Two year,Yes,Bank transfer (automatic),21.93,1554.43,0
1041-WHEBX,Male,1,Yes,No,1,Yes,Yes,No,No internet service,No internet service,No internet service,No internet service,No internet service,No internet service,Month-to-month,No,Mailed check,29.24,29.24,1
9506-QGQFV,Male,0,Yes,No,9,Yes,No,Fiber optic,No,Yes,Yes,No,No,Yes,Month-to-month,No,Credit card (automatic),93.77,850.76,1
6400-OEORR,Female,1,Yes,No,61,Yes,No,No,No internet service,No internet service,No internet service,No internet service,No internet service,No internet service,Month-to-month,No,Bank transfer (automatic),23.43,1436.69,0
8900-YUUWF,Male,1,Yes,No,22,Yes,Yes,No,No internet service,No internet service,No internet service,No internet service,No internet service,No internet service,Month-to-month,Yes,Bank transfer (automatic),18.25,394.2,0
3453-BQUDL,Male,0,No,No,18,Yes,No,Fiber optic,No,No,No,No,Yes,Yes,Month-to-month,Yes,Credit card (automatic),96.29,1719.2,1
6749-SBZBN,Female,0,No,Yes,46,Yes,No,DSL,No,No,Yes,Yes,No,No,Two year,No,Credit card (automatic),54.63,2509.12,0
4309-OTBDS,Male,1,No,Yes,30,Yes,Yes,Fiber optic,Yes,Yes,No,No,Yes,Yes,Month-to-month,No,Mailed check,118.75,3557.84,1
3963-IGMLC,Male,0,Yes,No,57,Yes,Yes,DSL,No,No,No,Yes,No,No,One year,No,Electronic check,67.04,3793.85,0
8123-MONXI,Male,0,Yes,No,52,No,No phone service,DSL,No,No,No,No,No,No,Month-to-month,Yes,Mailed check,47.57,2472.63,1
8036-MWVDU,Female,0,Yes,Yes,68,Yes,No,Fiber optic,Yes,No,Yes,No,Yes,Yes,Month-to-month,Yes,Electronic check,118.75,8088.47,1
2323-HCBSW,Female,1,No,No,25,No,No phone service,DSL,No,No,No,Yes,No,Yes,Month-to-month,Yes,Electronic check,77.41,1937.64,1
6318-HQMGI,Female,0,No,No,24,Yes,No,DSL,Yes,Yes,No,Yes,Yes,Yes,Month-to-month,Yes,Mailed check,94.06,2282.51,0
6865-LNNOC,Female,0,No,No,34,Yes,No,Fiber optic,No,No,No,Yes,No,No,Month-to-month,Yes,Bank transfer (automatic),89.36,3037.63,1
3221-OSXTN,Female,0,Yes,Yes,5,Yes,Yes,DSL,No,Yes,No,No,No,Yes,Month-to-month,No,Mailed check,58.6,303.58,1
2491-HESDN,Female,0,Yes,No,7,Yes,No,Fiber optic,Yes,No,Yes,No,No,Yes,Two year,Yes,Credit card (automatic),100.5,710.4,1
7088-PTXFW,Female,0,No,No,30,Yes,No,No,No internet service,No internet service,No internet service,No internet service,No internet service,No internet service,Month-to-month,No,Bank transfer (automatic),19.28,591.89,0
3697-YFCOC,Female,1,Yes,No,67,Yes,No,DSL,No,Yes,No,No,No,No,Month-to-month,Yes,Credit card (automatic),48.17,3223.64,1
1061-KCJRA,Male,0,No,Yes,54,Yes,Yes,Fiber optic,No,No,No,No,No,No,Month-to-month,No,Electronic check,82.62,4472.39,1
5512-PPJAD,Female,0,Yes,No,5,Yes,No,No,No internet service,No internet service,No internet service,No internet service,No internet service,No internet service,Month-to-month,No,Electronic check,22.91,119.44,1
3678-CELYL,Male,0,Yes,No,68,Yes,Yes,Fiber optic,No,No,No,No,Yes,Yes,One year,Yes,Electronic check,105.29,7157.1,0
9963-MXLYP,Male,0,Yes,No,47,Yes,Yes,DSL,Yes,No,No,No,No,No,Month-to-month,No,Mailed check,67.96,3189.3,0
6254-MEXDU,Male,0,No,Yes,66,Yes,No,Fiber optic,No,Yes,No,No,No,No,Two year,Yes,Electronic check,82.59,5457.61,0
1402-OLSUS,Male,0,Yes,No,69,Yes,Yes,Fiber optic,No,No,Yes,No,Yes,No,Month-to-month,Yes,Bank transfer (automatic),83.9,5784.16,1
1332-UKUFI,Male,0,No,Yes,60,Yes,Yes,Fiber optic,No,Yes,No,No,No,Yes,Month-to-month,Yes,Electronic check,99.39,5969.68,1
9612-ALZNF,Female,0,No,No,2,Yes,No,DSL,No,No,No,No,No,No,Month-to-month,Yes,Bank transfer (automatic),59.54,113.97,1
2009-AVBXK,Female,0,No,No,23,No,No phone service,DSL,No,No,No,No,Yes,No,Two year,Yes,Electronic check,63.2,1464.84,0
2168-CJFFT,Male,0,Yes,Yes,16,Yes,Yes,Fiber optic,Yes,No,Yes,No,Yes,Yes,Month-to-month,Yes,Electronic check,111.29,1774.78,1
9266-UBZZX,Female,0,No,No,9,Yes,Yes,Fiber optic,No,No,Yes,No,Yes,No,Month-to-month,Yes,Credit card (automatic),86.06,769.6,1
9098-JWZFW,Female,0,No,No,40,Yes,Yes,DSL,No,No,No,Yes,No,No,One year,Yes,Electronic check,61.26,2478.58,0
3534-QNEWQ,Female,0,Yes,No,4,Yes,No,No,No internet service,No internet service,No internet service,No internet service,No internet service,No internet service,Month-to-month,No,Credit card (automatic),23.19,72.12,0
2765-BILSV,Female,0,No,No,68,Yes,Yes,DSL,No,No,No,No,No,No,Month-to-month,Yes,Electronic check,51.23,3472.19,1
8309-GIUPT,Female,0,Yes,No,45,No,No phone service,Fiber optic,No,No,Yes,No,No,Yes,Two year,No,Electronic check,85.94,3884.83,1
5717-KLORS,Male,0,Yes,No,49,Yes,No,DSL,No,No,Yes,No,No,No,Month-to-month,Yes,Credit card (automatic),49.52,2417.8,1
8103-POEKO,Male,0,No,Yes,48,Yes,Yes,No,No internet service,No internet service,No internet service,No internet service,No internet service,No internet service,Month-to-month,No,Mailed check,26.89,1276.3,0
7126-RMDQD,Male,0,No,No,2,Yes,Yes,No,No internet service,No internet service,No internet service,No internet service,No internet service,No internet service,Two year,Yes,Mailed check,18.25,63.28,0
2438-PWONL,Male,0,No,No,2,Yes,No,DSL,Yes,No,No,No,No,Yes,Month-to-month,Yes,Bank transfer (automatic),76.59,159.26,1
4668-CJHFV,Male,0,Yes,No,16,Yes,Yes,DSL,No,No,Yes,No,No,Yes,Month-to-month,Yes,Mailed check,68.11,1088.02,1
8281-NQUSP,Female,0,No,No,3,Yes,No,Fiber optic,No,Yes,No,Yes,Yes,No,One year,Yes,Bank transfer (automatic),95.26,286.18,1
6484-OZOAX,Female,0,No,No,72,Yes,No,Fiber optic,No,Yes,No,No,Yes,Yes,Two year,Yes,Mailed check,97.85,7051.85,0
2334-WWLJN,Male,1,Yes,No,71,Yes,Yes,DSL,No,No,No,No,Yes,No,One year,No,Electronic check,72.12,5120.33,1
2617-JJTKV,Male,0,No,No,9,Yes,Yes,No,No internet service,No internet service,No internet service,No internet service,No internet service,No internet service,Month-to-month,No,Bank transfer (automatic),20.04,189.32,0
5903-PIONS,Female,0,Yes,No,4,Yes,No,Fiber optic,No,Yes,Yes,No,No,Yes,Month-to-month,Yes,Electronic check,96.54,412.33,1
9894-IDUGV,Female,0,Yes,No,66,Yes,No,DSL,No,No,No,No,Yes,No,Month-to-month,No,Mailed check,65.52,4359.31,0
7814-ZHXHS,Male,1,No,Yes,62,Yes,Yes,Fiber optic,No,No,Yes,No,No,No,Month-to-month,Yes,Mailed check,78.27,4852.54,1
4050-OPZVW,Male,0,No,No,59,Yes,No,Fiber optic,Yes,No,Yes,No,No,Yes,Two year,Yes,Mailed check,100.37,5932.06,0
9440-IZZLP,Female,0,Yes,Yes,50,Yes,Yes,Fiber optic,No,Yes,Yes,No,No,No,Two year,Yes,Bank transfer (automatic),91.03,4545.04,1
6503-DEHAF,Female,0,No,No,20,Yes,No,Fiber optic,No,No,No,Yes,No,Yes,Month-to-month,Yes,Electronic check,103.71,2066.51,1
7765-ODUKE,Male,0,No,No,6,Yes,Yes,Fiber optic,No,No,Yes,No,Yes,No,Month-to-month,Yes,Electronic check,88.23,529.58,1
6893-RXORT,Female,1,No,No,66,Yes,No,Fiber optic,No,No,Yes,No,No,Yes,One year,Yes,Credit card (automatic),93.48,6153.09,1
1706-MEAVR,Female,0,Yes,No,6,Yes,No,DSL,No,No,No,Yes,No,Yes,One year,Yes,Credit card (automatic),76.27,455.49,0
5412-NEFXY,Male,0,Yes,No,10,Yes,No,Fiber optic,No,Yes,Yes,Yes,Yes,Yes,Two year,No,Credit card (automatic),118.75,1213.04,0
4298-PVULT,Female,0,Yes,Yes,12,Yes,Yes,No,No internet service,No internet service,No internet service,No internet service,No internet service,No internet service,Month-to-month,No,Bank transfer (automatic),20.56,273.51,0
7389-RBWUW,Male,1,No,Yes,67,Yes,No,No,No internet service,No internet service,No internet service,No internet service,No internet service,No internet service,One year,Yes,Credit card (automatic),22.07,1478.44,0
5918-MQQPU,Female,0,No,No,35,No,No phone service,DSL,No,No,No,No,Yes,Yes,One year,Yes,Electronic check,70.72,2462.8,0
7343-RHCQR,Male,0,Yes,No,12,Yes,No,Fiber optic,No,Yes,Yes,Yes,No,No,Month-to-month,No,Electronic check,91.05,1094.27,1
4909-ZZWFH,Female,1,No,No,51,Yes,No,No,No internet service,No internet service,No internet service,No internet service,No internet service,No internet service,Two year,No,Bank transfer (automatic),18.25,911.25,0
6544-WZMHS,Female,0,No,No,70,Yes,No,DSL,No,No,No,Yes,No,No,One year,Yes,Mailed check,55.42,3880.53,0
2562-FWOJQ,Male,0,Yes,No,67,Yes,Yes,No,No internet service,No internet service,No internet service,No internet service,No internet service,No internet service,Month-to-month,No,Electronic check,18.25,1214.22,1
4944-AGMCS,Male,0,No,No,10,Yes,No,DSL,No,No,No,Yes,No,Yes,Month-to-month,Yes,Bank transfer (automatic),71.74,690.51,1
9885-OEKVR,Female,1,No,Yes,61,Yes,No,No,No internet service,No internet service,No internet service,No internet service,No internet service,No internet service,Month-to-month,Yes,Electronic check,21.42,1313.41,1
7907-CFCEI,Male,0,No,No,60,Yes,No,Fiber optic,No,No,No,No,No,No,Two year,No,Bank transfer (automatic),77.54,4637.11,0
1696-SMFKU,Male,0,No,Yes,6,Yes,No,Fiber optic,Yes,Yes,No,No,Yes,No,Month-to-month,No,Credit card (automatic),103.0,617.54,1
2103-UNFFQ,Female,0,No,No,9,Yes,No,No,No internet service,No internet service,No internet service,No internet service,No internet service,No internet service,Two year,Yes,Bank transfer (automatic),19.73,200.46,1
1473-KOIUQ,Female,0,No,No,12,Yes,Yes,No,No internet service,No internet service,No internet service,No internet service,No internet service,No internet service,Two year,Yes,Mailed check,18.25,211.93,0
1379-XGGUA,Female,0,No,Yes,59,Yes,Yes,DSL,No,No,No,No,No,No,Two year,Yes,Mailed check,47.5,2787.74,0
8958-YYHES,Male,0,Yes,No,67,Yes,No,Fiber optic,No,No,No,No,Yes,Yes,One year,No,Electronic check,97.59,6540.14,1
7513-HQSLW,Female,0,Yes,No,5,Yes,No,Fiber optic,Yes,No,No,No,Yes,No,Month-to-month,No,Bank transfer (automatic),102.89,515.89,1
5613-ODWLM,Female,0,Yes,No,12,Yes,Yes,DSL,Yes,No,No,No,No,Yes,Month-to-month,Yes,Credit card (automatic),60.86,737.11,1
5726-NEVPG,Male,0,Yes,Yes,33,Yes,No,Fiber optic,No,No,Yes,No,No,No,One year,Yes,Mailed check,85.34,2832.95,1
4297-OMZPL,Male,0,Yes,No,4,Yes,Yes,No,No internet service,No internet service,No internet service,No internet service,No internet service,No internet service,Two year,Yes,Credit card (automatic),18.25,67.5,0
5678-GPWWM,Male,0,No,No,72,Yes,No,Fiber optic,No,No,No,No,Yes,No,One year,Yes,Electronic check,87.02,6237.65,1
8816-WCOCG,Female,0,No,No,27,Yes,No,No,No internet service,No internet service,No internet service,No internet service,No internet service,No internet service,Month-to-month,Yes,Electronic check,21.25,589.81,1
8424-RNRSN,Male,0,No,Yes,10,Yes,Yes,DSL,Yes,Yes,Yes,No,No,No,Month-to-month,Yes,Electronic check,66.99,677.49,1
1381-TFHZZ,Female,0,No,No,65,Yes,No,DSL,No,No,No,No,No,No,One year,No,Mailed check,54.17,3541.63,0
6828-GTRRO,Female,0,Yes,No,15,Yes,No,Fiber optic,No,Yes,No,No,No,Yes,Month-to-month,Yes,Electronic check,93.63,1402.44,1
9312-TVSVU,Female,0,Yes,No,46,Yes,Yes,Fiber optic,No,Yes,No,No,No,Yes,Month-to-month,Yes,Credit card (automatic),87.28,4009.18,1
5102-UBHUK,Female,0,Yes,No,22,Yes,Yes,DSL,Yes,No,No,Yes,No,Yes,Month-to-month,Yes,Bank transfer (automatic),86.46,1906.69,1
2768-RWMII,Male,0,Yes,No,63,Yes,No,Fiber optic,No,No,No,Yes,No,No,Two year,Yes,Bank transfer (automatic),96.83,6092.63,0
2981-QGIVA,Male,0,No,No,12,Yes,No,No,No internet service,No internet service,No internet service,No internet service,No internet service,No internet service,One year,No,Electronic check,18.25,227.55,0
9615-BDNDB,Male,1,No,No,25,Yes,No,Fiber optic,Yes,No,Yes,No,No,No,Month-to-month,Yes,Electronic check,96.02,2417.14,1
4035-HRSNT,Male,1,Yes,Yes,70,Yes,No,DSL,Yes,No,Yes,No,Yes,No,Month-to-month,Yes,Bank transfer (automatic),79.54,5580.52,1
7649-YJQHN,Female,0,Yes,No,54,Yes,No,DSL,Yes,No,No,No,Yes,Yes,Two year,Yes,Electronic check,78.84,4246.99,0
1058-UWHEP,Male,0,Yes,No,48,Yes,No,DSL,Yes,No,No,No,No,Yes,Month-to-month,No,Bank transfer (automatic),63.19,3046.6,1
3755-HJHIR,Female,0,Yes,Yes,2,Yes,Yes,Fiber optic,Yes,Yes,No,No,No,No,One year,Yes,Credit card (automatic),84.23,159.29,0
5992-CQTOU,Male,0,Yes,Yes,70,No,No phone service,No,No internet service,No internet service,No internet service,No internet service,No internet service,No internet service,One year,No,Credit card (automatic),18.25,1262.08,0
5631-QHBQR,Male,0,No,Yes,64,Yes,Yes,DSL,Yes,No,Yes,No,No,No,Month-to-month,Yes,Electronic check,60.01,3847.84,0
4615-EIIBB,Female,0,No,No,70,Yes,No,Fiber optic,Yes,No,Yes,No,Yes,No,Two year,Yes,Credit card (automatic),100.34,7024.65,0
8505-SWCQN,Female,0,No,No,38,Yes,No,No,No internet service,No internet service,No internet service,No internet service,No internet service,No internet service,One year,Yes,Electronic check,22.65,870.91,1
3638-NNFCA,Female,0,No,No,22,Yes,Yes,DSL,No,No,No,No,No,Yes,One year,Yes,Mailed check,69.66,1533.63,1
7022-PDAQR,Male,0,Yes,Yes,60,Yes,Yes,Fiber optic,No,No,No,Yes,No,No,Month-to-month,No,Mailed check,89.05,5324.61,1
5525-ZHBRP,Female,0,No,No,53,Yes,No,DSL,No,No,No,Yes,No,No,Two year,Yes,Mailed check,62.58,3294.94,0
2193-ZJHLV,Male,0,No,Yes,43,Yes,Yes,No,No internet service,No internet service,No internet service,No internet service,No internet service,No internet service,One year,No,Bank transfer (automatic),28.89,1269.93,1
6583-PLKTS,Female,0,No,Yes,4,Yes,No,DSL,Yes,No,Yes,No,No,Yes,Two year,No,Credit card (automatic),65.02,254.53,0
1858-ACLIU,Male,1,No,No,68,Yes,No,Fiber optic,No,No,No,No,Yes,No,Month-to-month,No,Bank transfer (automatic),91.06,6181.82,1
6050-VEAJQ,Female,0,Yes,No,64,Yes,No,DSL,No,Yes,Yes,No,No,No,One year,No,Electronic check,53.46,3391.49,1
7033-DOSHW,Female,0,Yes,No,9,Yes,Yes,DSL,No,No,Yes,Yes,No,No,One year,Yes,Credit card (automatic),55.67,472.51,1
9883-OGOHZ,Female,1,No,Yes,31,Yes,No,No,No internet service,No internet service,No internet service,No internet service,No internet service,No internet service,One year,Yes,Bank transfer (automatic),27.82,874.41,0
7625-WJRDO,Female,0,No,No,6,Yes,No,Fiber optic,No,No,No,Yes,Yes,No,One year,Yes,Electronic check,100.3,582.57,1
2536-KVCOC,Male,1,No,No,1,Yes,No,Fiber optic,Yes,No,No,No,No,No,Month-to-month,No,Bank transfer (automatic),96.04,96.04,1
1745-OFANP,Male,1,Yes,No,8,Yes,No,Fiber optic,Yes,Yes,No,No,Yes,Yes,One year,No,Electronic check,116.48,931.77,1
5672-AUQZH,Male,0,Yes,Yes,49,Yes,No,DSL,No,Yes,Yes,No,No,No,Month-to-month,Yes,Bank transfer (automatic),50.46,2468.04,1
6095-RPFJJ,Male,0,Yes,No,42,No,No phone service,DSL,No,No,No,No,Yes,No,Month-to-month,Yes,Credit card (automatic),67.46,2840.01,1
8986-EZLTQ,Female,0,Yes,Yes,46,No,No phone service,Fiber optic,No,Yes,No,No,No,No,Month-to-month,Yes,Bank transfer (automatic),79.2,3614.35,1
8802-NNCLT,Female,0,Yes,No,25,Yes,Yes,Fiber optic,No,No,No,No,Yes,Yes,Month-to-month,No,Electronic check,106.14,2662.42,1
3588-RLBBQ,Male,1,Yes,Yes,58,Yes,No,Fiber optic,No,Yes,No,No,Yes,Yes,Month-to-month,Yes,Credit card (automatic),109.61,6353.79,1
8562-JRVSZ,Male,0,No,No,50,Yes,No,Fiber optic,No,No,Yes,Yes,No,No,Month-to-month,No,Credit card (automatic),104.11,5181.06,1
3227-UAXDY,Male,1,No,Yes,11,Yes,Yes,Fiber optic,Yes,No,No,No,No,Yes,Month-to-month,Yes,Electronic check,93.0,1041.23,1
7538-DBSUL,Male,0,No,No,21,Yes,No,DSL,Yes,No,No,Yes,No,No,Month-to-month,Yes,Electronic check,74.93,1555.94,1
3464-JMVWT,Male,1,Yes,Yes,28,Yes,No,Fiber optic,No,Yes,No,No,No,No,Month-to-month,Yes,Credit card (automatic),80.01,2221.85,1
2770-WOZCW,Female,0,No,No,8,Yes,No,Fiber optic,No,No,No,No,No,No,One year,Yes,Electronic check,74.98,576.96,1
5189-TMHYG,Female,0,No,No,35,Yes,Yes,Fiber optic,No,Yes,Yes,No,Yes,Yes,One year,No,Bank transfer (automatic),96.89,3388.39,0
6639-XHRIF,Male,0,No,No,6,Yes,Yes,DSL,No,Yes,Yes,No,No,Yes,Two year,No,Credit card (automatic),70.68,422.93,1
6595-DOEZE,Male,0,Yes,Yes,61,Yes,No,DSL,No,No,No,No,Yes,No,Two year,Yes,Electronic check,64.82,3947.66,0
5505-GIGIT,Female,0,Yes,No,34,Yes,Yes,DSL,No,No,No,No,Yes,Yes,Two year,Yes,Credit card (automatic),81.95,2779.9,0
4314-JZDFX,Male,0,No,Yes,58,Yes,No,No,No internet service,No internet service,No internet service,No internet service,No internet service,No internet service,Two year,Yes,Mailed check,18.25,1083.85,0
2533-NIAQM,Male,0,Yes,No,2,Yes,Yes,DSL,No,No,No,No,No,No,Two year,Yes,Electronic check,48.0,100.8,1
6257-XGIKC,Female,0,Yes,No,64,Yes,No,Fiber optic,No,No,No,No,No,No,Month-to-month,No,Electronic check,88.65,5652.33,1
8749-ZLUCO,Female,0,Yes,No,36,Yes,No,Fiber optic,Yes,No,Yes,No,Yes,No,Month-to-month,No,Bank transfer (automatic),102.55,3708.04,0
2922-UJANT,Female,0,Yes,Yes,32,Yes,No,Fiber optic,No,Yes,No,No,No,No,One year,Yes,Bank transfer (automatic),78.26,2490.54,1
4662-FBWHA,Male,0,No,Yes,72,Yes,Yes,DSL,No,Yes,Yes,Yes,Yes,No,Two year,No,Bank transfer (automatic),77.44,5584.07,0
2688-DDETI,Male,0,No,No,6,Yes,Yes,DSL,No,No,Yes,No,Yes,No,Month-to-month,Yes,Bank transfer (automatic),59.46,373.95,1
7956-WMRQY,Female,1,No,Yes,6,Yes,No,Fiber optic,No,Yes,Yes,Yes,Yes,No,Two year,Yes,Bank transfer (automatic),93.86,560.94,1
7427-AVOBP,Male,0,No,No,16,Yes,Yes,Fiber optic,No,Yes,No,No,No,No,Month-to-month,Yes,Mailed check,77.89,1231.38,1
5692-TVEVS,Male,0,No,No,68,Yes,No,Fiber optic,No,No,No,No,Yes,No,Month-to-month,Yes,Electronic check,96.6,6594.26,1
3628-EBGCQ,Male,0,Yes,No,7,Yes,Yes,No,No internet service,No internet service,No internet service,No internet service,No internet service,No internet service,One year,No,Bank transfer (automatic),22.16,159.26,0
4153-XXCMG,Male,0,Yes,No,39,Yes,No,DSL,No,No,No,No,No,Yes,One year,Yes,Credit card (automatic),62.97,2448.03,0
1214-YXCOR,Male,0,Yes,No,53,Yes,No,Fiber optic,Yes,Yes,Yes,No,Yes,No,Two year,No,Electronic check,94.28,4986.26,0
6214-JWGIE,Female,0,Yes,Yes,57,Yes,No,Fiber optic,Yes,No,No,No,Yes,No,One year,Yes,Credit card (automatic),97.81,5554.99,0
2915-THNDT,Male,0,No,No,68,Yes,Yes,No,No internet service,No internet service,No internet service,No internet service,No internet service,No internet service,Month-to-month,No,Credit card (automatic),25.61,1734.15,1
4194-NLBMA,Female,0,Yes,No,3,Yes,No,Fiber optic,No,No,No,Yes,No,Yes,Two year,No,Electronic check,105.48,317.19,1
1862-TGYIZ,Female,0,Yes,No,52,Yes,No,Fiber optic,No,Yes,No,No,Yes,No,Two year,No,Mailed check,86.25,4511.26,1
1003-QUWMW,Male,0,Yes,Yes,6,Yes,Yes,Fiber optic,No,No,No,Yes,No,Yes,Two year,No,Mailed check,105.55,634.09,0
9939-JPFPK,Female,0,No,Yes,71,No,No phone service,DSL,Yes,No,Yes,No,Yes,No,One year,Yes,Credit card (automatic),76.53,5454.9,0
8477-ZTCIO,Female,0,No,No,7,Yes,No,Fiber optic,No,No,No,Yes,No,Yes,Two year,Yes,Electronic check,98.35,669.51,1
2965-MJTXM,Male,0,No,No,50,Yes,Yes,DSL,No,No,No,Yes,No,No,Month-to-month,No,Electronic check,60.56,3018.25,0
2659-QGFMQ,Female,0,Yes,No,71,Yes,No,No,No internet service,No internet service,No internet service,No internet service,No internet service,No internet service,One year,No,Bank transfer (automatic),26.51,1893.08,0
1181-ODONU,Male,0,No,No,8,Yes,Yes,No,No internet service,No internet service,No internet service,No internet service,No internet service,No internet service,Month-to-month,Yes,Electronic check,18.25,157.54,1
2618-KXDCB,Male,0,Yes,Yes,10,Yes,No,Fiber optic,No,Yes,No,No,No,Yes,Month-to-month,Yes,Credit card (automatic),83.49,839.6,1
8867-TJMTZ,Female,0,Yes,No,1,Yes,Yes,DSL,No,Yes,Yes,No,Yes,No,Two year,Yes,Credit card (automatic),63.28,63.28,1
7060-UWYRU,Male,0,Yes,Yes,20,Yes,No,Fiber optic,No,Yes,No,No,Yes,No,One year,Yes,Electronic check,86.81,1740.59,1
9166-PKJIL,Female,0,Yes,No,60,Yes,No,Fiber optic,No,No,No,No,Yes,Yes,Two year,Yes,Mailed check,99.46,5968.4,1
4064-SARNV,Female,0,No,No,6,Yes,No,DSL,No,No,Yes,Yes,Yes,No,Two year,No,Mailed check,74.06,464.84,0
7491-UAQKT,Male,0,Yes,No,63,Yes,No,DSL,No,No,Yes,Yes,Yes,No,Month-to-month,No,Bank transfer (automatic),79.88,5043.0,1
6502-ODOVV,Male,0,Yes,No,5,Yes,No,DSL,No,Yes,No,Yes,No,No,Two year,Yes,Mailed check,56.97,276.59,1
2934-ZNVAZ,Male,0,Yes,No,45,Yes,Yes,Fiber optic,No,Yes,Yes,No,No,No,Month-to-month,No,Electronic check,83.71,3740.77,1
7409-IGWKW,Male,0,No,No,13,Yes,Yes,Fiber optic,Yes,No,Yes,No,Yes,No,Month-to-month,No,Electronic check,101.85,1343.97,1
9808-BBFWS,Male,0,No,No,32,Yes,Yes,Fiber optic,No,No,No,No,Yes,No,Month-to-month,No,Credit card (automatic),83.68,2686.51,1
9881-TNCGG,Male,0,No,No,28,Yes,No,Fiber optic,Yes,No,Yes,No,No,No,Two year,No,Bank transfer (automatic),87.5,2444.2,0
3287-DWEQZ,Male,1,No,No,1,No,No phone service,Fiber optic,Yes,No,No,No,No,No,Two year,No,Electronic check,83.42,84.52,0
9897-DWMPP,Male,0,No,Yes,12,Yes,No,Fiber optic,No,No,Yes,No,No,Yes,One year,No,Electronic check,85.33,1015.61,1
1070-BRARZ,Male,0,Yes,Yes,39,Yes,No,Fiber optic,Yes,No,No,No,No,Yes,Two year,Yes,Credit card (automatic),98.44,3827.35,0
1544-HKXXO,Male,0,Yes,No,11,Yes,No,DSL,No,Yes,No,Yes,No,Yes,One year,Yes,Mailed check,67.21,715.03,1
4181-PQQLJ,Female,1,No,Yes,62,Yes,Yes,Fiber optic,No,No,No,No,No,No,Two year,Yes,Mailed check,76.02,4691.28,0
1835-TFHMB,Female,1,No,No,71,Yes,Yes,DSL,No,No,No,No,No,Yes,Month-to-month,Yes,Credit card (automatic),57.13,4061.46,1
6048-SVJDL,Male,1,No,No,9,Yes,No,No,No internet service,No internet service,No internet service,No internet service,No internet service,No internet service,Two year,No,Credit card (automatic),18.25,158.8,1
6559-RGTXX,Male,0,No,No,45,Yes,No,No,No internet service,No internet service,No internet service,No internet service,No internet service,No internet service,Month-to-month,Yes,Mailed check,23.29,1054.33,1
4578-WZYDG,Male,1,No,Yes,20,Yes,No,Fiber optic,No,No,No,No,No,Yes,Month-to-month,Yes,Credit card (automatic),88.58,1772.88,1
4755-JZOLA,Male,0,No,No,56,Yes,Yes,DSL,Yes,No,Yes,No,No,No,Month-to-month,No,Mailed check,49.47,2748.58,0
9709-TRYPE,Male,0,No,No,61,Yes,No,Fiber optic,Yes,No,No,No,Yes,No,Month-to-month,Yes,Mailed check,104.55,6385.94,1
1367-SDFZQ,Female,1,Yes,No,9,Yes,No,No,No internet service,No internet service,No internet service,No internet service,No internet service,No internet service,Month-to-month,No,Electronic check,18.25,169.46,1
7810-GXWGI,Male,0,Yes,No,41,Yes,Yes,DSL,No,Yes,No,No,Yes,Yes,Month-to-month,No,Credit card (automatic),73.48,3000.31,1
6076-MTNPW,Male,0,No,No,57,Yes,No,Fiber optic,No,No,No,No,No,No,Two year,No,Credit card (automatic),84.32,4823.34,0
4624-IOERU,Female,0,Yes,No,12,Yes,Yes,DSL,No,Yes,Yes,No,Yes,No,Month-to-month,No,Bank transfer (automatic),60.01,724.45,1
5641-THOUY,Male,0,Yes,No,3,Yes,No,No,No internet service,No internet service,No internet service,No internet service,No internet service,No internet service,Two year,No,Credit card (automatic),18.25,18.52,0
1877-ISZVF,Male,0,Yes,Yes,1,Yes,Yes,No,No internet service,No internet service,No internet service,No internet service,No internet service,No internet service,Two year,Yes,Electronic check,22.25,22.25,1
8697-DKJCA,Female,0,Yes,No,3,Yes,No,Fiber optic,No,No,Yes,Yes,Yes,Yes,One year,No,Credit card (automatic),117.51,340.14,1
8611-LWOOU,Male,0,No,Yes,10,Yes,No,Fiber optic,Yes,No,Yes,Yes,No,No,Two year,Yes,Credit card (automatic),99.97,987.74,1
9767-NZGQX,Male,0,No,No,2,No,No phone service,Fiber optic,No,Yes,No,No,Yes,No,Month-to-month,No,Electronic check,89.38,158.76,1
9257-SGCCZ,Female,0,No,No,61,Yes,Yes,Fiber optic,No,No,No,No,No,Yes,Two year,No,Electronic check,91.31,5584.82,1
3149-YRTVN,Male,0,No,Yes,63,Yes,Yes,Fiber optic,Yes,No,No,No,Yes,No,Month-to-month,Yes,Electronic check,97.34,6116.23,1
7223-CZZGG,Female,0,Yes,Yes,10,Yes,Yes,Fiber optic,No,Yes,No,No,Yes,No,Month-to-month,Yes,Electronic check,98.75,998.97,1
6461-ECROT,Male,0,Yes,No,9,Yes,Yes,No,No internet service,No internet service,No internet service,No internet service,No internet service,No internet service,Month-to-month,Yes,Credit card (automatic),19.99,171.14,1
3025-NDXHU,Female,1,No,No,10,Yes,No,No,No internet service,No internet service,No internet service,No internet service,No internet service,No internet service,One year,Yes,Mailed check,18.25,162.91,1
2544-MVHOQ,Female,0,Yes,No,65,Yes,No,Fiber optic,No,Yes,Yes,No,Yes,Yes,Month-to-month,Yes,Bank transfer (automatic),112.13,7277.7,1
8049-ETDKR,Male,0,No,No,26,Yes,Yes,No,No internet service,No internet service,No internet service,No internet service,No internet service,No internet service,Month-to-month,No,Mailed check,18.25,486.58,1
8340-JQOFW,Female,1,No,No,11,Yes,Yes,Fiber optic,No,No,Yes,Yes,No,No,Month-to-month,Yes,Bank transfer (automatic),81.0,888.65,1
9426-UPOHI,Female,0,Yes,Yes,24,Yes,Yes,DSL,Yes,Yes,No,Yes,No,No,Month-to-month,No,Electronic check,77.73,1858.05,1
7386-KBMDI,Male,0,Yes,Yes,67,Yes,Yes,Fiber optic,No,No,No,No,No,No,Two year,Yes,Credit card (automatic),80.07,5355.31,1
9398-ESVCU,Female,0,Yes,No,34,Yes,No,No,No internet service,No internet service,No internet service,No internet service,No internet service,No internet service,Month-to-month,No,Bank transfer (automatic),18.25,612.8,1
6388-CFJEY,Female,0,Yes,No,71,Yes,Yes,DSL,No,No,Yes,No,No,No,Month-to-month,Yes,Mailed check,51.55,3668.31,1
2432-CVXGV,Male,0,Yes,No,8,Yes,No,Fiber optic,No,No,Yes,No,No,No,Month-to-month,No,Electronic check,84.0,688.53,1
3177-RWHAY,Female,0,No,No,1,Yes,Yes,No,No internet service,No internet service,No internet service,No internet service,No internet service,No internet service,Month-to-month,No,Electronic check,18.25,32.79,1
7522-DXZGN,Male,0,No,No,31,Yes,Yes,DSL,No,Yes,No,Yes,No,Yes,Month-to-month,Yes,Bank transfer (automatic),76.65,2358.61,1
5341-MJWRA,Female,0,Yes,No,5,Yes,Yes,Fiber optic,No,No,Yes,Yes,No,Yes,One year,Yes,Mailed check,102.77,513.15,1
6928-DPPRH,Female,0,No,No,11,Yes,Yes,DSL,No,No,Yes,Yes,Yes,No,Month-to-month,No,Mailed check,72.63,784.82,1
9819-JPWXK,Female,0,Yes,Yes,61,Yes,Yes,Fiber optic,No,No,Yes,No,No,No,One year,No,Credit card (automatic),79.75,4858.12,1
9183-FALYF,Female,0,Yes,No,72,Yes,No,Fiber optic,No,No,Yes,Yes,No,No,Month-to-month,Yes,Electronic check,98.56,7080.46,1
2726-MZQAH,Male,0,No,No,62,No,No phone service,Fiber optic,No,No,No,Yes,No,No,Month-to-month,No,Mailed check,84.23,5219.31,1
3273-VHXKN,Female,0,No,No,29,Yes,No,DSL,No,No,No,No,No,No,Month-to-month,Yes,Electronic check,47.88,1371.16,1
3970-XJOGG,Male,0,No,No,38,Yes,No,No,No internet service,No internet service,No internet service,No internet service,No internet service,No internet service,One year,Yes,Electronic check,23.25,876.28,0
7700-JDYRY,Male,1,No,No,63,Yes,Yes,Fiber optic,Yes,No,Yes,No,No,Yes,One year,Yes,Credit card (automatic),99.9,6263.45,0
7967-JSNMO,Female,0,No,No,5,No,No phone service,No,No internet service,No internet service,No internet service,No internet service,No internet service,No internet service,Month-to-month,Yes,Bank transfer (automatic),24.08,119.02,0
5661-PBDUR,Male,0,No,No,38,Yes,Yes,Fiber optic,No,No,No,No,Yes,Yes,Month-to-month,No,Bank transfer (automatic),111.81,4259.75,1
5635-QJUIO,Female,0,No,Yes,11,No,No phone service,No,No internet service,No internet service,No internet service,No internet service,No internet service,No internet service,Month-to-month,Yes,Electronic check,18.77,204.97,1
4991-LUZIN,Male,0,No,No,65,No,No phone service,DSL,No,No,No,Yes,Yes,No,One year,Yes,Credit card (automatic),69.45,4508.2,0
1218-MZFSD,Female,0,Yes,Yes,68,Yes,Yes,DSL,No,No,No,Yes,Yes,Yes,Month-to-month,Yes,Electronic check,94.68,6412.07,0
8065-TQSCN,Male,0,No,No,69,Yes,Yes,DSL,No,No,No,Yes,Yes,No,Two year,Yes,Electronic check,70.13,4820.61,0
7562-QMIAY,Male,0,Yes,No,7,Yes,Yes,DSL,No,No,No,No,Yes,Yes,Month-to-month,Yes,Electronic check,64.9,456.81,1
5597-QPRBN,Female,0,Yes,No,62,Yes,No,Fiber optic,Yes,No,No,No,No,No,Month-to-month,No,Electronic check,88.82,5506.22,1
3114-VWQCB,Female,0,Yes,No,65,No,No phone service,Fiber optic,Yes,Yes,No,No,Yes,No,Month-to-month,Yes,Bank transfer (automatic),110.4,7157.21,0
2244-HYBBZ,Male,0,No,No,9,Yes,Yes,DSL,Yes,Yes,No,No,No,No,Two year,No,Electronic check,73.2,644.75,0
7836-ITUYF,Male,0,Yes,No,12,Yes,Yes,Fiber optic,Yes,Yes,Yes,Yes,No,Yes,Two year,Yes,Bank transfer (automatic),105.94,1266.77,0
5856-ZLYIG,Male,0,Yes,Yes,46,Yes,No,DSL,No,Yes,No,No,Yes,No,Two year,Yes,Bank transfer (automatic),65.03,2985.53,0
5240-LZYEP,Male,0,Yes,Yes,62,Yes,No,No,No internet service,No internet service,No internet service,No internet service,No internet service,No internet service,Two year,Yes,Mailed check,18.46,1155.67,0
6015-ELXZT,Male,0,No,No,69,No,No phone service,Fiber optic,No,No,No,No,No,Yes,Month-to-month,No,Bank transfer (automatic),98.75,6829.51,1
2643-IWGST,Male,0,Yes,Yes,62,Yes,No,No,No internet service,No internet service,No internet service,No internet service,No internet service,No internet service,One year,Yes,Mailed check,32.34,2013.87,0
8506-WKULC,Female,0,No,No,68,Yes,Yes,Fiber optic,No,Yes,No,Yes,Yes,Yes,Month-to-month,Yes,Bank transfer (automatic),118.75,8060.93,1
8094-QGVJW,Female,0,No,No,11,No,No phone service,Fiber optic,Yes,No,Yes,No,No,Yes,Month-to-month,Yes,Credit card (automatic),100.06,1105.99,1
1576-OBMDR,Female,0,Yes,No,22,Yes,No,DSL,No,Yes,No,No,No,No,Month-to-month,Yes,Mailed check,46.87,1038.54,1
4070-XWABB,Male,0,No,No,21,No,No phone service,DSL,No,Yes,No,No,No,No,Month-to-month,Yes,Bank transfer (automatic),46.91,1000.71,1
2166-DCQNB,Male,0,Yes,No,5,Yes,No,No,No internet service,No internet service,No internet service,No internet service,No internet service,No internet service,Two year,Yes,Credit card (automatic),22.1,100.48,0
3825-PKYMA,Female,1,Yes,No,72,No,No phone service,DSL,No,No,No,No,No,No,One year,No,Electronic check,61.9,4432.1,1
7743-YWBBU,Female,1,No,No,66,Yes,Yes,DSL,Yes,No,Yes,No,Yes,No,Month-to-month,Yes,Electronic check,70.21,4648.3,1
1415-EDLZZ,Female,0,No,No,9,No,No phone service,DSL,No,Yes,No,Yes,Yes,No,One year,No,Electronic check,68.43,592.77,1
4885-CTJTR,Female,0,Yes,Yes,7,Yes,No,No,No internet service,No internet service,No internet service,No internet service,No internet service,No internet service,One year,Yes,Bank transfer (automatic),18.25,136.87,1
9243-UUUJA,Female,0,No,No,52,Yes,No,No,No internet service,No internet service,No internet service,No internet service,No internet service,No internet service,Month-to-month,Yes,Electronic check,21.46,1119.3,1
4465-FKBGT,Female,0,Yes,No,72,Yes,No,DSL,Yes,Yes,No,No,No,Yes,Month-to-month,Yes,Electronic check,73.08,5273.24,1
1759-UUURU,Female,0,No,No,12,Yes,No,Fiber optic,No,Yes,No,No,Yes,Yes,Month-to-month,Yes,Mailed check,95.08,1171.55,1
2385-SDMRT,Female,0,No,No,65,Yes,No,Fiber optic,No,No,Yes,Yes,No,No,Month-to-month,No,Electronic check,84.29,5473.77,1
4574-YXMSQ,Male,0,Yes,No,61,No,No phone service,DSL,Yes,Yes,Yes,No,No,Yes,Two year,No,Electronic check,76.44,4657.62,1
2201-AFSTA,Female,0,No,No,38,Yes,No,Fiber optic,No,Yes,No,No,No,No,Two year,Yes,Electronic check,79.83,3010.33,1
8819-HQUVO,Female,0,Yes,No,5,Yes,No,DSL,Yes,No,Yes,No,No,No,Month-to-month,Yes,Mailed check,53.5,242.76,1
9298-RGPGQ,Female,1,No,Yes,57,Yes,Yes,Fiber optic,No,No,No,No,No,No,Month-to-month,No,Credit card (automatic),80.76,4607.65,1
3943-DLMDU,Male,0,No,No,7,Yes,No,DSL,No,No,No,No,Yes,No,Month-to-month,Yes,Credit card (automatic),63.2,442.77,1
9528-AAGIA,Female,0,No,Yes,13,Yes,No,Fiber optic,Yes,No,Yes,No,No,Yes,One year,Yes,Electronic check,105.0,1385.64,1
9428-PRVOF,Male,0,Yes,No,60,Yes,No,DSL,No,Yes,Yes,No,Yes,No,Month-to-month,No,Bank transfer (automatic),47.83,2891.96,0
6165-BIDMW,Male,0,Yes,No,12,Yes,Yes,Fiber optic,No,No,No,No,No,No,Two year,Yes,Credit card (automatic),79.72,974.08,0
7485-VKMKS,Male,0,No,No,7,Yes,Yes,Fiber optic,No,No,No,Yes,Yes,No,Two year,No,Mailed check,94.52,656.29,1
6402-HGYPC,Male,0,No,Yes,61,Yes,No,Fiber optic,No,Yes,No,No,No,Yes,Month-to-month,Yes,Bank transfer (automatic),90.57,5526.03,1
6485-QROQK,Male,0,No,No,36,Yes,Yes,Fiber optic,No,No,No,No,Yes,Yes,Two year,Yes,Mailed check,104.87,3750.28,1
1782-EPOJN,Female,0,No,No,58,Yes,No,DSL,No,Yes,No,Yes,No,Yes,Month-to-month,Yes,Bank transfer (automatic),72.72,4188.4,1
9467-BPSHO,Female,0,No,No,4,Yes,No,DSL,No,Yes,Yes,No,No,Yes,Month-to-month,Yes,Mailed check,64.75,252.95,1
1328-JETPU,Male,0,Yes,No,19,Yes,Yes,Fiber optic,No,No,No,No,No,No,One year,Yes,Electronic check,78.78,1491.71,1
3868-ZVLWM,Male,0,Yes,No,39,Yes,Yes,Fiber optic,No,No,No,No,No,Yes,Month-to-month,Yes,Electronic check,80.05,3100.39,1
5823-IQTLY,Male,0,No,No,11,Yes,Yes,Fiber optic,No,Yes,Yes,No,Yes,Yes,One year,No,Electronic check,110.06,1225.76,1
4038-EXLAT,Male,0,Yes,Yes,5,Yes,Yes,DSL,No,Yes,Yes,No,Yes,No,Month-to-month,No,Credit card (automatic),68.18,361.93,1
5838-PLIMQ,Male,0,No,No,15,Yes,No,Fiber optic,No,No,Yes,No,Yes,No,Month-to-month,Yes,Credit card (automatic),81.93,1200.46,1
8823-QDNSG,Female,0,Yes,No,27,No,No phone service,Fiber optic,No,No,No,Yes,No,No,Two year,No,Credit card (automatic),93.69,2531.19,1
8595-CALOK,Male,0,No,No,12,Yes,Yes,DSL,No,Yes,Yes,No,No,Yes,Two year,Yes,Electronic check,68.07,809.76,0
2111-JBZDQ,Male,0,No,No,10,No,No phone service,Fiber optic,No,No,No,No,No,No,Two year,Yes,Credit card (automatic),71.71,745.15,1
3142-QHWNX,Male,1,Yes,No,19,Yes,No,No,No internet service,No internet service,No internet service,No internet service,No internet service,No internet service,Month-to-month,No,Electronic check,18.36,343.77,1
7912-DFSXD,Female,0,No,Yes,43,Yes,No,DSL,No,No,Yes,Yes,No,No,One year,No,Credit card (automatic),63.28,2716.34,0
4011-CTFWG,Female,0,No,Yes,3,Yes,Yes,Fiber optic,No,No,Yes,Yes,No,No,Two year,Yes,Electronic check,92.71,269.1,1
9354-NLPTH,Female,0,Yes,No,7,Yes,No,Fiber optic,Yes,No,Yes,Yes,No,Yes,Two year,No,Bank transfer (automatic),115.19,798.39,1
2281-WBMHY,Male,0,No,Yes,37,Yes,Yes,DSL,No,No,No,Yes,No,Yes,Month-to-month,No,Bank transfer (automatic),80.94,3011.76,1
5832-UTPDP,Male,0,Yes,No,11,Yes,Yes,No,No internet service,No internet service,No internet service,No internet service,No internet service,No internet service,Month-to-month,No,Electronic check,22.77,260.59,1
6824-TFDPW,Female,0,No,No,45,Yes,Yes,No,No internet service,No internet service,No internet service,No internet service,No internet service,No internet service,Month-to-month,Yes,Electronic check,24.48,1091.94,0
8381-WUMEO,Female,1,Yes,Yes,1,Yes,Yes,DSL,No,Yes,No,Yes,No,Yes,Two year,No,Bank transfer (automatic),68.9,68.9,0
7934-ZHGNG,Female,0,No,No,63,Yes,No,Fiber optic,No,Yes,Yes,No,No,No,Month-to-month,Yes,Bank transfer (automatic),75.21,4744.98,1
3455-VGWZR,Male,0,Yes,No,9,Yes,No,Fiber optic,Yes,No,No,No,No,No,Two year,Yes,Credit card (automatic),86.74,812.83,0
5386-JRNJG,Male,0,No,Yes,71,No,No phone service,DSL,No,No,Yes,No,No,Yes,Month-to-month,No,Bank transfer (automatic),59.86,4260.06,1
5329-ZGGEA,Female,1,No,No,61,Yes,No,DSL,No,No,No,No,No,No,One year,Yes,Electronic check,50.17,3064.85,1
1970-NRMYH,Female,0,No,No,21,Yes,Yes,No,No internet service,No internet service,No internet service,No internet service,No internet service,No internet service,Month-to-month,Yes,Bank transfer (automatic),20.45,433.65,1
5344-HJQFO,Male,1,No,No,41,Yes,No,No,No internet service,No internet service,No internet service,No internet service,No internet service,No internet service,Two year,Yes,Credit card (automatic),18.25,732.82,0
4614-OYPHS,Female,1,Yes,Yes,61,Yes,Yes,Fiber optic,No,No,No,No,No,Yes,Two year,Yes,Bank transfer (automatic),90.74,5517.58,1
8426-TOCFY,Male,1,No,No,6,Yes,No,DSL,No,Yes,No,Yes,No,No,Month-to-month,Yes,Mailed check,54.16,312.95,1
6204-HPOMZ,Female,1,Yes,No,32,Yes,Yes,No,No internet service,No internet service,No internet service,No internet service,No internet service,No internet service,Two year,No,Credit card (automatic),22.42,710.98,0
7138-TORMX,Male,1,No,No,4,Yes,Yes,No,No internet service,No internet service,No internet service,No internet service,No internet service,No internet service,Month-to-month,Yes,Mailed check,20.76,101.41,1
3777-HNKFX,Male,0,Yes,No,4,Yes,No,Fiber optic,No,No,No,No,No,No,Two year,Yes,Electronic check,73.09,319.94,0
3620-YAYBM,Female,1,No,No,4,Yes,No,Fiber optic,No,Yes,No,No,No,No,Two year,Yes,Electronic check,86.24,353.16,1
3072-AXXDX,Male,0,No,Yes,38,Yes,No,Fiber optic,No,No,No,No,No,No,Two year,Yes,Mailed check,87.34,3318.15,1
2282-WBUZT,Male,0,No,Yes,2,Yes,No,No,No internet service,No internet service,No internet service,No internet service,No internet service,No internet service,Month-to-month,No,Bank transfer (automatic),18.25,55.03,1
3036-PCQEZ,Female,0,Yes,No,2,Yes,No,DSL,Yes,No,Yes,No,No,No,Month-to-month,Yes,Bank transfer (automatic),55.24,119.98,1
6283-HLYWL,Male,1,Yes,Yes,2,Yes,No,DSL,No,No,Yes,No,No,Yes,Month-to-month,Yes,Mailed check,55.67,118.12,1
5246-AAOQB,Female,0,No,No,60,Yes,No,No,No internet service,No internet service,No internet service,No internet service,No internet service,No internet service,Month-to-month,Yes,Mailed check,18.25,1076.69,1
2437-QTZIL,Male,0,No,Yes,51,Yes,No,DSL,Yes,No,No,No,No,Yes,Month-to-month,Yes,Bank transfer (automatic),71.78,3663.27,0
4869-DMDGN,Female,0,Yes,No,3,Yes,No,No,No internet service,No internet service,No internet service,No internet service,No internet service,No internet service,Month-to-month,Yes,Credit card (automatic),18.25,70.85,0
9660-IWAAT,Male,0,No,Yes,5,Yes,No,Fiber optic,Yes,Yes,No,Yes,Yes,No,Two year,No,Electronic check,117.03,597.96,1
1111-DAVJB,Male,0,No,Yes,47,Yes,No,Fiber optic,No,Yes,No,No,No,Yes,Month-to-month,Yes,Mailed check,90.51,4263.88,1
6357-UXOCY,Female,0,No,No,69,Yes,Yes,Fiber optic,No,No,Yes,No,No,No,One year,Yes,Credit card (automatic),80.05,5502.68,1
3692-WIQUM,Female,1,Yes,Yes,55,Yes,No,DSL,No,No,Yes,Yes,No,Yes,Two year,No,Electronic check,72.83,3973.7,0
6737-CDDKG,Male,0,No,Yes,2,Yes,Yes,Fiber optic,No,Yes,No,No,Yes,No,Two year,No,Electronic check,86.61,161.3,1
6722-ZKXKJ,Female,0,No,No,61,Yes,No,Fiber optic,Yes,No,No,No,No,Yes,Two year,Yes,Credit card (automatic),102.57,6282.23,0
5747-EMLJG,Female,0,Yes,Yes,8,Yes,No,Fiber optic,No,No,No,No,Yes,No,Month-to-month,No,Credit card (automatic),81.08,670.25,1
4723-SSSLT,Male,1,Yes,No,8,Yes,No,DSL,No,No,No,Yes,No,No,Month-to-month,No,Bank transfer (automatic),63.11,513.52,1
8893-VOEXN,Female,0,No,No,8,Yes,Yes,No,No internet service,No internet service,No internet service,No internet service,No internet service,No internet service,Month-to-month,Yes,Bank transfer (automatic),18.25,143.5,1
9812-LUKEP,Male,0,Yes,No,11,Yes,No,DSL,No,Yes,No,No,No,Yes,One year,No,Mailed check,60.72,689.92,1
4060-ZRLEP,Female,0,Yes,No,57,Yes,Yes,Fiber optic,No,No,No,No,No,No,Month-to-month,No,Bank transfer (automatic),86.07,4913.13,1
7921-LWBFW,Male,0,Yes,No,29,Yes,Yes,DSL,No,No,No,Yes,No,No,Month-to-month,No,Credit card (automatic),57.85,1661.66,0
9643-UYDMJ,Female,0,No,Yes,4,Yes,No,No,No internet service,No internet service,No internet service,No internet service,No internet service,No internet service,One year,No,Mailed check,18.25,92.41,0
3753-QNXOH,Male,0,Yes,Yes,5,Yes,No,DSL,Yes,No,No,No,No,No,Month-to-month,No,Electronic check,66.8,323.03,1
2298-WXRCY,Male,1,Yes,Yes,29,Yes,No,No,No internet service,No internet service,No internet service,No internet service,No internet service,No internet service,Month-to-month,Yes,Credit card (automatic),23.02,689.68,0
6282-QXXGM,Female,0,No,Yes,4,No,No phone service,DSL,No,Yes,No,Yes,Yes,No,Month-to-month,Yes,Mailed check,63.21,231.99,1
1740-PEDZJ,Female,0,Yes,No,59,Yes,No,DSL,No,Yes,No,No,No,No,One year,Yes,Electronic check,47.85,2820.01,0
4777-MJNZV,Male,1,No,Yes,11,Yes,Yes,Fiber optic,No,No,No,No,Yes,Yes,One year,Yes,Credit card (automatic),105.45,1145.56,1
8846-LAUTT,Female,0,Yes,Yes,7,Yes,Yes,No,No internet service,No internet service,No internet service,No internet service,No internet service,No internet service,Month-to-month,Yes,Electronic check,24.09,148.12,1
3960-GIHMN,Male,0,No,No,6,Yes,No,Fiber optic,No,Yes,No,Yes,No,No,Two year,Yes,Mailed check,94.99,580.28,1
7804-LHUVR,Male,0,No,No,7,Yes,No,No,No internet service,No internet service,No internet service,No internet service,No internet service,No internet service,One year,Yes,Bank transfer (automatic),18.25,111.45,0
4956-PKPNC,Female,0,No,No,60,Yes,No,DSL,No,Yes,Yes,No,No,No,Two year,Yes,Credit card (automatic),52.32,3117.06,0
6306-UBCDV,Female,0,No,Yes,52,No,No phone service,No,No internet service,No internet service,No internet service,No internet service,No internet service,No internet service,One year,Yes,Electronic check,18.25,921.15,0
5480-EJTBL,Female,0,Yes,No,14,Yes,No,DSL,No,Yes,Yes,No,No,Yes,Month-to-month,No,Bank transfer (automatic),56.89,808.96,1
3483-EEWAD,Male,0,No,Yes,12,Yes,No,Fiber optic,No,Yes,No,No,No,Yes,Month-to-month,Yes,Credit card (automatic),100.13,1193.83,1
9000-UXLLP,Female,1,No,No,20,Yes,No,DSL,No,No,No,No,No,Yes,Month-to-month,Yes,Bank transfer (automatic),60.21,1203.57,1
5295-XQUJQ,Female,0,No,Yes,47,Yes,Yes,No,No internet service,No internet service,No internet service,No internet service,No internet service,No internet service,Two year,Yes,Electronic check,18.25,864.61,0
5373-QRBYD,Female,0,Yes,No,11,Yes,Yes,No,No internet service,No internet service,No internet service,No internet service,No internet service,No internet service,Two year,No,Bank transfer (automatic),18.25,207.48,0
4852-SKQLB,Male,0,No,No,46,Yes,No,Fiber optic,No,No,No,Yes,No,Yes,Month-to-month,No,Credit card (automatic),102.64,4741.05,1
3189-FIETU,Female,0,No,Yes,65,Yes,No,Fiber optic,Yes,Yes,Yes,No,No,No,Two year,No,Credit card (automatic),86.79,5636.06,0
1435-IWHTH,Female,0,No,No,67,Yes,No,No,No internet service,No internet service,No internet service,No internet service,No internet service,No internet service,Two year,No,Bank transfer (automatic),20.98,1394.53,0
3579-VUWFC,Male,0,No,Yes,45,Yes,Yes,No,No internet service,No internet service,No internet service,No internet service,No internet service,No internet service,One year,No,Electronic check,18.25,797.91,1
9101-EIGDG,Female,0,No,Yes,66,Yes,Yes,Fiber optic,No,No,No,Yes,Yes,No,One year,Yes,Electronic check,97.24,6409.93,0
1308-EKOBM,Male,0,Yes,Yes,72,Yes,Yes,No,No internet service,No internet service,No internet service,No internet service,No internet service,No internet service,Two year,No,Mailed check,20.54,1475.66,0
9828-VPGHF,Female,1,Yes,No,60,Yes,No,Fiber optic,No,Yes,No,No,No,No,Month-to-month,Yes,Electronic check,87.81,5282.07,1
5043-XGRVY,Male,0,Yes,Yes,1,Yes,No,Fiber optic,Yes,No,Yes,No,Yes,No,Two year,No,Electronic check,104.24,121.71,1
5125-VTGCE,Male,1,No,Yes,24,Yes,No,Fiber optic,No,No,No,Yes,No,No,Two year,Yes,Electronic check,96.72,2319.96,1
1087-AOZCH,Male,0,Yes,No,61,Yes,No,Fiber optic,Yes,No,No,No,Yes,No,Month-to-month,Yes,Electronic check,109.32,6682.34,1
4316-YIOJB,Female,0,Yes,No,60,Yes,Yes,Fiber optic,No,Yes,No,Yes,No,No,Month-to-month,No,Mailed check,82.02,4889.0,1
3894-TESMK,Female,0,No,No,9,No,No phone service,Fiber optic,Yes,No,No,No,No,Yes,One year,Yes,Electronic check,93.21,832.41,1
1401-AVOZR,Male,1,Yes,No,17,Yes,No,Fiber optic,No,No,Yes,No,Yes,Yes,Month-to-month,No,Credit card (automatic),98.78,1710.09,1
5695-PIAKI,Female,0,Yes,Yes,70,No,No phone service,No,No internet service,No internet service,No internet service,No internet service,No internet service,No internet service,Month-to-month,Yes,Mailed check,20.41,1425.88,0
2020-WKMZB,Female,0,Yes,No,36,Yes,Yes,Fiber optic,No,No,Yes,No,Yes,No,One year,Yes,Bank transfer (automatic),85.1,3063.81,1
1881-NFHRP,Female,0,Yes,No,5,Yes,No,Fiber optic,No,Yes,No,No,No,Yes,One year,No,Credit card (automatic),88.27,441.62,0
6371-ULKFC,Male,0,Yes,Yes,42,Yes,Yes,DSL,Yes,No,Yes,Yes,No,No,Month-to-month,No,Credit card (automatic),62.7,2644.51,1
7507-NBKVC,Female,1,No,No,59,Yes,Yes,Fiber optic,No,No,No,Yes,No,No,Month-to-month,Yes,Credit card (automatic),91.67,5399.44,0
6730-RAXAL,Male,0,No,No,9,Yes,Yes,DSL,No,Yes,No,No,Yes,No,Two year,No,Credit card (automatic),62.75,566.79,0
7659-OEFPL,Male,0,Yes,Yes,65,Yes,No,Fiber optic,No,Yes,No,Yes,No,No,Two year,Yes,Credit card (automatic),95.55,6212.89,1
3276-LCWBG,Female,0,No,No,4,Yes,Yes,Fiber optic,No,Yes,No,No,Yes,No,Two year,Yes,Credit card (automatic),93.9,398.33,1
6159-BUGKK,Female,0,No,No,54,Yes,Yes,Fiber optic,Yes,No,No,Yes,No,No,One year,No,Credit card (automatic),93.05,5034.08,0
9919-NCNKD,Male,1,Yes,No,22,Yes,Yes,Fiber optic,Yes,No,No,No,No,No,Month-to-month,Yes,Mailed check,87.4,1916.86,1
7203-QPCYJ,Female,0,Yes,Yes,1,Yes,No,Fiber optic,Yes,No,No,No,No,Yes,Month-to-month,No,Electronic check,107.71,125.27,1
1257-UOHRC,Female,0,No,No,9,Yes,Yes,Fiber optic,Yes,Yes,No,No,No,No,Month-to-month,Yes,Credit card (automatic),85.31,730.91,1
5474-GJTIN,Male,0,No,Yes,4,Yes,Yes,Fiber optic,Yes,No,Yes,No,Yes,No,Month-to-month,No,Credit card (automatic),98.98,402.74,1
1288-WNKAD,Female,0,Yes,Yes,22,Yes,Yes,Fiber optic,No,No,No,Yes,Yes,Yes,Month-to-month,Yes,Bank transfer (automatic),114.01,2509.73,1
5513-ZFVZV,Male,0,No,No,12,No,No phone service,No,No internet service,No internet service,No internet service,No internet service,No internet service,No internet service,Month-to-month,Yes,Bank transfer (automatic),18.25,217.87,0
7805-ECBCI,Male,0,No,Yes,1,Yes,No,Fiber optic,Yes,No,Yes,No,Yes,No,Month-to-month,Yes,Credit card (automatic),100.14,130.41,1
7757-SSQRK,Female,0,No,No,64,Yes,No,DSL,Yes,No,Yes,No,Yes,No,Month-to-month,Yes,Mailed check,75.76,4849.64,0
9577-LCRXF,Male,1,Yes,No,8,No,No phone service,DSL,No,No,Yes,Yes,Yes,No,One year,Yes,Mailed check,70.82,554.37,1
9661-GAFRM,Female,0,Yes,No,5,Yes,No,Fiber optic,No,Yes,Yes,Yes,Yes,Yes,One year,Yes,Credit card (automatic),109.63,554.08,1
8637-VSGSI,Female,0,Yes,No,9,No,No phone service,Fiber optic,No,Yes,No,No,No,No,Month-to-month,No,Mailed check,80.57,735.04,1
5834-CWLTX,Female,0,No,No,40,Yes,No,DSL,No,Yes,No,No,No,No,Month-to-month,No,Credit card (automatic),45.06,1806.24,1
3375-RHIMH,Male,0,Yes,No,32,Yes,Yes,Fiber optic,Yes,No,Yes,Yes,No,Yes,Two year,Yes,Credit card (automatic),114.93,3669.89,1
3254-VJQGQ,Male,1,No,No,10,Yes,Yes,DSL,Yes,No,Yes,No,Yes,Yes,Two year,Yes,Electronic check,88.03,866.4,1
1737-WRXBC,Male,0,No,No,67,Yes,No,DSL,No,Yes,No,No,No,Yes,One year,No,Credit card (automatic),57.11,3836.06,0
3473-SAUUJ,Female,0,Yes,No,71,Yes,Yes,Fiber optic,Yes,No,No,No,Yes,Yes,Two year,No,Credit card (automatic),112.12,7981.01,0
8148-UNMIF,Female,0,Yes,No,21,Yes,Yes,No,No internet service,No internet service,No internet service,No internet service,No internet service,No internet service,Two year,Yes,Bank transfer (automatic),18.34,413.17,0
6272-FSUJW,Male,0,No,Yes,2,Yes,No,DSL,No,Yes,Yes,No,Yes,Yes,Month-to-month,No,Mailed check,72.02,151.87,1
2817-CRUSE,Female,0,No,Yes,19,Yes,Yes,DSL,No,Yes,No,No,No,No,Month-to-month,Yes,Electronic check,51.64,980.67,1
5355-YKJQD,Female,0,No,No,29,Yes,Yes,Fiber optic,Yes,No,No,Yes,No,No,Month-to-month,Yes,Mailed check,100.8,2906.9,1
1543-ZURRA,Male,0,No,Yes,28,No,No phone service,DSL,No,No,No,No,Yes,No,One year,Yes,Electronic check,66.89,1843.99,1
3165-NHBSO,Male,0,Yes,Yes,36,Yes,No,DSL,No,Yes,Yes,Yes,Yes,Yes,One year,Yes,Credit card (automatic),78.54,2828.53,0
7455-BDASU,Male,0,No,No,63,Yes,Yes,DSL,No,No,Yes,No,No,No,Month-to-month,Yes,Bank transfer (automatic),40.24,2549.49,0
5122-JATVO,Female,0,No,Yes,6,Yes,No,No,No internet service,No internet service,No internet service,No internet service,No internet service,No internet service,Month-to-month,Yes,Electronic check,18.25,103.21,1
6841-DGGVY,Female,0,Yes,Yes,8,Yes,Yes,Fiber optic,No,No,No,No,Yes,No,Two year,No,Electronic check,98.15,799.28,1
7762-RMJXH,Female,0,Yes,No,39,Yes,Yes,DSL,No,No,No,No,Yes,No,One year,Yes,Electronic check,64.31,2515.02,1
9764-JNNTV,Male,0,Yes,No,30,No,No phone service,DSL,No,No,Yes,Yes,No,No,One year,Yes,Mailed check,69.4,2108.15,0
2839-KFUAS,Male,0,Yes,No,26,No,No phone service,Fiber optic,No,No,No,No,No,No,Month-to-month,Yes,Mailed check,69.37,1811.48,1
6231-GXRCT,Male,0,No,No,1,Yes,No,Fiber optic,No,No,Yes,No,No,Yes,Month-to-month,No,Electronic check,93.47,93.47,1
4405-KESUX,Male,0,No,No,23,Yes,Yes,DSL,No,Yes,Yes,Yes,No,No,Month-to-month,Yes,Electronic check,56.35,1325.02,1
3131-XBVDY,Female,0,Yes,Yes,67,Yes,No,Fiber optic,No,No,No,Yes,No,Yes,Month-to-month,No,Mailed check,101.48,6803.72,1
3458-JBHAF,Male,1,No,Yes,8,Yes,No,DSL,No,Yes,No,Yes,No,Yes,One year,Yes,Bank transfer (automatic),72.85,575.87,1
9220-KJMAB,Female,0,Yes,No,33,Yes,Yes,DSL,No,Yes,No,Yes,No,No,One year,Yes,Bank transfer (automatic),63.36,2123.04,0
3945-CIEJJ,Male,0,No,No,12,Yes,No,Fiber optic,No,No,No,No,Yes,No,Month-to-month,No,Bank transfer (automatic),92.48,1111.47,1
1800-LRZUU,Female,0,No,Yes,56,Yes,Yes,Fiber optic,No,Yes,No,No,No,Yes,Month-to-month,Yes,Mailed check,94.07,5260.17,1
9325-ACEYZ,Male,0,No,No,2,Yes,No,Fiber optic,Yes,No,Yes,No,No,No,Two year,No,Credit card (automatic),90.25,183.7,1
2405-QHQIF,Female,0,Yes,Yes,49,No,No phone service,Fiber optic,No,Yes,No,Yes,No,Yes,Month-to-month,Yes,Bank transfer (automatic),98.05,4801.06,1
1056-QHUGG,Female,0,Yes,Yes,11,Yes,No,No,No internet service,No internet service,No internet service,No internet service,No internet service,No internet service,One year,Yes,Mailed check,23.66,235.02,0
1069-OGVHI,Male,1,Yes,No,1,Yes,No,Fiber optic,No,Yes,Yes,No,No,No,Month-to-month,Yes,Mailed check,82.12,82.12,1
9450-OBGOR,Female,1,Yes,No,8,Yes,Yes,No,No internet service,No internet service,No internet service,No internet service,No internet service,No internet service,Month-to-month,No,Mailed check,18.25,173.23,1
1711-VRJVR,Male,0,No,No,67,Yes,No,No,No internet service,No internet service,No internet service,No internet service,No internet service,No internet service,Month-to-month,No,Mailed check,24.9,1665.16,0
6705-AGCNL,Female,0,Yes,Yes,62,Yes,Yes,No,No internet service,No internet service,No internet service,No internet service,No internet service,No internet service,Two year,Yes,Credit card (automatic),18.25,1142.73,0
1265-NDMPP,Male,0,No,Yes,58,Yes,No,DSL,No,No,No,No,Yes,Yes,One year,Yes,Mailed check,66.45,3854.11,0
2586-VETYF,Male,1,No,No,30,Yes,No,Fiber optic,No,No,Yes,No,Yes,No,Month-to-month,Yes,Bank transfer (automatic),93.82,2807.52,1
5333-FRFGX,Male,0,Yes,No,69,Yes,No,DSL,No,No,Yes,Yes,Yes,Yes,Month-to-month,Yes,Electronic check,80.8,5573.62,1
4257-XPIZM,Female,0,Yes,No,69,Yes,Yes,Fiber optic,No,No,No,No,No,No,Month-to-month,Yes,Electronic check,79.7,5467.03,1
9123-LSZWW,Female,0,No,No,7,Yes,Yes,DSL,Yes,No,No,No,No,Yes,One year,Yes,Credit card (automatic),88.18,624.78,1
9821-AHDUV,Male,0,Yes,No,70,No,No phone service,DSL,No,No,No,No,No,No,Month-to-month,Yes,Electronic check,56.56,3960.35,1
2962-SUZEQ,Female,0,Yes,No,3,Yes,No,No,No internet service,No internet service,No internet service,No internet service,No internet service,No internet service,Two year,Yes,Mailed check,30.65,97.08,0
6059-CSAWA,Male,0,No,No,12,Yes,No,Fiber optic,Yes,No,Yes,No,No,Yes,Month-to-month,Yes,Mailed check,104.18,1282.09,1
9403-WTIWE,Female,0,No,Yes,57,Yes,Yes,No,No internet service,No internet service,No internet service,No internet service,No internet service,No internet service,Month-to-month,Yes,Electronic check,19.24,1086.04,0
7167-GYZFQ,Male,0,No,No,2,Yes,Yes,Fiber optic,Yes,No,Yes,No,No,Yes,Month-to-month,Yes,Mailed check,108.9,224.01,1
5254-VQMLD,Male,0,No,No,46,Yes,Yes,DSL,Yes,No,No,No,No,Yes,Month-to-month,Yes,Credit card (automatic),78.37,3581.66,1
9109-HEEMZ,Male,0,No,No,7,Yes,Yes,DSL,No,Yes,No,No,No,No,Month-to-month,Yes,Bank transfer (automatic),44.87,311.51,1
3057-KHHAM,Male,0,Yes,Yes,10,Yes,No,Fiber optic,No,Yes,No,No,No,Yes,Month-to-month,No,Mailed check,96.92,949.78,1
6309-EUHQW,Male,0,Yes,No,64,Yes,No,DSL,No,No,No,Yes,No,No,Month-to-month,No,Mailed check,64.73,4128.1,0
3034-WMIBS,Female,1,No,No,54,Yes,No,No,No internet service,No internet service,No internet service,No internet service,No internet service,No internet service,Two year,No,Bank transfer (automatic),26.88,1454.58,0
4082-TQGZC,Female,0,No,No,3,No,No phone service,DSL,Yes,Yes,Yes,No,No,Yes,Month-to-month,Yes,Bank transfer (automatic),75.59,232.8,1
3022-SSXIJ,Female,0,No,Yes,4,Yes,Yes,DSL,No,No,No,No,No,Yes,Two year,No,Bank transfer (automatic),64.51,231.32,0
5060-NRZOZ,Female,0,No,No,10,Yes,No,DSL,Yes,Yes,Yes,Yes,Yes,No,One year,Yes,Electronic check,89.29,884.14,1
7826-AYFOY,Male,0,No,No,46,Yes,Yes,No,No internet service,No internet service,No internet service,No internet service,No internet service,No internet service,Month-to-month,Yes,Electronic check,23.37,1078.47,1
8090-FRAXC,Male,1,Yes,No,19,Yes,No,Fiber optic,No,No,Yes,No,Yes,No,One year,Yes,Mailed check,90.07,1719.7,0
4605-QPHQH,Male,0,No,No,31,Yes,Yes,No,No internet service,No internet service,No internet service,No internet service,No internet service,No internet service,Month-to-month,Yes,Credit card (automatic),18.25,552.49,1
3802-QYILY,Female,0,Yes,No,1,Yes,No,DSL,No,Yes,No,Yes,No,Yes,One year,No,Electronic check,68.21,68.68,1
5511-SDUVY,Male,0,No,No,11,Yes,No,Fiber optic,No,No,Yes,Yes,No,Yes,One year,Yes,Credit card (automatic),105.19,1153.96,0
6763-KDNNF,Female,0,No,No,61,Yes,No,Fiber optic,No,No,No,Yes,Yes,No,One year,No,Credit card (automatic),98.36,6017.18,0
5985-QBHDJ,Female,0,No,No,72,Yes,No,DSL,No,Yes,No,No,No,No,One year,Yes,Electronic check,58.76,4223.41,1
9238-GDPNP,Female,0,Yes,Yes,66,Yes,No,Fiber optic,No,No,Yes,No,No,No,Month-to-month,No,Mailed check,76.38,5039.92,1
8902-YIDXF,Male,0,Yes,No,12,Yes,No,Fiber optic,No,No,No,No,No,No,Two year,No,Electronic check,81.77,971.41,0
9129-AGASH,Female,1,No,No,10,Yes,Yes,DSL,No,No,No,Yes,No,Yes,Month-to-month,Yes,Electronic check,73.97,756.31,1
2329-YCAAG,Female,0,Yes,Yes,3,Yes,No,DSL,Yes,Yes,No,No,Yes,No,Two year,No,Mailed check,71.32,188.71,0
9203-UMAPV,Female,0,Yes,No,3,Yes,No,DSL,Yes,No,No,No,No,Yes,Month-to-month,Yes,Electronic check,73.68,206.54,1
2684-VNDWW,Female,0,Yes,No,70,Yes,No,Fiber optic,No,Yes,Yes,No,No,No,Month-to-month,No,Credit card (automatic),81.36,5699.08,1
9674-LYLQU,Female,1,Yes,Yes,6,Yes,Yes,Fiber optic,No,No,Yes,Yes,Yes,No,Two year,Yes,Electronic check,97.95,580.8,1
6792-OJCWT,Male,0,Yes,No,30,Yes,Yes,Fiber optic,No,No,Yes,Yes,No,No,Two year,Yes,Bank transfer (automatic),86.84,2623.34,0
2777-TLAAJ,Female,0,Yes,No,10,No,No phone service,DSL,No,No,Yes,No,No,Yes,Two year,No,Electronic check,58.89,592.31,0
8616-ROBQH,Female,1,No,No,60,Yes,No,Fiber optic,No,No,Yes,No,No,Yes,Month-to-month,No,Mailed check,82.48,4947.26,1
1751-VVZZI,Female,0,No,No,9,Yes,No,DSL,No,Yes,No,No,Yes,No,One year,Yes,Credit card (automatic),66.94,626.16,1
9275-UTKFX,Male,0,No,No,2,Yes,No,Fiber optic,No,Yes,Yes,Yes,Yes,Yes,Month-to-month,Yes,Electronic check,117.7,234.21,1
8739-NAGXI,Female,0,Yes,Yes,71,Yes,Yes,No,No internet service,No internet service,No internet service,No internet service,No internet service,No internet service,One year,Yes,Mailed check,18.46,1311.09,0
8334-KXWPS,Male,0,Yes,Yes,62,Yes,Yes,Fiber optic,Yes,No,Yes,No,Yes,Yes,Two year,No,Bank transfer (automatic),110.41,6846.02,0
5855-BOCDT,Female,0,Yes,No,48,Yes,Yes,DSL,No,No,No,No,No,No,Month-to-month,No,Electronic check,49.97,2394.9,1
1476-VGLDJ,Male,0,No,No,43,Yes,No,No,No internet service,No internet service,No internet service,No internet service,No internet service,No internet service,Month-to-month,No,Electronic check,24.57,1038.91,1
8395-FYVNC,Male,0,Yes,No,6,No,No phone service,DSL,Yes,No,Yes,No,Yes,No,Month-to-month,Yes,Credit card (automatic),75.4,470.75,1
6198-QKJZU,Male,1,No,Yes,50,Yes,Yes,Fiber optic,No,Yes,Yes,No,Yes,Yes,Month-to-month,No,Mailed check,102.8,5145.39,1
6563-JJCXZ,Female,0,Yes,No,11,Yes,No,DSL,No,No,No,No,Yes,No,Two year,No,Credit card (automatic),65.07,737.64,0
1211-OQRSS,Female,0,Yes,No,45,Yes,No,Fiber optic,Yes,No,No,No,Yes,No,Month-to-month,No,Electronic check,97.08,4366.04,1
1468-LXEXP,Female,0,Yes,No,64,Yes,No,Fiber optic,No,Yes,Yes,No,No,No,Two year,Yes,Mailed check,82.02,5251.09,0
2545-OOFLB,Female,0,No,No,38,Yes,Yes,Fiber optic,No,No,No,Yes,No,No,One year,Yes,Credit card (automatic),96.02,3629.48,0
8921-TIDEU,Male,0,Yes,Yes,61,Yes,Yes,No,No internet service,No internet service,No internet service,No internet service,No internet service,No internet service,Month-to-month,No,Electronic check,21.92,1341.5,1
3651-ZHVJG,Female,1,No,Yes,32,Yes,No,Fiber optic,Yes,Yes,No,Yes,No,Yes,One year,No,Bank transfer (automatic),109.66,3530.95,0
9648-VNEPO,Female,0,No,No,6,Yes,Yes,DSL,No,No,Yes,No,No,No,Month-to-month,Yes,Electronic check,50.05,299.54,1
6780-ECWJE,Male,0,Yes,Yes,31,Yes,No,No,No internet service,No internet service,No internet service,No internet service,No internet service,No internet service,Month-to-month,Yes,Electronic check,18.25,587.62,1
8709-WORYH,Male,1,No,Yes,68,Yes,No,DSL,No,Yes,Yes,No,Yes,No,Month-to-month,No,Mailed check,59.92,4076.38,1
8104-UBVHW,Male,0,Yes,No,61,Yes,Yes,Fiber optic,Yes,No,No,Yes,Yes,No,Month-to-month,No,Electronic check,110.65,6758.13,1
2025-HDSWR,Male,0,Yes,No,67,Yes,No,Fiber optic,No,No,No,No,No,Yes,One year,Yes,Mailed check,90.9,6086.2,0
5827-UWATO,Female,1,Yes,Yes,68,Yes,No,No,No internet service,No internet service,No internet service,No internet service,No internet service,No internet service,Month-to-month,Yes,Bank transfer (automatic),26.86,1833.69,0
7264-RVLAG,Female,0,Yes,Yes,65,Yes,Yes,Fiber optic,No,No,Yes,No,Yes,Yes,One year,Yes,Electronic check,106.34,6898.79,0
6982-SAXGB,Male,0,Yes,No,3,Yes,No,No,No internet service,No internet service,No internet service,No internet service,No internet service,No internet service,Month-to-month,Yes,Bank transfer (automatic),22.34,55.75,1
5411-GSMYX,Male,0,Yes,Yes,16,Yes,No,Fiber optic,No,No,Yes,Yes,No,Yes,Two year,Yes,Bank transfer (automatic),106.01,1702.49,0
2470-EWSAA,Female,0,Yes,No,13,Yes,No,DSL,Yes,No,No,No,No,Yes,Month-to-month,No,Electronic check,69.46,905.93,0
4024-RXAEI,Male,0,No,No,35,Yes,No,Fiber optic,No,No,No,Yes,No,Yes,Month-to-month,Yes,Electronic check,104.18,3660.91,1
8066-LIRWK,Male,0,Yes,No,48,Yes,No,Fiber optic,No,No,No,No,Yes,Yes,Month-to-month,Yes,Electronic check,103.0,4958.92,1
5115-ASVYJ,Male,0,Yes,Yes,20,Yes,No,DSL,Yes,Yes,No,No,Yes,No,One year,No,Bank transfer (automatic),80.59,1625.69,0
8718-BGTBS,Female,0,No,No,58,Yes,Yes,DSL,No,No,Yes,No,No,No,Two year,Yes,Electronic check,47.91,2793.69,0
1773-FJIHZ,Female,1,No,No,8,Yes,No,Fiber optic,No,No,Yes,No,Yes,No,Month-to-month,Yes,Electronic check,97.89,798.09,1
7992-KITTI,Female,0,No,Yes,24,Yes,Yes,No,No internet service,No internet service,No internet service,No internet service,No internet service,No internet service,One year,Yes,Credit card (automatic),18.25,409.58,0
3880-HOBXA,Male,0,No,Yes,65,Yes,No,Fiber optic,No,Yes,Yes,No,Yes,Yes,One year,Yes,Credit card (automatic),94.75,6136.2,1
4422-IIMHU,Female,0,No,No,21,Yes,No,Fiber optic,No,No,No,No,No,No,Month-to-month,Yes,Mailed check,77.0,1617.78,1
6508-ECUDQ,Male,0,No,No,23,Yes,No,DSL,No,Yes,No,No,Yes,Yes,Month-to-month,No,Bank transfer (automatic),65.05,1501.3,1
1641-PPYZT,Female,0,Yes,No,6,Yes,Yes,DSL,No,No,Yes,Yes,No,No,Month-to-month,No,Electronic check,59.76,363.9,1
3812-CFAUP,Male,0,Yes,Yes,17,Yes,Yes,Fiber optic,No,Yes,Yes,Yes,No,Yes,Two year,Yes,Credit card (automatic),107.94,1840.81,1
1196-OGBJY,Male,1,No,No,13,Yes,No,DSL,Yes,Yes,Yes,Yes,No,Yes,Month-to-month,No,Mailed check,80.22,1027.09,1
3664-OFBXX,Female,0,No,No,4,Yes,Yes,Fiber optic,No,No,Yes,No,Yes,Yes,Month-to-month,Yes,Bank transfer (automatic),103.38,384.36,1
2155-QAADT,Female,1,No,No,19,Yes,Yes,DSL,Yes,No,No,Yes,Yes,Yes,Two year,No,Bank transfer (automatic),96.6,1853.55,0
2144-PHAZS,Male,0,No,No,8,Yes,Yes,Fiber optic,No,Yes,No,No,No,Yes,Month-to-month,Yes,Mailed check,90.93,723.28,1
8161-KQYJL,Male,0,No,No,3,Yes,No,DSL,No,No,No,No,No,Yes,One year,No,Electronic check,60.32,174.42,1
2108-IGLOH,Male,0,Yes,No,57,No,No phone service,DSL,Yes,Yes,No,Yes,No,Yes,Month-to-month,No,Bank transfer (automatic),82.95,4745.94,1
8880-QENBP,Male,0,Yes,No,2,No,No phone service,Fiber optic,No,No,No,No,No,No,One year,Yes,Electronic check,89.15,198.05,1
3266-QCWAR,Male,0,No,Yes,5,Yes,No,Fiber optic,No,No,Yes,Yes,No,No,One year,No,Credit card (automatic),90.46,469.06,1
2420-RDOSS,Female,0,No,Yes,66,Yes,Yes,DSL,Yes,No,No,No,Yes,No,One year,Yes,Mailed check,71.28,4698.15,0
4774-JESKG,Male,0,Yes,No,48,Yes,No,Fiber optic,Yes,No,No,No,No,No,One year,Yes,Electronic check,94.91,4571.38,1
7495-ETLSO,Female,0,No,No,5,Yes,No,Fiber optic,No,No,No,No,No,Yes,Month-to-month,Yes,Electronic check,92.41,458.08,1
5047-LDLRQ,Female,0,No,No,12,Yes,No,DSL,No,Yes,No,No,No,No,Two year,Yes,Electronic check,45.73,536.46,0
4272-SPKBP,Female,0,No,No,61,No,No phone service,Fiber optic,Yes,No,No,No,No,Yes,Month-to-month,Yes,Bank transfer (automatic),99.81,6089.36,1
6628-AQRYM,Female,0,Yes,No,63,Yes,No,DSL,No,Yes,Yes,No,No,No,Two year,No,Credit card (automatic),45.3,2842.27,0
8624-EYXFA,Male,0,Yes,No,1,Yes,No,DSL,Yes,Yes,No,No,Yes,No,Month-to-month,Yes,Mailed check,69.37,69.37,1
2758-JEAWZ,Female,0,Yes,No,6,Yes,Yes,No,No internet service,No internet service,No internet service,No internet service,No internet service,No internet service,Month-to-month,Yes,Bank transfer (automatic),18.25,101.48,1
1957-KXXGR,Female,0,No,Yes,56,Yes,No,Fiber optic,Yes,Yes,Yes,No,Yes,Yes,One year,Yes,Mailed check,116.64,6524.81,1
9906-UTUJY,Female,0,Yes,Yes,4,No,No phone service,Fiber optic,Yes,Yes,No,No,No,No,Month-to-month,No,Mailed check,89.92,361.67,1
2680-ODPOO,Male,0,Yes,No,12,Yes,Yes,No,No internet service,No internet service,No internet service,No internet service,No internet service,No internet service,Month-to-month,No,Mailed check,20.83,246.3,1
6411-LHHRF,Female,1,No,No,61,Yes,Yes,No,No internet service,No internet service,No internet service,No internet service,No internet service,No internet service,One year,Yes,Credit card (automatic),18.25,1125.76,0
1633-EBLZD,Female,0,No,No,4,Yes,No,DSL,No,Yes,No,Yes,No,Yes,Month-to-month,Yes,Bank transfer (automatic),61.68,236.5,1
4941-WMQPI,Female,1,No,Yes,4,Yes,No,DSL,Yes,No,Yes,No,No,Yes,Month-to-month,No,Credit card (automatic),76.5,287.83,1
3881-ZAOLE,Male,0,No,No,11,Yes,Yes,Fiber optic,No,No,Yes,No,No,No,One year,Yes,Electronic check,78.31,896.51,1
9618-WXRTB,Male,0,No,No,58,Yes,No,Fiber optic,Yes,No,Yes,No,No,No,One year,Yes,Mailed check,94.1,5465.89,0
2261-DOFVL,Male,0,Yes,Yes,10,Yes,No,Fiber optic,No,Yes,No,No,No,Yes,Month-to-month,Yes,Electronic check,91.77,927.7,1
1118-RTDAO,Female,0,No,Yes,50,Yes,Yes,Fiber optic,No,No,No,No,Yes,Yes,One year,Yes,Electronic check,110.37,5530.68,0
7555-RNCOE,Male,0,Yes,No,60,Yes,Yes,Fiber optic,No,No,Yes,No,Yes,No,Two year,Yes,Credit card (automatic),98.55,5913.56,1
6446-XVCVG,Male,0,Yes,No,10,Yes,No,No,No internet service,No internet service,No internet service,No internet service,No internet service,No internet service,Month-to-month,Yes,Credit card (automatic),18.25,164.55,1
9975-FZVAS,Male,0,Yes,Yes,18,Yes,No,No,No internet service,No internet service,No internet service,No internet service,No internet service,No internet service,Two year,No,Bank transfer (automatic),22.34,409.57,0
7897-GDLTW,Female,0,Yes,No,10,Yes,No,DSL,No,No,No,Yes,Yes,No,Month-to-month,No,Electronic check,69.56,694.92,1
6931-YRISV,Male,0,No,No,33,Yes,No,Fiber optic,No,Yes,Yes,No,No,Yes,Month-to-month,Yes,Credit card (automatic),84.45,2769.27,1
8323-DAIOV,Female,0,No,No,22,No,No phone service,Fiber optic,No,Yes,No,Yes,No,Yes,Two year,No,Electronic check,100.25,2201.24,0
5656-HOORG,Female,0,Yes,No,10,Yes,No,Fiber optic,No,No,No,No,No,Yes,Month-to-month,Yes,Bank transfer (automatic),87.86,853.02,1
8825-VRPBD,Female,1,Yes,Yes,44,Yes,Yes,No,No internet service,No internet service,No internet service,No internet service,No internet service,No internet service,One year,Yes,Electronic check,22.46,1013.06,1
8837-TPCXW,Female,1,No,No,32,Yes,Yes,DSL,No,Yes,Yes,Yes,No,No,Month-to-month,Yes,Mailed check,65.8,2108.75,0
8458-BCZYE,Male,1,No,No,43,Yes,No,Fiber optic,No,No,No,No,No,No,Month-to-month,Yes,Credit card (automatic),78.94,3407.07,1
7155-BSXTB,Male,0,Yes,No,51,Yes,Yes,No,No internet service,No internet service,No internet service,No internet service,No internet service,No internet service,One year,Yes,Electronic check,21.71,1112.7,1
7152-BVXWT,Female,0,No,No,9,Yes,No,DSL,Yes,No,Yes,Yes,No,No,Month-to-month,No,Mailed check,61.53,569.51,1
6314-RYTYU,Female,1,Yes,No,28,Yes,Yes,No,No internet service,No internet service,No internet service,No internet service,No internet service,No internet service,Month-to-month,Yes,Mailed check,18.25,513.26,1
5990-NOLKK,Female,0,Yes,Yes,2,Yes,No,Fiber optic,No,No,No,No,No,No,Month-to-month,Yes,Electronic check,76.15,162.23,1
9079-GLPEB,Female,0,No,No,11,No,No phone service,DSL,No,No,Yes,No,Yes,Yes,Month-to-month,No,Credit card (automatic),71.57,830.5,1
8362-VPWOK,Male,0,No,No,12,Yes,Yes,DSL,No,No,No,No,No,Yes,Month-to-month,No,Mailed check,59.18,701.17,1
2172-FMSJX,Male,0,No,Yes,66,Yes,No,DSL,No,Yes,Yes,No,Yes,No,Month-to-month,No,Mailed check,66.3,4383.97,0
8680-SEYUG,Female,0,No,Yes,1,Yes,No,DSL,Yes,No,Yes,No,No,Yes,Two year,No,Bank transfer (automatic),81.11,84.19,1
5764-KNWUP,Male,1,Yes,Yes,68,Yes,No,Fiber optic,Yes,No,No,No,Yes,No,Month-to-month,No,Bank transfer (automatic),112.45,7653.37,1
4018-RUWWD,Male,0,No,No,24,Yes,Yes,No,No internet service,No internet service,No internet service,No internet service,No internet service,No internet service,Month-to-month,No,Electronic check,21.09,496.67,1
4590-AVONS,Male,0,No,Yes,63,Yes,Yes,DSL,No,No,Yes,No,Yes,No,One year,Yes,Electronic check,64.06,4006.58,0
8064-EDMRL,Male,0,Yes,No,14,Yes,Yes,DSL,Yes,Yes,Yes,No,No,No,Month-to-month,No,Electronic check,60.73,833.78,1
1092-WUOWI,Female,0,No,Yes,9,Yes,No,DSL,Yes,Yes,No,Yes,Yes,No,Month-to-month,No,Credit card (automatic),76.61,698.4,1
6338-DEIMJ,Male,0,Yes,Yes,9,Yes,No,No,No internet service,No internet service,No internet service,No internet service,No internet service,No internet service,One year,Yes,Electronic check,18.78,157.06,1
5689-PMDUM,Female,0,No,No,64,Yes,No,Fiber optic,No,No,No,No,Yes,No,Two year,No,Mailed check,102.53,6551.59,0
8775-UHMOT,Male,0,Yes,No,66,Yes,Yes,DSL,Yes,Yes,No,No,No,Yes,One year,No,Mailed check,71.39,4692.06,1
6151-TMWEV,Male,0,No,No,53,No,No phone service,No,No internet service,No internet service,No internet service,No internet service,No internet service,No internet service,Two year,No,Credit card (automatic),19.2,1029.47,0
8145-VFZEM,Female,0,Yes,Yes,61,Yes,No,No,No internet service,No internet service,No internet service,No internet service,No internet service,No internet service,Month-to-month,Yes,Electronic check,21.69,1318.22,0
7896-EYMXT,Male,1,Yes,Yes,67,Yes,No,Fiber optic,No,Yes,Yes,Yes,No,No,One year,Yes,Electronic check,99.43,6645.17,0
5824-WHIUS,Female,1,No,Yes,17,Yes,No,DSL,No,No,No,No,Yes,No,Month-to-month,Yes,Bank transfer (automatic),63.44,1091.94,1
7271-TOZVJ,Male,0,Yes,No,10,Yes,Yes,DSL,No,No,No,No,No,Yes,Two year,No,Credit card (automatic),64.15,656.23,1
3742-KEIKS,Female,0,No,No,9,Yes,No,DSL,No,No,Yes,No,Yes,No,Month-to-month,Yes,Credit card (automatic),61.08,569.75,0
4661-BFWUA,Male,0,Yes,No,5,Yes,Yes,DSL,Yes,Yes,Yes,No,No,No,Two year,No,Electronic check,60.17,306.6,0
9539-CCNTZ,Female,1,No,No,68,Yes,Yes,DSL,No,No,No,No,No,Yes,Month-to-month,No,Electronic check,57.02,3886.2,1
6157-VEQOF,Male,1,Yes,No,8,Yes,Yes,No,No internet service,No internet service,No internet service,No internet service,No internet service,No internet service,Two year,Yes,Mailed check,18.25,109.85,0
5101-NNYQH,Female,0,No,No,13,Yes,No,DSL,No,Yes,Yes,No,No,No,Two year,No,Electronic check,52.57,692.61,0
4653-HSIKM,Male,0,No,No,60,Yes,No,Fiber optic,No,No,No,Yes,No,Yes,Month-to-month,No,Mailed check,108.89,6536.28,0
7218-MXSZU,Female,0,No,No,50,Yes,Yes,DSL,No,No,Yes,No,No,No,Two year,Yes,Credit card (automatic),52.73,2652.46,0
1815-SEPIT,Female,0,No,No,34,Yes,No,DSL,Yes,No,Yes,No,Yes,Yes,Two year,Yes,Credit card (automatic),80.81,2730.11,0
6610-VCSEH,Male,0,No,No,29,Yes,No,Fiber optic,No,No,No,No,No,No,One year,Yes,Electronic check,78.96,2274.53,1
1618-NXCXM,Female,0,Yes,No,64,Yes,No,DSL,No,No,No,Yes,No,No,One year,Yes,Electronic check,65.69,4194.53,0
4889-KHSJZ,Female,0,No,No,60,Yes,No,No,No internet service,No internet service,No internet service,No internet service,No internet service,No internet service,Month-to-month,No,Mailed check,19.02,1161.92,1
3684-RZRYG,Male,1,No,No,10,Yes,Yes,DSL,No,Yes,No,Yes,No,Yes,Month-to-month,Yes,Electronic check,77.35,773.92,1
7334-PFPPW,Male,0,No,No,9,No,No phone service,DSL,No,No,No,No,No,No,Month-to-month,Yes,Mailed check,53.79,484.9,1
8019-XAXSC,Male,0,No,No,5,Yes,Yes,No,No internet service,No internet service,No internet service,No internet service,No internet service,No internet service,One year,Yes,Bank transfer (automatic),19.13,114.17,0
2042-FDDDJ,Female,0,Yes,No,57,Yes,No,No,No internet service,No internet service,No internet service,No internet service,No internet service,No internet service,Month-to-month,No,Electronic check,22.56,1289.4,0
5353-IHSQQ,Female,0,Yes,No,5,Yes,No,No,No internet service,No internet service,No internet service,No internet service,No internet service,No internet service,Month-to-month,Yes,Mailed check,18.8,79.5,1
3748-ATNVT,Male,0,Yes,No,26,Yes,Yes,No,No internet service,No internet service,No internet service,No internet service,No internet service,No internet service,Month-to-month,No,Electronic check,19.71,528.48,1
8085-KCXHV,Female,0,Yes,No,24,Yes,No,No,No internet service,No internet service,No internet service,No internet service,No internet service,No internet service,Month-to-month,No,Credit card (automatic),24.15,574.69,0
2074-YJQHV,Male,1,Yes,Yes,61,Yes,No,No,No internet service,No internet service,No internet service,No internet service,No internet service,No internet service,One year,No,Credit card (automatic),23.2,1401.12,0
2396-ATUGX,Female,1,No,Yes,10,Yes,No,DSL,No,No,Yes,Yes,No,Yes,Month-to-month,Yes,Mailed check,72.22,740.15,0
5002-ILVZI,Male,1,Yes,No,65,Yes,Yes,No,No internet service,No internet service,No internet service,No internet service,No internet service,No internet service,Month-to-month,No,Mailed check,23.85,1583.93,1
9486-TXCDJ,Female,0,No,No,59,Yes,No,Fiber optic,No,No,Yes,Yes,Yes,No,Month-to-month,No,Mailed check,102.7,6083.3,1
4078-DVIVA,Male,0,Yes,No,13,Yes,Yes,Fiber optic,No,No,No,No,No,No,One year,Yes,Electronic check,76.03,1006.14,1
1179-EIEFS,Male,0,No,Yes,42,Yes,Yes,DSL,Yes,Yes,No,No,No,No,Month-to-month,Yes,Electronic check,55.08,2317.45,1
9315-HJKMT,Male,0,No,No,4,Yes,Yes,Fiber optic,Yes,No,No,Yes,No,No,Month-to-month,No,Mailed check,104.56,384.14,1
7991-DKLEJ,Female,1,Yes,No,12,Yes,No,Fiber optic,No,No,Yes,Yes,No,Yes,One year,No,Mailed check,98.55,1178.72,1
8829-YXGUI,Female,0,No,No,8,Yes,Yes,No,No internet service,No internet service,No internet service,No internet service,No internet service,No internet service,Month-to-month,No,Mailed check,22.56,177.07,1
7247-IJJBD,Female,0,Yes,No,9,No,No phone service,DSL,No,No,No,No,No,No,Month-to-month,Yes,Credit card (automatic),43.77,400.66,1
6333-HNQMU,Male,1,Yes,No,55,Yes,Yes,DSL,No,Yes,No,No,No,No,Month-to-month,No,Electronic check,40.16,2234.77,0
8337-XRRMH,Female,1,No,No,5,Yes,Yes,Fiber optic,No,No,Yes,No,No,No,Month-to-month,Yes,Credit card (automatic),74.78,367.36,1
2157-ZLYWX,Female,0,Yes,Yes,10,No,No phone service,Fiber optic,No,No,No,Yes,No,Yes,Two year,No,Credit card (automatic),98.71,986.74,1
7481-UATRC,Male,0,No,No,43,No,No phone service,Fiber optic,Yes,No,No,No,No,No,Two year,No,Credit card (automatic),85.69,3656.52,0
2532-LSYMJ,Male,0,No,Yes,6,Yes,No,DSL,No,No,Yes,No,Yes,Yes,Month-to-month,Yes,Bank transfer (automatic),72.91,420.02,1
7734-OTBSC,Male,0,No,No,22,Yes,Yes,DSL,No,No,Yes,Yes,No,Yes,Month-to-month,Yes,Electronic check,73.91,1606.36,1
4102-NGHKV,Male,0,Yes,No,65,Yes,No,Fiber optic,No,Yes,No,No,No,No,Month-to-month,No,Mailed check,72.87,4725.74,1
4161-TFKQJ,Female,0,No,Yes,2,Yes,No,Fiber optic,No,Yes,Yes,No,Yes,No,Two year,Yes,Mailed check,94.96,187.43,1
6018-XQUBF,Male,0,No,No,48,Yes,Yes,DSL,Yes,No,Yes,No,No,Yes,Two year,Yes,Electronic check,82.39,3980.42,1
9179-YEDBL,Female,0,No,No,65,No,No phone service,DSL,No,Yes,No,No,No,Yes,Two year,Yes,Credit card (automatic),67.9,4414.74,0
3816-CFXNH,Male,0,Yes,Yes,51,Yes,Yes,Fiber optic,No,No,Yes,Yes,Yes,No,Month-to-month,Yes,Electronic check,101.33,5197.35,1
2535-UUZNC,Female,0,No,No,67,Yes,No,No,No internet service,No internet service,No internet service,No internet service,No internet service,No internet service,Month-to-month,Yes,Electronic check,18.25,1227.7,0
2345-POGOM,Male,1,No,No,68,No,No phone service,No,No internet service,No internet service,No internet service,No internet service,No internet service,No internet service,Two year,Yes,Mailed check,19.16,1295.22,0
3471-FOQDV,Male,0,Yes,No,67,Yes,No,Fiber optic,No,Yes,No,No,No,No,Month-to-month,No,Electronic check,80.87,5416.21,1
4859-VNOLS,Male,0,No,Yes,25,Yes,Yes,Fiber optic,No,No,Yes,Yes,Yes,Yes,Two year,No,Credit card (automatic),118.75,2949.73,1
8118-VJFYI,Male,0,Yes,No,10,Yes,No,DSL,No,No,Yes,No,Yes,Yes,Month-to-month,No,Electronic check,71.02,703.1,1
6939-BDIOM,Male,0,Yes,No,25,Yes,No,Fiber optic,Yes,No,Yes,Yes,No,Yes,Two year,Yes,Electronic check,115.2,2879.98,0
6344-THZSS,Female,0,Yes,No,1,Yes,Yes,Fiber optic,Yes,No,Yes,No,No,No,Month-to-month,Yes,Credit card (automatic),84.74,84.74,1
3718-YPKJH,Female,0,Yes,No,25,Yes,No,Fiber optic,No,Yes,No,No,Yes,No,Month-to-month,Yes,Electronic check,99.35,2496.07,1
6670-AJRCK,Female,0,Yes,Yes,8,Yes,No,DSL,No,No,No,No,No,Yes,Month-to-month,Yes,Mailed check,54.46,439.14,1
7419-RCHNF,Female,0,Yes,No,42,Yes,No,Fiber optic,No,No,No,No,No,No,One year,No,Bank transfer (automatic),80.26,3384.81,0
9008-ONGJO,Female,0,Yes,No,61,Yes,No,DSL,No,Yes,No,No,Yes,Yes,Month-to-month,Yes,Credit card (automatic),73.83,4513.66,1
2480-JVQSQ,Male,0,Yes,No,47,Yes,Yes,Fiber optic,No,Yes,Yes,No,No,Yes,Month-to-month,Yes,Electronic check,90.26,4227.95,1
5772-LOZLY,Male,0,Yes,No,10,Yes,No,Fiber optic,No,No,No,No,No,Yes,One year,Yes,Electronic check,85.14,854.31,1
9798-IEDLP,Female,0,Yes,No,20,Yes,Yes,No,No internet service,No internet service,No internet service,No internet service,No internet service,No internet service,Month-to-month,Yes,Electronic check,18.25,361.8,0
9938-IYCUC,Female,0,No,No,62,Yes,No,Fiber optic,No,No,Yes,Yes,No,Yes,Two year,Yes,Electronic check,106.77,6618.15,0
7108-ZRQJB,Female,0,No,No,63,Yes,Yes,DSL,No,Yes,No,No,No,Yes,Month-to-month,No,Mailed check,56.29,3534.96,1
2952-XKXCW,Female,0,No,Yes,26,Yes,Yes,No,No internet service,No internet service,No internet service,No internet service,No internet service,No internet service,Month-to-month,Yes,Bank transfer (automatic),23.73,606.36,1
7115-WBISB,Female,0,Yes,No,68,Yes,No,DSL,No,No,Yes,No,No,No,Month-to-month,No,Bank transfer (automatic),51.31,3508.66,1
9026-SBOXU,Male,0,Yes,No,39,Yes,Yes,No,No internet service,No internet service,No internet service,No internet service,No internet service,No internet service,Month-to-month,Yes,Bank transfer (automatic),18.25,726.59,1
2163-CEKXG,Female,0,Yes,Yes,6,Yes,No,DSL,No,Yes,No,No,Yes,Yes,Two year,No,Mailed check,79.23,487.57,0
7662-FNAZQ,Male,0,Yes,Yes,60,Yes,Yes,Fiber optic,No,No,Yes,No,Yes,No,Two year,Yes,Credit card (automatic),90.77,5449.97,1
8038-QNJHH,Female,0,No,No,62,Yes,No,Fiber optic,Yes,Yes,Yes,Yes,Yes,No,Month-to-month,Yes,Electronic check,111.53,6914.66,1
4165-NGFDA,Male,0,No,No,7,Yes,Yes,DSL,No,Yes,No,No,Yes,No,Month-to-month,Yes,Bank transfer (automatic),57.71,379.65,1
4646-OYOAT,Female,0,Yes,No,67,Yes,No,No,No internet service,No internet service,No internet service,No internet service,No internet service,No internet service,Month-to-month,Yes,Bank transfer (automatic),18.25,1246.16,0
6804-CWEED,Female,0,Yes,Yes,33,Yes,No,Fiber optic,No,No,Yes,Yes,No,No,Two year,Yes,Bank transfer (automatic),100.86,3368.33,0
4286-QUTNZ,Male,0,No,No,12,Yes,No,DSL,No,No,Yes,Yes,Yes,No,Month-to-month,No,Bank transfer (automatic),71.02,841.97,0
2598-HBHAD,Male,0,No,Yes,2,Yes,Yes,DSL,No,Yes,No,No,Yes,No,Two year,Yes,Electronic check,64.08,118.69,1
8226-SEEUT,Male,0,Yes,Yes,1,Yes,Yes,Fiber optic,Yes,Yes,Yes,No,Yes,No,Two year,Yes,Mailed check,110.66,112.2,1
1300-XSLTA,Female,0,Yes,Yes,56,Yes,Yes,DSL,Yes,Yes,No,No,No,No,Two year,No,Credit card (automatic),62.71,3488.94,0
3908-GQBKG,Female,0,No,No,7,Yes,No,Fiber optic,No,No,No,No,No,Yes,One year,Yes,Electronic check,96.47,657.34,1
7227-QCVFV,Female,0,Yes,No,53,Yes,No,Fiber optic,Yes,No,No,No,No,No,Month-to-month,Yes,Credit card (automatic),95.1,5026.01,0
8871-KRRVJ,Female,0,No,Yes,8,Yes,No,DSL,No,No,Yes,No,No,No,One year,Yes,Credit card (automatic),44.6,363.67,1
8626-EWWUX,Male,0,Yes,Yes,71,Yes,Yes,DSL,No,No,Yes,No,No,Yes,Month-to-month,Yes,Electronic check,61.48,4341.99,1
7666-ZVOUT,Male,1,Yes,No,5,Yes,No,Fiber optic,No,Yes,Yes,No,No,Yes,Two year,Yes,Electronic check,87.89,446.74,1
2359-WDUUA,Male,0,Yes,No,4,Yes,No,Fiber optic,No,Yes,No,No,No,No,Month-to-month,Yes,Mailed check,76.7,301.16,1
8568-OQSNS,Male,1,Yes,No,72,Yes,Yes,DSL,No,No,Yes,No,Yes,Yes,One year,Yes,Mailed check,73.28,5263.46,0
7560-RBFMQ,Male,0,No,No,4,Yes,Yes,DSL,No,Yes,Yes,Yes,No,No,Month-to-month,Yes,Bank transfer (automatic),56.35,210.91,1
5581-FUVEG,Male,0,Yes,No,8,Yes,Yes,Fiber optic,No,No,No,Yes,No,No,Two year,No,Electronic check,97.35,794.81,1
1486-AMSVA,Male,0,Yes,No,68,Yes,No,DSL,No,Yes,No,No,No,Yes,Month-to-month,Yes,Bank transfer (automatic),61.6,4185.25,0
3446-MKGTC,Female,0,No,No,67,Yes,No,No,No internet service,No internet service,No internet service,No internet service,No internet service,No internet service,Two year,Yes,Electronic check,24.35,1626.56,0
5348-ZYAHQ,Female,0,Yes,No,4,Yes,Yes,Fiber optic,Yes,No,No,No,Yes,Yes,Month-to-month,Yes,Electronic check,103.95,406.28,1
2152-MNEZX,Male,0,Yes,No,28,Yes,Yes,DSL,No,No,No,Yes,Yes,No,Month-to-month,No,Bank transfer (automatic),73.76,2060.31,1
9880-VWXFV,Male,0,Yes,No,5,Yes,Yes,DSL,No,Yes,No,No,Yes,Yes,Month-to-month,No,Electronic check,75.4,382.99,1
4469-FUHMR,Female,0,Yes,Yes,59,Yes,Yes,No,No internet service,No internet service,No internet service,No internet service,No internet service,No internet service,Two year,No,Electronic check,28.97,1708.53,0
7315-WDQEC,Male,0,No,No,12,Yes,No,Fiber optic,Yes,No,Yes,No,Yes,No,Month-to-month,Yes,Bank transfer (automatic),109.27,1320.02,1
9730-DWENO,Female,0,Yes,No,6,Yes,Yes,No,No internet service,No internet service,No internet service,No internet service,No internet service,No internet service,One year,No,Bank transfer (automatic),18.25,136.77,0
7699-TQFJV,Female,0,No,No,69,No,No phone service,Fiber optic,No,Yes,No,No,No,No,Month-to-month,Yes,Credit card (automatic),90.65,6249.2,0
5740-WPQNT,Male,0,No,No,8,Yes,No,DSL,No,No,No,No,No,No,Month-to-month,No,Credit card (automatic),49.3,410.83,1
1665-LIOLN,Female,0,No,No,70,Yes,No,No,No internet service,No internet service,No internet service,No internet service,No internet service,No internet service,One year,No,Mailed check,25.09,1750.91,0
8033-ZVRTF,Female,0,No,No,2,Yes,No,Fiber optic,No,No,Yes,Yes,Yes,No,Month-to-month,Yes,Bank transfer (automatic),104.38,205.15,1
6857-DZWLM,Female,0,Yes,Yes,71,Yes,Yes,Fiber optic,No,Yes,Yes,Yes,No,No,Month-to-month,Yes,Bank transfer (automatic),79.26,5636.83,0
1642-SVMLT,Male,1,No,No,69,Yes,Yes,DSL,Yes,Yes,No,Yes,No,Yes,One year,Yes,Credit card (automatic),87.11,5976.89,0
1176-CCNRS,Male,0,No,No,1,Yes,Yes,DSL,No,Yes,No,No,No,Yes,Month-to-month,Yes,Electronic check,67.45,67.45,1
9916-JQOSI,Female,0,No,Yes,14,Yes,Yes,DSL,No,Yes,Yes,No,Yes,Yes,Month-to-month,No,Electronic check,72.22,999.27,1
5791-DOSPH,Male,0,No,No,71,No,No phone service,DSL,No,No,No,No,No,Yes,Month-to-month,Yes,Mailed check,67.15,4768.23,1
1786-QUAGU,Female,0,Yes,No,4,Yes,No,Fiber optic,No,Yes,No,No,No,No,Month-to-month,No,Electronic check,70.16,274.61,1
8261-RLPAO,Female,0,Yes,No,56,No,No phone service,DSL,No,Yes,Yes,No,No,No,One year,Yes,Mailed check,53.68,3018.79,0
6102-GQCKF,Male,0,Yes,No,60,Yes,No,No,No internet service,No internet service,No internet service,No internet service,No internet service,No internet service,One year,No,Bank transfer (automatic),19.12,1144.37,0
3921-FOGKQ,Female,0,No,No,69,Yes,Yes,DSL,No,Yes,No,Yes,Yes,Yes,Month-to-month,Yes,Bank transfer (automatic),89.78,6195.2,1
1091-WRVXU,Female,0,No,No,7,Yes,Yes,Fiber optic,No,No,No,No,No,No,Month-to-month,No,Credit card (automatic),84.22,568.67,1
8612-ZSHXT,Female,0,No,No,7,Yes,No,No,No internet service,No internet service,No internet service,No internet service,No internet service,No internet service,Month-to-month,No,Credit card (automatic),18.25,126.89,1
6556-HUKUC,Female,0,No,Yes,1,Yes,Yes,DSL,No,No,No,No,Yes,No,Two year,No,Credit card (automatic),73.05,73.05,1
8168-WNIYA,Female,1,Yes,No,30,Yes,No,Fiber optic,No,Yes,Yes,Yes,No,Yes,Month-to-month,Yes,Mailed check,99.95,3009.1,1
2971-AZLKU,Female,0,Yes,No,64,Yes,Yes,Fiber optic,No,No,No,No,No,No,Two year,Yes,Electronic check,83.63,5354.63,1
1530-ATLQO,Female,0,No,No,11,Yes,No,Fiber optic,No,No,Yes,No,Yes,Yes,Month-to-month,Yes,Electronic check,108.05,1191.59,1
1996-BRPDH,Male,0,No,No,6,Yes,Yes,DSL,No,No,Yes,No,No,Yes,Month-to-month,Yes,Electronic check,70.53,444.74,1
6057-BNYOI,Male,0,No,Yes,72,No,No phone service,DSL,No,Yes,No,No,No,Yes,Two year,Yes,Bank transfer (automatic),66.82,4823.67,0
3840-BQZJI,Female,0,Yes,No,9,Yes,No,DSL,Yes,No,No,No,No,No,One year,No,Electronic check,71.01,640.91,1
2427-BXSQK,Male,0,No,No,45,Yes,No,Fiber optic,No,No,Yes,No,No,No,Month-to-month,No,Electronic check,75.78,3417.35,1
3465-QJRWF,Female,1,Yes,Yes,63,No,No phone service,DSL,No,Yes,No,Yes,Yes,No,Month-to-month,Yes,Bank transfer (automatic),75.19,4732.2,1
3301-PRTRA,Female,0,Yes,Yes,30,Yes,Yes,Fiber optic,No,Yes,No,Yes,No,Yes,Month-to-month,Yes,Mailed check,105.4,3142.69,1
6798-COTJU,Female,0,Yes,No,1,Yes,Yes,Fiber optic,No,Yes,Yes,No,No,Yes,Month-to-month,Yes,Mailed check,92.69,131.68,1
3388-EOWNO,Female,0,Yes,Yes,64,Yes,No,Fiber optic,No,Yes,No,No,Yes,Yes,Month-to-month,No,Bank transfer (automatic),108.28,6941.72,1
3724-JXILG,Male,1,Yes,No,18,Yes,Yes,No,No internet service,No internet service,No internet service,No internet service,No internet service,No internet service,Two year,Yes,Mailed check,18.25,306.05,0
5929-EYXJY,Female,0,Yes,Yes,61,Yes,No,No,No internet service,No internet service,No internet service,No internet service,No internet service,No internet service,Month-to-month,Yes,Mailed check,18.25,1130.02,0
7129-ZHVTY,Female,0,No,No,62,Yes,No,DSL,No,No,No,No,Yes,No,One year,No,Mailed check,67.99,4234.63,1
3865-PLIJP,Male,1,No,No,15,Yes,No,No,No internet service,No internet service,No internet service,No internet service,No internet service,No internet service,Month-to-month,No,Mailed check,29.97,465.89,0
3210-JIZCS,Male,0,Yes,No,67,Yes,No,Fiber optic,Yes,No,No,No,No,Yes,Month-to-month,Yes,Electronic check,99.23,6641.9,1
6552-KFFOO,Male,0,Yes,Yes,7,Yes,No,No,No internet service,No internet service,No internet service,No internet service,No internet service,No internet service,Month-to-month,Yes,Mailed check,19.24,103.12,0
5522-MVENU,Male,0,No,No,28,Yes,No,Fiber optic,No,No,No,Yes,Yes,No,Month-to-month,No,Mailed check,95.54,2677.1,1
1694-BWLTN,Male,0,No,No,59,Yes,Yes,Fiber optic,No,Yes,Yes,No,No,Yes,One year,Yes,Credit card (automatic),89.1,5261.24,1
5588-SXTOT,Male,0,No,No,23,No,No phone service,Fiber optic,Yes,No,No,No,Yes,No,Month-to-month,No,Electronic check,101.58,2350.16,1
2738-XQYNW,Female,0,No,No,66,Yes,No,DSL,No,No,No,No,Yes,No,One year,No,Mailed check,68.24,4502.44,0
1167-RVXEV,Female,0,Yes,No,45,Yes,No,DSL,No,No,No,No,Yes,No,Two year,Yes,Credit card (automatic),56.67,2559.33,0
4971-LJHFY,Male,0,No,No,6,Yes,No,DSL,No,Yes,No,Yes,Yes,Yes,Month-to-month,No,Electronic check,91.88,540.7,1
8189-OLYYF,Male,0,No,No,68,Yes,Yes,No,No internet service,No internet service,No internet service,No internet service,No internet service,No internet service,Two year,No,Bank transfer (automatic),18.25,1227.49,0
6156-LOLIS,Female,0,No,No,66,No,No phone service,No,No internet service,No internet service,No internet service,No internet service,No internet service,No internet service,One year,No,Electronic check,18.25,1178.07,0
5860-UBMMH,Male,0,No,Yes,30,No,No phone service,No,No internet service,No internet service,No internet service,No internet service,No internet service,No internet service,Two year,Yes,Credit card (automatic),20.5,633.88,0
7739-MDFFU,Male,0,Yes,Yes,5,Yes,No,No,No internet service,No internet service,No internet service,No internet service,No internet service,No internet service,Two year,No,Electronic check,26.83,125.89,0
6716-LLQGZ,Male,0,Yes,No,10,Yes,Yes,No,No internet service,No internet service,No internet service,No internet service,No internet service,No internet service,Month-to-month,Yes,Credit card (automatic),23.02,211.02,1
3602-OXQJW,Female,1,Yes,Yes,64,Yes,Yes,Fiber optic,No,No,No,No,No,Yes,One year,Yes,Credit card (automatic),93.66,5951.1,1
6164-TFIOP,Male,0,Yes,No,54,Yes,Yes,DSL,No,Yes,No,Yes,No,Yes,Month-to-month,No,Electronic check,73.69,3975.19,0
6733-UHPER,Female,0,No,No,65,Yes,Yes,Fiber optic,Yes,No,No,No,No,No,Two year,No,Electronic check,85.94,5611.34,1
7425-TNBWW,Female,0,No,No,11,Yes,No,Fiber optic,No,Yes,Yes,Yes,Yes,Yes,One year,No,Credit card (automatic),111.32,1222.1,0
3918-CNGOQ,Female,0,No,No,4,Yes,No,Fiber optic,No,No,Yes,Yes,Yes,Yes,One year,Yes,Electronic check,107.17,420.77,1
6920-AIVNP,Male,0,Yes,No,38,Yes,Yes,Fiber optic,No,No,No,No,No,No,Two year,Yes,Electronic check,77.55,2959.25,0
8932-UMFVA,Male,0,No,No,33,Yes,Yes,DSL,No,No,No,No,No,No,Month-to-month,No,Electronic check,59.1,1965.44,1
8499-UYDCQ,Female,0,Yes,No,21,Yes,Yes,DSL,No,No,No,No,No,No,Two year,Yes,Electronic check,57.73,1233.84,1
8737-BSTWV,Female,0,Yes,No,8,Yes,No,Fiber optic,No,No,No,Yes,No,No,Month-to-month,Yes,Bank transfer (automatic),88.56,729.98,1
1100-HYOFW,Male,0,No,No,8,Yes,No,DSL,No,No,No,No,Yes,Yes,Month-to-month,No,Mailed check,73.91,572.96,0
3233-TBYYO,Female,0,Yes,No,1,Yes,No,Fiber optic,No,Yes,Yes,No,Yes,No,One year,No,Bank transfer (automatic),90.61,90.61,0
5710-TLCJN,Male,0,No,Yes,10,Yes,No,DSL,No,No,No,Yes,Yes,Yes,Month-to-month,No,Electronic check,88.75,881.58,1
4960-VNCAT,Female,0,Yes,Yes,63,Yes,No,Fiber optic,No,No,No,No,Yes,No,Month-to-month,Yes,Mailed check,94.51,5959.68,1
3680-ABSXJ,Male,0,Yes,No,22,Yes,No,DSL,No,Yes,Yes,No,Yes,No,Month-to-month,No,Electronic check,62.08,1367.49,1
9300-DDMZI,Male,0,No,No,62,Yes,No,Fiber optic,No,Yes,No,No,Yes,No,Month-to-month,Yes,Mailed check,91.96,5683.96,1
7761-GPRCT,Female,0,Yes,No,2,Yes,No,No,No internet service,No internet service,No internet service,No internet service,No internet service,No internet service,One year,Yes,Mailed check,18.25,48.37,0
2465-TJXZZ,Female,0,Yes,No,36,Yes,Yes,No,No internet service,No internet service,No internet service,No internet service,No internet service,No internet service,One year,No,Credit card (automatic),18.25,660.84,0
8107-VPCKY,Male,1,Yes,No,70,Yes,Yes,No,No internet service,No internet service,No internet service,No internet service,No internet service,No internet service,Month-to-month,Yes,Credit card (automatic),21.63,1497.64,0
2744-JPHIO,Female,0,Yes,No,1,Yes,No,No,No internet service,No internet service,No internet service,No internet service,No internet service,No internet service,Month-to-month,No,Credit card (automatic),25.26,35.45,1
7399-UCDML,Female,0,Yes,Yes,10,Yes,No,Fiber optic,Yes,No,No,No,Yes,Yes,Two year,Yes,Credit card (automatic),109.7,1084.99,1
7846-UIYNS,Female,0,No,No,12,Yes,No,No,No internet service,No internet service,No internet service,No internet service,No internet service,No internet service,Month-to-month,Yes,Electronic check,21.37,226.07,1
6965-GPVTE,Male,0,No,Yes,4,No,No phone service,Fiber optic,No,No,No,No,Yes,No,Month-to-month,Yes,Credit card (automatic),89.51,353.7,1
7854-JRKGN,Female,1,No,No,11,Yes,No,DSL,No,Yes,Yes,No,Yes,No,Two year,Yes,Electronic check,61.44,689.88,1
7464-TRKVL,Female,0,Yes,No,10,No,No phone service,Fiber optic,No,Yes,Yes,Yes,No,Yes,Two year,Yes,Bank transfer (automatic),100.67,1013.91,0
9299-RZBWA,Female,0,No,No,70,Yes,No,DSL,No,Yes,No,Yes,Yes,No,Two year,Yes,Electronic check,71.64,5011.96,0
8482-WJUAF,Female,0,No,Yes,63,Yes,No,DSL,No,No,Yes,Yes,Yes,Yes,Two year,Yes,Credit card (automatic),83.28,5232.81,0
6638-GQIGQ,Male,0,No,No,71,Yes,No,Fiber optic,No,No,No,No,No,Yes,Month-to-month,No,Electronic check,88.62,6293.52,1
6520-CPETR,Female,1,No,No,9,Yes,No,DSL,No,No,No,No,Yes,No,One year,Yes,Mailed check,61.99,564.27,1
9477-ADWKT,Male,0,No,No,1,Yes,No,DSL,Yes,Yes,Yes,No,No,No,Month-to-month,Yes,Mailed check,53.64,66.09,1
3121-IHHEL,Male,0,No,No,63,Yes,No,No,No internet service,No internet service,No internet service,No internet service,No internet service,No internet service,Two year,Yes,Electronic check,18.25,1186.79,0
7797-AOYRF,Female,1,No,No,3,Yes,No,DSL,No,No,Yes,No,No,No,Month-to-month,Yes,Mailed check,48.09,151.47,1
8197-JNUZH,Female,0,Yes,Yes,24,No,No phone service,Fiber optic,No,No,No,No,No,Yes,Month-to-month,Yes,Credit card (automatic),90.36,2146.42,1
7808-CVVZS,Male,0,Yes,No,5,Yes,No,Fiber optic,No,No,No,No,Yes,No,Month-to-month,Yes,Bank transfer (automatic),84.84,412.44,1
6812-LLOGD,Female,0,No,Yes,25,No,No phone service,No,No internet service,No internet service,No internet service,No internet service,No internet service,No internet service,Month-to-month,Yes,Mailed check,18.25,446.36,1
7216-UIVPZ,Female,0,Yes,Yes,41,Yes,No,Fiber optic,No,No,Yes,No,No,Yes,One year,No,Credit card (automatic),92.5,3786.95,1
2203-MDXIZ,Male,0,Yes,No,7,Yes,Yes,Fiber optic,No,Yes,No,No,Yes,No,Month-to-month,Yes,Mailed check,90.32,646.9,1
3492-UROOF,Female,0,No,No,11,Yes,No,Fiber optic,Yes,No,No,Yes,No,No,Month-to-month,No,Credit card (automatic),108.13,1209.67,1
2926-KHUQX,Female,0,Yes,Yes,70,Yes,Yes,No,No internet service,No internet service,No internet service,No internet service,No internet service,No internet service,Month-to-month,No,Bank transfer (automatic),18.54,1291.82,0
6911-YQXZR,Female,1,Yes,Yes,53,Yes,Yes,DSL,No,No,No,Yes,No,No,Month-to-month,No,Bank transfer (automatic),58.63,3104.31,1
4785-DOBBJ,Male,0,Yes,No,12,Yes,Yes,Fiber optic,No,No,No,Yes,Yes,Yes,Month-to-month,Yes,Electronic check,111.57,1369.34,1
8067-CHTGL,Female,0,Yes,No,37,Yes,No,DSL,No,Yes,No,No,No,No,One year,No,Bank transfer (automatic),54.8,2022.61,1
3598-ZSZON,Male,0,No,Yes,7,Yes,No,No,No internet service,No internet service,No internet service,No internet service,No internet service,No internet service,Month-to-month,No,Credit card (automatic),19.93,149.45,1
7200-PNCRV,Male,0,No,Yes,57,Yes,Yes,Fiber optic,Yes,No,Yes,Yes,No,Yes,Month-to-month,Yes,Bank transfer (automatic),107.27,6130.26,1
4375-FQWNN,Male,0,No,No,63,Yes,Yes,DSL,No,No,No,No,Yes,No,Month-to-month,Yes,Bank transfer (automatic),61.67,3880.43,1
1805-TMCMX,Female,0,Yes,No,23,Yes,No,Fiber optic,Yes,No,No,No,Yes,Yes,Month-to-month,No,Mailed check,101.77,2334.46,1
4411-BIMHP,Female,0,Yes,No,29,Yes,No,Fiber optic,Yes,No,No,No,Yes,Yes,Month-to-month,No,Electronic check,117.49,3400.66,1
3439-XCMDR,Male,0,Yes,No,11,Yes,No,Fiber optic,No,No,Yes,Yes,No,No,Two year,Yes,Bank transfer (automatic),97.37,1071.75,0
4448-BTVUO,Male,0,Yes,No,65,No,No phone service,DSL,No,No,No,No,Yes,No,Two year,No,Bank transfer (automatic),55.69,3604.16,0
9740-QJAFC,Female,0,No,No,5,Yes,No,Fiber optic,Yes,No,No,No,Yes,No,Month-to-month,Yes,Mailed check,97.61,506.75,1
4143-SGMMQ,Female,0,Yes,Yes,61,Yes,Yes,DSL,Yes,No,Yes,No,Yes,No,Two year,No,Mailed check,74.04,4552.39,0
2242-ANZCN,Male,0,Yes,No,26,Yes,Yes,No,No internet service,No internet service,No internet service,No internet service,No internet service,No internet service,Month-to-month,No,Bank transfer (automatic),18.25,476.33,1
6973-XAPJM,Female,0,Yes,Yes,54,Yes,No,Fiber optic,Yes,No,Yes,Yes,No,Yes,Two year,Yes,Bank transfer (automatic),105.43,5707.28,0
7397-DINDJ,Male,0,Yes,No,8,Yes,No,DSL,No,No,Yes,Yes,Yes,Yes,Month-to-month,Yes,Mailed check,91.7,706.51,1
1547-HWCWG,Male,1,No,Yes,7,No,No phone service,No,No internet service,No internet service,No internet service,No internet service,No internet service,No internet service,Month-to-month,No,Electronic check,18.25,118.34,1
1026-JCBOI,Female,1,Yes,No,13,Yes,Yes,DSL,Yes,No,No,No,No,No,Month-to-month,No,Credit card (automatic),62.32,800.36,1
5284-OQGTR,Female,0,Yes,No,58,Yes,Yes,No,No internet service,No internet service,No internet service,No internet service,No internet service,No internet service,Month-to-month,No,Credit card (automatic),18.25,1068.4,1
5032-ORXWL,Female,0,Yes,No,9,Yes,No,Fiber optic,No,No,No,Yes,No,No,Month-to-month,Yes,Mailed check,87.93,791.07,1
6518-WUZHB,Male,0,Yes,No,15,No,No phone service,Fiber optic,Yes,Yes,Yes,No,No,Yes,Month-to-month,No,Credit card (automatic),107.06,1630.05,1
2302-BEAVD,Female,0,Yes,No,67,Yes,Yes,DSL,No,Yes,No,No,Yes,No,Month-to-month,Yes,Bank transfer (automatic),63.97,4285.1,1
7745-FWMSK,Female,0,No,No,57,Yes,Yes,Fiber optic,No,No,No,Yes,No,No,One year,Yes,Electronic check,91.53,5198.92,1
7608-MHGMA,Male,1,No,No,14,Yes,Yes,DSL,Yes,No,No,No,No,Yes,Two year,Yes,Electronic check,67.24,943.49,0
2221-FGPOT,Male,0,Yes,Yes,4,Yes,Yes,No,No internet service,No internet service,No internet service,No internet service,No internet service,No internet service,Month-to-month,No,Electronic check,18.25,72.46,1
8708-BZYWP,Female,0,Yes,Yes,66,Yes,No,DSL,No,No,Yes,No,Yes,No,One year,No,Credit card (automatic),60.45,3988.97,0
1437-QXOCD,Female,1,No,Yes,10,Yes,No,Fiber optic,Yes,No,No,No,No,No,Month-to-month,Yes,Bank transfer (automatic),89.34,875.77,1
5562-LEQFJ,Male,0,No,No,3,Yes,Yes,Fiber optic,No,Yes,Yes,No,Yes,Yes,Month-to-month,Yes,Credit card (automatic),104.21,337.84,1
4098-VRJFX,Male,0,Yes,No,3,Yes,Yes,No,No internet service,No internet service,No internet service,No internet service,No internet service,No internet service,Month-to-month,Yes,Mailed check,18.25,63.55,1
8954-FTODY,Female,0,Yes,No,7,Yes,Yes,Fiber optic,No,Yes,No,No,No,No,Month-to-month,Yes,Mailed check,85.97,607.62,1
6937-PVXHG,Female,0,Yes,No,4,Yes,No,Fiber optic,No,Yes,No,No,No,Yes,Two year,Yes,Electronic check,89.61,363.12,1
4400-SZQUM,Male,0,No,No,70,Yes,No,DSL,Yes,No,Yes,No,No,No,Month-to-month,Yes,Electronic check,59.97,4180.24,1
7100-OZZBJ,Female,0,No,No,4,Yes,No,DSL,Yes,No,No,No,No,No,One year,Yes,Mailed check,56.0,229.66,1
7994-MRWKM,Male,0,No,No,5,Yes,No,Fiber optic,No,Yes,No,No,No,No,Month-to-month,No,Credit card (automatic),87.3,409.59,1
7764-SXYXV,Male,0,Yes,No,6,No,No phone service,DSL,No,Yes,Yes,No,No,Yes,Two year,Yes,Bank transfer (automatic),65.17,376.69,1
1326-ECSWM,Female,0,No,Yes,4,Yes,No,No,No internet service,No internet service,No internet service,No internet service,No internet service,No internet service,Month-to-month,Yes,Bank transfer (automatic),18.25,59.82,1
2039-ELNFV,Female,0,No,No,45,Yes,No,Fiber optic,No,No,Yes,No,Yes,Yes,One year,Yes,Credit card (automatic),105.07,4720.65,1
5071-IQHZM,Male,0,Yes,No,13,Yes,No,DSL,No,Yes,No,No,No,Yes,Two year,Yes,Bank transfer (automatic),60.17,778.14,0
7752-EVVQC,Male,1,No,No,12,Yes,No,No,No internet service,No internet service,No internet service,No internet service,No internet service,No internet service,Month-to-month,Yes,Electronic check,25.39,290.83,0
2870-FNONK,Male,0,No,No,2,Yes,Yes,No,No internet service,No internet service,No internet service,No internet service,No internet service,No internet service,One year,Yes,Mailed check,26.81,81.19,1
6715-KIFOL,Female,0,Yes,No,4,Yes,No,Fiber optic,Yes,No,No,No,No,No,Month-to-month,Yes,Bank transfer (automatic),89.54,359.67,1
1534-FAYPT,Male,0,Yes,No,66,Yes,No,Fiber optic,No,No,No,No,No,No,Two year,Yes,Credit card (automatic),87.2,5760.45,0
6916-OBQCC,Male,0,Yes,No,59,Yes,No,Fiber optic,Yes,No,Yes,No,Yes,No,Two year,Yes,Mailed check,105.59,6247.81,0
1585-EQWQT,Male,0,No,No,7,Yes,No,DSL,No,Yes,Yes,No,No,Yes,One year,Yes,Credit card (automatic),61.61,438.87,1
9920-FAGZO,Female,0,No,Yes,17,Yes,No,Fiber optic,Yes,Yes,No,No,No,No,One year,No,Credit card (automatic),85.88,1465.12,1
2703-GSTVK,Male,0,Yes,Yes,72,No,No phone service,Fiber optic,Yes,No,No,No,No,Yes,Month-to-month,Yes,Electronic check,97.8,7036.84,1
3906-WNMTZ,Female,0,Yes,No,4,Yes,No,DSL,No,No,Yes,Yes,No,No,Month-to-month,Yes,Bank transfer (automatic),64.93,262.34,1
5486-YIIPL,Female,0,No,Yes,8,Yes,Yes,DSL,Yes,No,No,No,Yes,No,Month-to-month,No,Credit card (automatic),78.9,616.2,1
1491-JFRBT,Male,1,Yes,No,61,Yes,No,Fiber optic,No,Yes,Yes,Yes,Yes,No,Month-to-month,No,Mailed check,103.81,6308.39,1
5586-ISFBO,Male,0,Yes,No,36,Yes,Yes,DSL,No,Yes,No,Yes,Yes,No,Month-to-month,Yes,Mailed check,65.1,2355.15,1
3982-QPUHJ,Male,0,Yes,Yes,63,No,No phone service,DSL,No,No,Yes,No,No,No,Two year,No,Mailed check,47.78,3014.23,0
8745-JRJIX,Female,0,Yes,No,9,Yes,No,Fiber optic,No,Yes,Yes,No,Yes,No,Two year,Yes,Credit card (automatic),97.88,888.61,1
5518-SADXC,Male,0,No,No,43,Yes,Yes,DSL,No,Yes,No,No,Yes,No,Month-to-month,Yes,Credit card (automatic),67.7,2922.43,0
9824-JLRWT,Female,0,Yes,Yes,45,Yes,No,DSL,Yes,Yes,No,Yes,No,Yes,Month-to-month,No,Bank transfer (automatic),88.97,3998.74,1
6505-FUBJB,Female,0,Yes,No,66,Yes,Yes,DSL,No,No,Yes,Yes,No,No,One year,Yes,Credit card (automatic),65.29,4295.89,0
2916-IJBHX,Female,1,No,No,60,Yes,Yes,Fiber optic,No,Yes,Yes,No,No,Yes,Two year,Yes,Bank transfer (automatic),93.04,5573.8,1
3312-QQDRL,Female,0,No,No,6,Yes,No,No,No internet service,No internet service,No internet service,No internet service,No internet service,No internet service,Month-to-month,Yes,Mailed check,19.63,129.76,0
4322-QISNN,Female,1,Yes,No,8,Yes,No,No,No internet service,No internet service,No internet service,No internet service,No internet service,No internet service,One year,Yes,Electronic check,20.46,160.9,0
3833-QBHEG,Female,0,Yes,Yes,65,Yes,No,Fiber optic,No,No,No,No,Yes,Yes,Two year,Yes,Bank transfer (automatic),102.48,6673.98,1
8591-VPPQV,Male,0,Yes,No,32,Yes,No,No,No internet service,No internet service,No internet service,No internet service,No internet service,No internet service,Month-to-month,No,Bank transfer (automatic),18.25,567.29,1
4107-GTHHW,Male,0,No,Yes,48,Yes,Yes,DSL,No,No,No,Yes,Yes,Yes,Month-to-month,Yes,Bank transfer (automatic),82.4,3945.48,1
6912-KORFV,Female,1,No,Yes,36,No,No phone service,Fiber optic,No,Yes,Yes,No,No,No,Month-to-month,Yes,Bank transfer (automatic),71.0,2531.02,1
1397-LOWFR,Female,0,No,No,38,Yes,No,Fiber optic,No,No,Yes,No,No,No,Two year,Yes,Electronic check,81.33,3069.4,1
2317-XTIHN,Male,0,Yes,Yes,14,Yes,No,DSL,Yes,Yes,Yes,Yes,Yes,Yes,Two year,Yes,Bank transfer (automatic),82.86,1171.5,0
3900-SSHBY,Male,0,Yes,Yes,62,Yes,No,DSL,Yes,No,No,No,Yes,No,Two year,No,Electronic check,66.16,4116.56,0
1121-DFCCS,Male,0,No,No,3,Yes,No,No,No internet service,No internet service,No internet service,No internet service,No internet service,No internet service,One year,Yes,Electronic check,20.61,65.45,1
3577-KJLNR,Male,0,Yes,No,68,Yes,No,Fiber optic,No,Yes,No,No,No,Yes,Month-to-month,Yes,Electronic check,97.09,6599.73,1
2566-XIOXZ,Female,0,No,Yes,11,Yes,Yes,DSL,No,No,No,No,Yes,Yes,Month-to-month,No,Electronic check,76.22,824.46,1
2984-CWKJR,Male,0,Yes,No,8,No,No phone service,Fiber optic,No,No,No,No,No,No,Month-to-month,No,Electronic check,81.99,630.0,1
5382-DMFUM,Female,0,Yes,Yes,62,Yes,Yes,Fiber optic,No,No,No,No,No,Yes,Month-to-month,No,Credit card (automatic),95.18,5876.04,1
3173-YZTET,Female,0,No,No,68,Yes,Yes,No,No internet service,No internet service,No internet service,No internet service,No internet service,No internet service,Month-to-month,Yes,Credit card (automatic),29.45,1978.71,1
8097-NMNHP,Male,0,Yes,No,9,Yes,Yes,Fiber optic,Yes,No,No,Yes,No,No,Month-to-month,Yes,Electronic check,96.46,881.51,1
8255-MXOSA,Male,0,No,No,10,Yes,Yes,Fiber optic,No,Yes,No,No,Yes,No,Month-to-month,Yes,Electronic check,98.29,997.04,1
1573-VBRSH,Female,0,No,No,61,Yes,No,No,No internet service,No internet service,No internet service,No internet service,No internet service,No internet service,Month-to-month,No,Bank transfer (automatic),23.88,1463.59,1
4065-CWZNZ,Female,0,No,Yes,63,Yes,No,Fiber optic,No,No,No,Yes,Yes,Yes,One year,No,Credit card (automatic),112.44,7089.4,0
9118-IHQWW,Female,0,Yes,Yes,68,Yes,Yes,No,No internet service,No internet service,No internet service,No internet service,No internet service,No internet service,One year,No,Bank transfer (automatic),18.32,1246.59,0
8552-XPJUJ,Female,0,No,No,32,Yes,No,Fiber optic,Yes,No,Yes,No,No,No,Month-to-month,Yes,Bank transfer (automatic),89.19,2841.73,0
7378-YYXFV,Male,0,Yes,No,7,Yes,Yes,Fiber optic,No,Yes,Yes,Yes,No,No,Month-to-month,Yes,Mailed check,89.48,621.67,1
2407-QPOVN,Male,0,Yes,No,8,Yes,Yes,Fiber optic,No,No,No,Yes,No,Yes,Month-to-month,Yes,Bank transfer (automatic),107.57,867.96,1
1535-DDBKD,Male,0,No,No,3,Yes,Yes,Fiber optic,Yes,No,No,No,Yes,No,One year,No,Bank transfer (automatic),98.86,254.98,1
4936-UUPUD,Male,0,No,Yes,1,Yes,No,DSL,No,No,No,Yes,Yes,No,One year,No,Credit card (automatic),71.83,76.75,1
6735-AZXSB,Male,0,No,No,6,Yes,No,No,No internet service,No internet service,No internet service,No internet service,No internet service,No internet service,One year,Yes,Credit card (automatic),18.25,101.31,1
2434-IWYMR,Female,0,No,No,60,Yes,Yes,DSL,No,Yes,No,Yes,Yes,No,Two year,No,Bank transfer (automatic),68.87,4156.0,0
8277-PPYJI,Female,0,No,No,29,Yes,No,DSL,No,Yes,No,No,No,No,One year,No,Electronic check,54.87,1565.14,0
2867-KYZZD,Male,0,No,No,69,Yes,Yes,Fiber optic,No,No,Yes,No,Yes,Yes,Month-to-month,Yes,Mailed check,106.99,7395.68,1
2454-JCFCI,Male,0,Yes,No,7,Yes,Yes,Fiber optic,No,No,No,No,Yes,No,Two year,Yes,Bank transfer (automatic),92.68,669.21,1
7729-CRHVH,Female,0,Yes,No,39,Yes,Yes,DSL,No,Yes,Yes,No,Yes,No,Month-to-month,No,Credit card (automatic),60.8,2371.76,1
5170-OMGSH,Female,0,Yes,No,27,Yes,Yes,No,No internet service,No internet service,No internet service,No internet service,No internet service,No internet service,Month-to-month,Yes,Electronic check,26.72,716.83,0
2820-JQAMZ,Male,0,No,No,70,Yes,No,DSL,No,Yes,No,Yes,No,Yes,Month-to-month,No,Mailed check,79.53,5581.34,0
1051-MXPIJ,Male,0,No,No,66,Yes,No,DSL,No,No,Yes,No,No,No,Month-to-month,Yes,Credit card (automatic),52.14,3445.27,1
5602-FEBKI,Female,0,No,Yes,25,Yes,Yes,DSL,No,Yes,No,Yes,Yes,No,One year,No,Bank transfer (automatic),75.28,1857.29,1
5405-FHIIH,Male,0,No,No,27,Yes,Yes,No,No internet service,No internet service,No internet service,No internet service,No internet service,No internet service,Two year,Yes,Mailed check,18.25,512.39,0
1469-LZHCM,Male,0,Yes,No,1,Yes,No,Fiber optic,Yes,Yes,No,Yes,No,Yes,Month-to-month,Yes,Bank transfer (automatic),106.93,106.93,1
5248-SBQPD,Female,0,Yes,No,62,Yes,Yes,DSL,Yes,No,Yes,No,Yes,No,Month-to-month,No,Mailed check,65.2,4063.78,1
4437-RNBMU,Female,0,No,Yes,32,Yes,No,Fiber optic,No,Yes,Yes,No,No,No,Month-to-month,No,Electronic check,80.19,2543.25,1
3554-TQOYT,Female,0,No,No,10,Yes,No,Fiber optic,No,No,No,No,No,Yes,Month-to-month,No,Mailed check,95.67,966.04,1
3859-EGRXK,Male,0,Yes,No,38,Yes,Yes,No,No internet service,No internet service,No internet service,No internet service,No internet service,No internet service,Month-to-month,Yes,Credit card (automatic),18.29,700.33,0
2858-RZEMR,Female,0,No,No,62,Yes,Yes,No,No internet service,No internet service,No internet service,No internet service,No internet service,No internet service,Month-to-month,No,Bank transfer (automatic),22.75,1402.92,1
8373-BTDMX,Male,0,No,Yes,7,Yes,Yes,DSL,No,No,No,No,Yes,Yes,Month-to-month,No,Mailed check,80.8,559.8,1
1865-PFZHP,Female,0,Yes,No,19,Yes,No,Fiber optic,No,No,No,Yes,Yes,Yes,Two year,Yes,Electronic check,106.42,2011.77,1
6942-MWZDB,Male,0,No,No,11,Yes,Yes,Fiber optic,Yes,No,Yes,Yes,No,No,One year,Yes,Electronic check,96.2,1062.64,1
4833-IRQHZ,Male,0,Yes,No,39,Yes,No,Fiber optic,No,Yes,Yes,Yes,No,No,One year,Yes,Electronic check,82.55,3171.96,1
3595-OIQWB,Female,0,Yes,Yes,8,Yes,No,Fiber optic,Yes,No,No,Yes,Yes,No,Month-to-month,Yes,Credit card (automatic),108.39,876.8,0
6033-FEQBR,Male,0,Yes,No,30,Yes,No,Fiber optic,No,No,No,No,Yes,No,Month-to-month,No,Credit card (automatic),97.42,2930.51,1
6623-JJFLQ,Male,0,No,No,4,No,No phone service,Fiber optic,No,No,No,No,No,No,Two year,Yes,Bank transfer (automatic),82.68,349.95,1
1425-MTPJU,Female,0,Yes,Yes,63,Yes,No,Fiber optic,Yes,No,No,No,Yes,No,Month-to-month,Yes,Electronic check,100.94,6353.68,1
1188-BBWGF,Male,1,Yes,Yes,63,Yes,No,DSL,No,No,No,No,Yes,No,Month-to-month,Yes,Bank transfer (automatic),50.94,3217.46,1
5533-ALMLS,Female,0,No,No,40,Yes,Yes,Fiber optic,No,Yes,Yes,Yes,Yes,No,Month-to-month,No,Bank transfer (automatic),98.77,3956.17,1
6707-IJQRH,Male,0,Yes,No,5,Yes,No,No,No internet service,No internet service,No internet service,No internet service,No internet service,No internet service,One year,Yes,Credit card (automatic),19.18,102.71,0
1228-GIJLO,Female,0,No,Yes,33,Yes,No,DSL,No,Yes,No,No,Yes,Yes,Month-to-month,Yes,Electronic check,63.55,2100.49,1
9156-ODDWA,Female,0,No,No,48,Yes,Yes,Fiber optic,No,No,No,No,Yes,No,Month-to-month,No,Bank transfer (automatic),89.73,4312.92,1
2041-ZLYBO,Male,0,Yes,No,45,Yes,No,No,No internet service,No internet service,No internet service,No internet service,No internet service,No internet service,Month-to-month,Yes,Credit card (automatic),26.18,1154.69,1
8788-QGFLS,Female,0,Yes,No,10,Yes,Yes,Fiber optic,Yes,No,Yes,No,Yes,Yes,Month-to-month,Yes,Credit card (automatic),114.61,1138.53,1
6405-AUZND,Female,0,Yes,No,61,Yes,No,No,No internet service,No internet service,No internet service,No internet service,No internet service,No internet service,Month-to-month,Yes,Mailed check,21.21,1295.39,0
4771-EAAUF,Male,1,No,No,33,Yes,No,Fiber optic,No,No,Yes,Yes,Yes,No,Month-to-month,Yes,Electronic check,98.97,3269.7,1
2905-EBYUE,Female,0,Yes,No,63,Yes,Yes,Fiber optic,No,No,No,Yes,No,Yes,Month-to-month,Yes,Electronic check,97.38,6153.34,1
8765-ZISUO,Female,0,Yes,No,49,Yes,No,DSL,No,No,No,No,No,Yes,Month-to-month,No,Electronic check,55.38,2715.22,1
1801-MLEBD,Female,1,No,No,3,Yes,Yes,Fiber optic,No,No,No,No,No,No,Two year,Yes,Electronic check,81.85,285.71,1
2487-RUJML,Female,0,Yes,No,10,No,No phone service,No,No internet service,No internet service,No internet service,No internet service,No internet service,No internet service,Month-to-month,No,Credit card (automatic),18.25,192.06,1
7505-BZONY,Male,0,No,No,60,Yes,Yes,Fiber optic,No,Yes,No,No,Yes,Yes,Two year,No,Credit card (automatic),105.34,6314.98,0
2128-JVHYO,Female,1,No,No,31,Yes,No,Fiber optic,No,Yes,No,Yes,Yes,No,Month-to-month,Yes,Electronic check,106.94,3310.58,1
8461-MHUUV,Female,1,Yes,No,3,Yes,No,Fiber optic,No,No,Yes,No,Yes,No,One year,No,Electronic check,89.55,253.14,1
3208-NAMHR,Female,1,Yes,Yes,65,Yes,Yes,No,No internet service,No internet service,No internet service,No internet service,No internet service,No internet service,Month-to-month,Yes,Bank transfer (automatic),18.25,1180.51,0
3847-VIMCR,Male,0,Yes,Yes,8,Yes,No,DSL,No,No,No,Yes,Yes,Yes,Month-to-month,Yes,Credit card (automatic),94.84,769.91,1
8808-JEYFH,Male,0,No,No,5,Yes,Yes,Fiber optic,Yes,No,No,No,No,No,Month-to-month,Yes,Bank transfer (automatic),91.66,471.0,1
6787-XGURN,Female,0,Yes,Yes,43,Yes,Yes,No,No internet service,No internet service,No internet service,No internet service,No internet service,No internet service,One year,Yes,Electronic check,24.04,1022.77,1
7840-OJZUL,Female,0,No,Yes,16,Yes,Yes,Fiber optic,No,No,Yes,No,Yes,Yes,Two year,Yes,Mailed check,104.65,1666.43,1
6006-GGKMO,Male,0,Yes,No,39,Yes,No,DSL,No,No,No,No,No,Yes,Month-to-month,Yes,Bank transfer (automatic),63.66,2520.8,0
9634-RGFWK,Female,0,Yes,No,15,Yes,Yes,No,No internet service,No internet service,No internet service,No internet service,No internet service,No internet service,Two year,No,Credit card (automatic),18.25,241.93,0
3144-HTAHH,Female,0,Yes,No,1,Yes,Yes,No,No internet service,No internet service,No internet service,No internet service,No internet service,No internet service,Two year,Yes,Bank transfer (automatic),26.0,44.75,0
6950-SCECO,Female,0,Yes,No,7,Yes,No,Fiber optic,No,No,Yes,Yes,No,Yes,One year,Yes,Electronic check,105.06,746.35,1
2632-NUOXQ,Female,0,Yes,No,3,Yes,Yes,Fiber optic,No,No,No,No,No,Yes,Two year,No,Electronic check,94.84,287.29,1
4037-RBLPD,Male,0,Yes,No,57,Yes,No,Fiber optic,No,Yes,Yes,No,No,No,One year,Yes,Credit card (automatic),79.16,4510.23,1
6531-YBNKM,Male,0,No,No,26,Yes,No,DSL,No,No,No,No,No,Yes,Two year,Yes,Mailed check,61.48,1594.25,0
1156-YGJXA,Male,0,Yes,Yes,5,Yes,Yes,Fiber optic,No,No,No,No,Yes,No,Two year,Yes,Electronic check,103.51,522.33,1
4481-UYDRF,Male,0,No,No,27,Yes,Yes,Fiber optic,No,No,Yes,No,No,No,Month-to-month,No,Credit card (automatic),75.93,2047.64,1
3754-BCNHP,Male,1,No,No,5,Yes,No,DSL,No,Yes,No,No,No,Yes,Two year,No,Credit card (automatic),74.92,352.23,1
4209-SRFNC,Female,0,Yes,Yes,51,Yes,No,DSL,No,Yes,Yes,Yes,No,No,Two year,No,Mailed check,55.58,2827.38,0
6303-PALNS,Male,0,No,No,68,Yes,No,DSL,No,No,Yes,No,No,No,Month-to-month,No,Credit card (automatic),41.04,2792.9,1
5441-VSIGN,Female,1,Yes,No,66,Yes,No,Fiber optic,No,Yes,No,Yes,Yes,Yes,Month-to-month,No,Electronic check,117.99,7773.4,1
8690-ERIUG,Male,0,No,Yes,3,Yes,No,DSL,No,No,No,Yes,No,No,Two year,Yes,Credit card (automatic),68.08,210.17,0
7274-IDYQL,Female,0,Yes,Yes,40,No,No phone service,DSL,No,No,No,No,Yes,No,Month-to-month,No,Credit card (automatic),58.02,2319.33,1
8982-FRHUO,Male,0,Yes,No,68,Yes,No,DSL,No,No,No,No,Yes,No,Two year,Yes,Electronic check,74.82,5084.73,0
6071-CBXWI,Male,0,No,Yes,61,No,No phone service,No,No internet service,No internet service,No internet service,No internet service,No internet service,No internet service,One year,No,Credit card (automatic),22.13,1371.22,0
8835-HDBNB,Female,0,Yes,No,64,Yes,No,DSL,No,No,No,No,No,No,Month-to-month,Yes,Bank transfer (automatic),50.31,3241.54,0
5415-BVGLF,Female,0,No,No,6,Yes,Yes,Fiber optic,Yes,No,No,No,No,No,Month-to-month,No,Credit card (automatic),88.65,532.85,1
8265-RDSMT,Female,0,No,No,67,Yes,No,Fiber optic,No,No,Yes,No,No,No,Two year,Yes,Electronic check,79.16,5306.43,1
3726-UWYBH,Male,0,Yes,Yes,8,No,No phone service,Fiber optic,Yes,Yes,Yes,No,No,No,Month-to-month,Yes,Credit card (automatic),88.1,729.46,1
9071-SIZDP,Male,0,No,No,58,Yes,No,Fiber optic,Yes,Yes,No,No,Yes,Yes,Month-to-month,No,Credit card (automatic),112.38,6527.78,0
3820-SJFPJ,Female,0,Yes,Yes,9,Yes,No,Fiber optic,No,No,Yes,No,Yes,No,Month-to-month,Yes,Mailed check,94.95,856.85,1
1847-MIGDS,Male,0,Yes,Yes,14,Yes,No,DSL,No,No,Yes,Yes,No,No,Month-to-month,Yes,Bank transfer (automatic),49.24,698.79,1
9958-ZDSSL,Female,0,No,No,63,Yes,No,Fiber optic,Yes,No,No,No,No,Yes,Month-to-month,Yes,Mailed check,96.72,6105.44,1
9747-MYDYJ,Male,0,Yes,Yes,3,Yes,No,Fiber optic,No,No,Yes,No,No,Yes,Month-to-month,Yes,Electronic check,96.85,291.38,1
1756-UGEQR,Female,0,No,No,67,Yes,No,DSL,No,No,No,No,No,No,Two year,Yes,Electronic check,39.93,2651.44,0
9844-KOUVG,Female,0,No,Yes,20,Yes,Yes,No,No internet service,No internet service,No internet service,No internet service,No internet service,No internet service,One year,No,Credit card (automatic),26.18,504.33,0
6228-RZYFR,Male,1,No,No,20,Yes,Yes,Fiber optic,No,Yes,No,No,No,No,Month-to-month,Yes,Electronic check,84.06,1671.97,1
4962-PBSAY,Female,0,No,No,47,Yes,No,DSL,No,No,Yes,Yes,Yes,Yes,Two year,Yes,Mailed check,86.1,4048.52,1
9911-ZKTEP,Male,1,Yes,No,27,Yes,No,Fiber optic,No,No,No,Yes,No,No,One year,No,Mailed check,88.86,2407.17,0
3061-WASNC,Male,0,No,No,69,Yes,No,No,No internet service,No internet service,No internet service,No internet service,No internet service,No internet service,Month-to-month,No,Electronic check,25.56,1752.91,1
1549-BXEQR,Male,0,No,No,48,Yes,No,DSL,Yes,No,No,No,Yes,Yes,One year,No,Credit card (automatic),84.81,4060.16,1
3907-AOVIW,Female,0,Yes,No,1,Yes,Yes,No,No internet service,No internet service,No internet service,No internet service,No internet service,No internet service,Month-to-month,No,Bank transfer (automatic),24.01,39.0,1
8615-EMSXJ,Female,0,Yes,No,59,Yes,Yes,Fiber optic,No,No,Yes,Yes,No,No,One year,No,Electronic check,87.1,5146.02,1
8977-TYUNV,Female,0,Yes,No,11,Yes,No,Fiber optic,Yes,No,No,No,Yes,Yes,Month-to-month,No,Credit card (automatic),118.75,1294.55,1
5054-UZLKW,Male,0,Yes,Yes,18,Yes,No,No,No internet service,No internet service,No internet service,No internet service,No internet service,No internet service,One year,No,Credit card (automatic),18.25,331.05,0
4689-GQRGX,Male,0,No,No,41,Yes,No,DSL,No,No,No,Yes,Yes,No,Two year,Yes,Bank transfer (automatic),65.32,2684.42,0
2259-TFKLZ,Female,0,No,No,65,No,No phone service,DSL,No,No,No,Yes,No,No,Month-to-month,Yes,Bank transfer (automatic),61.63,4024.82,1
7329-PSWSK,Male,0,Yes,Yes,3,Yes,Yes,DSL,No,Yes,No,No,Yes,No,Month-to-month,Yes,Electronic check,69.76,200.44,1
7987-PWLHC,Male,1,No,Yes,11,Yes,Yes,Fiber optic,No,No,No,Yes,Yes,No,One year,No,Mailed check,102.65,1127.81,1
7366-BFPTX,Male,0,Yes,No,67,No,No phone service,DSL,No,Yes,No,Yes,No,No,Month-to-month,Yes,Electronic check,61.73,4116.77,1
2024-ONBTR,Female,0,Yes,No,30,Yes,No,DSL,No,Yes,Yes,Yes,No,Yes,Two year,Yes,Bank transfer (automatic),75.48,2276.89,0
1752-NRBAT,Female,0,No,No,10,Yes,No,Fiber optic,No,No,No,Yes,No,No,One year,No,Credit card (automatic),88.59,855.39,1
8735-BIIPK,Female,0,Yes,No,12,Yes,Yes,DSL,No,No,No,Yes,No,Yes,Month-to-month,Yes,Electronic check,68.9,820.08,1
4395-WFLCL,Male,0,Yes,No,69,Yes,No,DSL,No,No,No,No,Yes,No,One year,No,Electronic check,61.5,4240.78,0
2951-WAITV,Male,0,Yes,No,10,Yes,No,DSL,No,No,No,Yes,Yes,No,Two year,No,Credit card (automatic),64.71,649.73,0
7437-FKCDJ,Female,0,No,No,66,No,No phone service,No,No internet service,No internet service,No internet service,No internet service,No internet service,No internet service,Two year,Yes,Mailed check,24.12,1583.56,0
1351-SFAHH,Female,1,Yes,No,66,Yes,No,No,No internet service,No internet service,No internet service,No internet service,No internet service,No internet service,Two year,Yes,Credit card (automatic),19.17,1264.49,0
2511-YFQSA,Female,0,No,Yes,5,Yes,Yes,Fiber optic,No,No,No,No,No,No,Month-to-month,No,Mailed check,86.9,425.92,1
6849-OMUCB,Male,0,No,Yes,62,Yes,No,DSL,No,No,No,No,No,No,Month-to-month,No,Electronic check,51.45,3198.65,0
4150-CIPXM,Female,1,No,No,26,Yes,No,Fiber optic,No,No,Yes,No,Yes,Yes,Two year,Yes,Mailed check,102.08,2638.83,0
5584-SRULL,Female,0,Yes,No,6,Yes,Yes,DSL,No,Yes,No,No,No,No,One year,No,Electronic check,49.37,262.82,1
1701-ATHQU,Female,0,No,No,70,No,No phone service,No,No internet service,No internet service,No internet service,No internet service,No internet service,No internet service,Two year,Yes,Mailed check,21.33,1479.56,0
8131-TVGIQ,Male,0,No,Yes,2,Yes,Yes,Fiber optic,No,No,No,Yes,No,Yes,Month-to-month,No,Credit card (automatic),98.44,228.42,1
3499-JDVZG,Female,0,No,No,13,Yes,No,DSL,No,Yes,Yes,Yes,No,No,One year,No,Mailed check,61.13,789.5,1
1561-GHZXX,Male,0,Yes,No,64,Yes,No,Fiber optic,No,No,No,No,Yes,Yes,Month-to-month,Yes,Bank transfer (automatic),102.97,6599.0,1
3318-HPLOH,Female,0,Yes,Yes,12,Yes,No,Fiber optic,No,No,No,No,No,No,One year,No,Bank transfer (automatic),79.68,939.11,1
3456-VICVU,Male,1,Yes,No,64,Yes,No,No,No internet service,No internet service,No internet service,No internet service,No internet service,No internet service,One year,Yes,Electronic check,19.18,1228.57,0
9651-POXDT,Female,0,Yes,No,4,Yes,No,No,No internet service,No internet service,No internet service,No internet service,No internet service,No internet service,One year,Yes,Electronic check,22.83,106.81,1
4383-PJKZE,Female,0,Yes,Yes,22,Yes,Yes,DSL,No,Yes,No,Yes,Yes,No,Month-to-month,No,Electronic check,68.02,1506.58,1
3586-KMOFP,Male,0,No,No,26,Yes,No,No,No internet service,No internet service,No internet service,No internet service,No internet service,No internet service,Two year,No,Bank transfer (automatic),19.13,496.61,0
3641-OKTBB,Female,0,No,No,2,Yes,Yes,DSL,No,No,No,No,No,No,Month-to-month,No,Electronic check,43.74,64.53,1
2047-LPSBQ,Female,0,Yes,No,3,Yes,Yes,DSL,Yes,Yes,No,No,No,Yes,Two year,No,Bank transfer (automatic),70.27,219.79,1
9342-NXPEJ,Female,1,No,No,61,No,No phone service,DSL,No,No,Yes,No,No,No,Month-to-month,Yes,Electronic check,48.78,2978.33,1
1414-QMPIX,Female,0,Yes,No,52,Yes,No,DSL,No,No,Yes,No,No,No,Month-to-month,Yes,Electronic check,37.14,1935.75,1
4524-DXZPW,Male,0,No,No,20,Yes,Yes,DSL,Yes,No,No,Yes,No,No,Month-to-month,No,Electronic check,75.54,1500.37,1
3698-KGQVM,Male,0,Yes,No,10,Yes,Yes,DSL,No,Yes,No,No,Yes,Yes,One year,Yes,Mailed check,76.73,769.16,1
5335-DNJJJ,Male,0,Yes,Yes,38,Yes,Yes,No,No internet service,No internet service,No internet service,No internet service,No internet service,No internet service,Month-to-month,No,Credit card (automatic),18.25,688.67,0
6144-LBZWI,Male,0,Yes,No,4,Yes,Yes,DSL,No,Yes,No,No,Yes,No,Two year,Yes,Electronic check,65.81,246.83,0
7586-EHUNG,Male,0,No,No,5,Yes,Yes,Fiber optic,No,No,No,No,No,No,Month-to-month,Yes,Credit card (automatic),86.06,452.16,1
5094-GICNQ,Male,0,Yes,No,21,Yes,No,Fiber optic,No,No,No,No,No,Yes,Month-to-month,Yes,Credit card (automatic),89.18,1877.48,1
4728-RLVNZ,Male,0,No,No,63,Yes,No,No,No internet service,No internet service,No internet service,No internet service,No internet service,No internet service,Month-to-month,Yes,Electronic check,22.98,1422.41,1
4055-ZMNIS,Male,0,No,No,42,Yes,No,Fiber optic,No,No,No,No,No,No,Month-to-month,No,Credit card (automatic),81.64,3386.24,1
8537-ZBKQB,Female,0,No,No,68,Yes,Yes,DSL,No,No,No,No,No,No,One year,Yes,Credit card (automatic),52.49,3549.78,0
6547-SGRME,Female,0,Yes,No,6,Yes,Yes,No,No internet service,No internet service,No internet service,No internet service,No internet service,No internet service,Two year,Yes,Bank transfer (automatic),25.41,143.56,0
2583-RWZXX,Male,0,No,Yes,44,Yes,Yes,Fiber optic,No,Yes,No,No,No,Yes,Two year,Yes,Credit card (automatic),89.03,3919.15,1
2412-POHZO,Male,0,Yes,No,14,Yes,Yes,DSL,No,Yes,Yes,No,No,Yes,Month-to-month,Yes,Electronic check,58.47,806.53,1
8376-YAQON,Male,0,Yes,No,32,Yes,Yes,DSL,No,No,No,Yes,No,No,Two year,No,Electronic check,65.82,2113.34,1
8581-NJBFQ,Female,0,No,Yes,62,Yes,No,DSL,No,Yes,Yes,Yes,No,Yes,Two year,No,Electronic check,77.39,4802.1,0
2722-EEOOT,Male,0,No,Yes,2,Yes,Yes,Fiber optic,No,No,No,No,Yes,No,Month-to-month,Yes,Bank transfer (automatic),88.48,180.18,1
8045-KEAKK,Male,0,Yes,Yes,7,Yes,Yes,Fiber optic,No,No,Yes,No,No,No,Two year,Yes,Bank transfer (automatic),79.72,551.17,1
8991-FWHBO,Male,0,No,Yes,62,Yes,No,Fiber optic,Yes,Yes,Yes,No,No,Yes,Month-to-month,Yes,Credit card (automatic),106.96,6637.63,0
2507-WVIOH,Male,0,Yes,No,6,Yes,No,No,No internet service,No internet service,No internet service,No internet service,No internet service,No internet service,Month-to-month,No,Electronic check,21.36,121.87,1
7605-PNOTM,Female,0,No,No,68,No,No phone service,Fiber optic,No,Yes,Yes,No,No,No,Two year,Yes,Mailed check,84.64,5749.65,1
9202-IAFHT,Male,0,Yes,Yes,4,Yes,No,Fiber optic,No,No,No,No,No,No,Two year,Yes,Electronic check,82.42,345.38,1
2321-RRZQU,Female,0,Yes,No,10,Yes,No,DSL,No,No,No,No,No,Yes,Month-to-month,Yes,Credit card (automatic),62.43,636.96,1
1842-PMVDD,Female,1,Yes,Yes,44,Yes,Yes,DSL,No,No,Yes,No,Yes,Yes,One year,Yes,Mailed check,77.64,3397.73,0
2146-UNEPN,Female,0,No,No,62,Yes,Yes,DSL,No,Yes,No,No,No,No,Month-to-month,No,Mailed check,52.97,3273.63,1
5162-NNYXY,Male,0,No,No,9,No,No phone service,No,No internet service,No internet service,No internet service,No internet service,No internet service,No internet service,Two year,Yes,Mailed check,21.74,207.6,0
8962-NSCQN,Female,0,No,Yes,30,Yes,Yes,Fiber optic,No,No,Yes,Yes,No,Yes,Two year,No,Mailed check,105.17,3154.9,0
1463-JMVDK,Male,0,No,No,69,Yes,No,Fiber optic,Yes,Yes,No,Yes,No,Yes,Month-to-month,Yes,Electronic check,111.01,7681.44,1
9277-OOXBK,Male,0,No,Yes,2,No,No phone service,DSL,No,No,No,No,Yes,No,One year,Yes,Bank transfer (automatic),70.76,147.54,0
3897-BWEMA,Male,0,Yes,No,9,Yes,No,DSL,No,No,Yes,Yes,No,No,Two year,No,Mailed check,49.65,427.67,0
5148-GGJFT,Male,1,Yes,Yes,10,Yes,Yes,Fiber optic,No,Yes,No,No,Yes,No,Two year,Yes,Bank transfer (automatic),90.27,916.47,1
9507-LMXKR,Male,0,No,Yes,10,Yes,No,Fiber optic,Yes,Yes,No,No,Yes,No,Two year,No,Bank transfer (automatic),102.29,1047.8,1
4053-BPBSF,Male,0,No,No,44,Yes,Yes,DSL,No,No,No,No,No,No,Month-to-month,No,Bank transfer (automatic),52.59,2324.48,1
8931-AKRJR,Male,0,No,No,12,Yes,No,No,No internet service,No internet service,No internet service,No internet service,No internet service,No internet service,Two year,No,Electronic check,18.25,219.52,1
5078-ASPZG,Male,0,Yes,No,62,Yes,No,Fiber optic,No,Yes,No,Yes,No,No,Month-to-month,No,Credit card (automatic),92.67,5743.09,0
1378-OAWUI,Female,0,No,No,55,Yes,No,DSL,Yes,No,Yes,No,No,No,Month-to-month,No,Bank transfer (automatic),56.89,3134.41,1
8861-BQYXJ,Male,0,No,Yes,12,Yes,No,Fiber optic,Yes,No,Yes,No,No,No,One year,No,Bank transfer (automatic),87.65,1047.38,1
2335-FEHHE,Female,0,Yes,Yes,10,Yes,Yes,DSL,No,Yes,No,Yes,Yes,No,Two year,Yes,Electronic check,70.23,716.58,1
2223-LGMMQ,Male,0,No,No,54,Yes,No,Fiber optic,No,No,No,No,Yes,Yes,Two year,Yes,Electronic check,110.38,5976.71,0
7407-DRJCL,Female,1,Yes,No,9,Yes,Yes,Fiber optic,No,No,No,Yes,No,No,Two year,Yes,Credit card (automatic),76.62,686.48,1
3996-AKRMQ,Female,0,No,No,2,Yes,Yes,Fiber optic,No,No,Yes,No,No,No,Month-to-month,No,Mailed check,83.38,163.96,1
6246-HTSQB,Male,0,Yes,No,43,Yes,No,Fiber optic,No,Yes,No,No,Yes,No,Month-to-month,Yes,Credit card (automatic),94.21,4049.59,1
8058-CCFJX,Female,0,Yes,Yes,62,Yes,Yes,No,No internet service,No internet service,No internet service,No internet service,No internet service,No internet service,Two year,Yes,Credit card (automatic),18.25,1142.34,0
2811-VRRNP,Male,0,Yes,No,54,Yes,No,Fiber optic,No,No,No,No,No,Yes,One year,Yes,Electronic check,87.35,4710.66,1
4091-GAQWY,Female,0,No,No,62,Yes,No,Fiber optic,No,Yes,Yes,No,No,No,Month-to-month,No,Bank transfer (automatic),80.94,5000.45,1
5267-EAUQJ,Male,0,Yes,Yes,66,Yes,Yes,No,No internet service,No internet service,No internet service,No internet service,No internet service,No internet service,Month-to-month,No,Mailed check,20.51,1352.9,0
4328-LYTYB,Female,1,No,No,61,Yes,No,No,No internet service,No internet service,No internet service,No internet service,No internet service,No internet service,Two year,Yes,Mailed check,18.25,1111.22,0
2894-WPOMR,Female,0,No,Yes,31,Yes,No,Fiber optic,No,Yes,No,No,No,Yes,Month-to-month,Yes,Bank transfer (automatic),90.49,2792.06,1
8818-TVNRB,Male,0,No,Yes,71,Yes,No,Fiber optic,No,No,No,No,Yes,No,Two year,Yes,Bank transfer (automatic),89.71,6369.79,1
5881-BCEYP,Female,1,Yes,No,25,Yes,Yes,No,No internet service,No internet service,No internet service,No internet service,No internet service,No internet service,One year,No,Mailed check,26.29,645.05,0
3858-VOLIZ,Male,0,Yes,No,3,Yes,Yes,Fiber optic,Yes,No,Yes,No,No,Yes,Month-to-month,Yes,Bank transfer (automatic),98.73,291.64,1
5076-NUPKF,Male,0,Yes,No,10,Yes,No,Fiber optic,Yes,Yes,No,No,Yes,Yes,One year,Yes,Credit card (automatic),118.75,1175.67,1
7057-JHPCB,Female,0,No,No,20,Yes,Yes,DSL,No,No,Yes,No,No,Yes,Month-to-month,Yes,Mailed check,54.8,1102.15,1
8401-PSIPV,Female,0,No,No,71,Yes,No,No,No internet service,No internet service,No internet service,No internet service,No internet service,No internet service,Month-to-month,Yes,Mailed check,20.76,1473.7,1
2189-ZDJSM,Female,1,No,Yes,4,Yes,No,Fiber optic,No,Yes,No,No,Yes,No,One year,Yes,Bank transfer (automatic),92.01,348.98,1
7564-RODID,Male,0,No,No,64,Yes,Yes,No,No internet service,No internet service,No internet service,No internet service,No internet service,No internet service,Month-to-month,Yes,Electronic check,21.31,1381.76,1
1898-PUOXB,Male,0,Yes,Yes,53,Yes,No,Fiber optic,Yes,No,No,Yes,No,Yes,Month-to-month,No,Electronic check,116.7,6196.42,1
9568-NCVWD,Male,0,Yes,No,9,Yes,No,No,No internet service,No internet service,No internet service,No internet service,No internet service,No internet service,One year,No,Electronic check,29.89,261.24,0
5247-AWIQN,Male,0,Yes,No,31,Yes,Yes,DSL,No,Yes,No,No,Yes,No,Month-to-month,Yes,Bank transfer (automatic),60.54,1862.71,1
3882-QAJWP,Female,0,No,No,70,Yes,Yes,No,No internet service,No internet service,No internet service,No internet service,No internet service,No internet service,Month-to-month,No,Mailed check,28.86,2021.36,0
7473-YSXYC,Male,0,No,No,7,Yes,Yes,No,No internet service,No internet service,No internet service,No internet service,No internet service,No internet service,Month-to-month,No,Electronic check,22.89,159.54,1
3609-LCOQR,Male,0,No,Yes,11,Yes,No,No,No internet service,No internet service,No internet service,No internet service,No internet service,No internet service,Month-to-month,Yes,Bank transfer (automatic),18.25,192.31,1
8937-GSGEZ,Female,1,No,No,7,Yes,No,Fiber optic,No,Yes,Yes,No,No,No,Month-to-month,Yes,Credit card (automatic),77.45,524.25,1
6412-HUPPS,Female,0,Yes,No,58,Yes,No,No,No internet service,No internet service,No internet service,No internet service,No internet service,No internet service,Month-to-month,Yes,Credit card (automatic),18.25,1063.32,0
8944-YOGEW,Female,0,No,No,11,Yes,No,DSL,Yes,Yes,Yes,No,No,Yes,Month-to-month,Yes,Mailed check,74.02,825.28,1
6454-KJYUW,Male,1,Yes,Yes,2,Yes,No,DSL,No,No,No,No,Yes,No,One year,Yes,Credit card (automatic),66.41,121.06,1
6584-IATAH,Female,0,No,No,40,Yes,No,No,No internet service,No internet service,No internet service,No internet service,No internet service,No internet service,One year,Yes,Mailed check,28.84,1164.5,1
2030-CBDSK,Female,0,No,No,42,Yes,Yes,Fiber optic,No,No,No,No,No,Yes,Month-to-month,Yes,Bank transfer (automatic),93.15,3919.41,1
4418-EXJXW,Male,0,Yes,Yes,66,Yes,No,DSL,No,No,Yes,No,No,Yes,Month-to-month,No,Bank transfer (automatic),54.97,3623.72,0
4464-HMEZZ,Male,0,No,No,50,Yes,No,Fiber optic,Yes,No,No,No,Yes,Yes,Month-to-month,No,Bank transfer (automatic),118.57,5914.49,1
5952-LMVHO,Male,0,No,Yes,9,Yes,Yes,Fiber optic,No,Yes,Yes,No,Yes,No,Month-to-month,No,Credit card (automatic),90.37,799.99,1
4592-MAVFK,Male,1,No,No,62,No,No phone service,Fiber optic,No,Yes,No,Yes,Yes,Yes,Month-to-month,No,Mailed check,118.75,7390.38,1
2755-MUTAK,Female,0,Yes,Yes,43,Yes,No,DSL,No,Yes,No,Yes,No,No,Month-to-month,No,Mailed check,56.64,2465.2,1
5814-ZKHVC,Male,0,No,No,55,Yes,No,Fiber optic,Yes,No,Yes,Yes,No,Yes,Month-to-month,No,Mailed check,109.53,6023.85,1
1231-SLFWH,Female,0,No,No,46,Yes,No,No,No internet service,No internet service,No internet service,No internet service,No internet service,No internet service,Month-to-month,No,Credit card (automatic),18.85,877.72,1
9435-EJVPL,Female,0,No,No,27,Yes,No,No,No internet service,No internet service,No internet service,No internet service,No internet service,No internet service,Month-to-month,No,Bank transfer (automatic),18.25,517.09,1
8447-QFIJT,Male,0,Yes,No,31,Yes,No,Fiber optic,No,Yes,No,No,No,No,Month-to-month,Yes,Electronic check,79.14,2438.28,1
5398-NNZQY,Male,0,Yes,No,62,Yes,No,Fiber optic,No,Yes,No,No,Yes,No,Month-to-month,Yes,Electronic check,88.1,5449.17,1
8207-PDBPA,Male,0,No,No,70,Yes,Yes,Fiber optic,Yes,No,Yes,Yes,No,No,Two year,Yes,Bank transfer (automatic),96.19,6751.56,0
9052-CWKPZ,Male,0,Yes,No,29,Yes,No,Fiber optic,No,Yes,No,No,Yes,Yes,Two year,No,Electronic check,98.35,2840.98,1
9171-ROILR,Female,0,No,No,10,Yes,No,DSL,No,Yes,Yes,No,Yes,Yes,Two year,Yes,Mailed check,76.27,785.72,1
3317-EXZHC,Male,0,No,No,5,Yes,No,Fiber optic,Yes,Yes,Yes,No,No,Yes,One year,No,Electronic check,99.6,504.23,1
8644-BYSHB,Male,0,No,Yes,1,Yes,Yes,Fiber optic,No,No,Yes,No,No,No,Month-to-month,No,Credit card (automatic),86.43,99.98,1
2515-SAVMW,Female,0,Yes,No,5,Yes,Yes,DSL,Yes,Yes,No,No,Yes,Yes,Month-to-month,Yes,Electronic check,86.23,459.75,1
1216-TQCIE,Female,0,Yes,No,72,Yes,Yes,Fiber optic,No,No,Yes,Yes,Yes,Yes,Month-to-month,Yes,Credit card (automatic),115.56,8333.6,1
9091-FDQUU,Female,1,Yes,No,15,Yes,No,No,No internet service,No internet service,No internet service,No internet service,No internet service,No internet service,Month-to-month,No,Electronic check,18.25,242.6,1
3263-UPPVK,Male,0,Yes,No,68,Yes,Yes,DSL,Yes,No,Yes,No,Yes,Yes,Month-to-month,Yes,Bank transfer (automatic),84.43,5764.22,0
6456-BQORJ,Female,0,No,No,42,Yes,No,DSL,No,No,No,No,No,No,Month-to-month,Yes,Mailed check,51.56,2167.48,1
5368-FUPEL,Female,0,No,Yes,70,Yes,No,Fiber optic,Yes,No,No,No,No,Yes,Two year,Yes,Bank transfer (automatic),98.3,6873.72,0
4254-FNZWP,Female,0,Yes,No,10,Yes,Yes,DSL,Yes,Yes,No,Yes,No,No,Month-to-month,No,Electronic check,72.3,735.31,1
1893-YGBFI,Male,0,Yes,No,7,Yes,No,Fiber optic,No,No,No,Yes,Yes,No,Month-to-month,Yes,Mailed check,115.59,799.21,1
4497-GBSHK,Female,0,Yes,No,62,No,No phone service,DSL,No,No,Yes,No,No,No,Month-to-month,No,Electronic check,49.1,3041.89,0
2850-YDPYR,Male,1,Yes,No,40,Yes,No,Fiber optic,No,No,Yes,No,No,Yes,Month-to-month,Yes,Bank transfer (automatic),99.12,3959.05,1
9932-MEBKA,Female,0,No,Yes,21,Yes,Yes,No,No internet service,No internet service,No internet service,No internet service,No internet service,No internet service,One year,Yes,Electronic check,18.25,395.48,1
4428-MERNM,Female,0,Yes,No,63,Yes,No,Fiber optic,Yes,Yes,No,No,No,Yes,One year,No,Credit card (automatic),92.59,5847.08,0
1324-GHRGT,Female,0,No,Yes,5,Yes,Yes,DSL,No,No,No,No,No,No,Month-to-month,Yes,Mailed check,33.76,181.62,1
2215-QPKSA,Female,0,No,Yes,9,Yes,No,No,No internet service,No internet service,No internet service,No internet service,No internet service,No internet service,One year,Yes,Bank transfer (automatic),20.34,195.78,0
9499-UHAIS,Female,0,No,Yes,44,Yes,No,DSL,No,No,No,No,No,No,Two year,Yes,Electronic check,43.6,1933.4,1
7169-UIUYJ,Female,1,Yes,No,8,Yes,Yes,Fiber optic,Yes,No,No,No,No,Yes,Month-to-month,No,Credit card (automatic),102.83,821.92,1
2129-XWKAT,Male,0,No,No,22,Yes,No,Fiber optic,No,No,No,Yes,No,Yes,Month-to-month,Yes,Electronic check,94.22,2085.58,0
9009-YZHTL,Male,0,No,No,47,Yes,Yes,No,No internet service,No internet service,No internet service,No internet service,No internet service,No internet service,Month-to-month,Yes,Electronic check,20.85,969.76,1
5745-AJDOS,Male,0,Yes,No,32,No,No phone service,Fiber optic,No,Yes,Yes,No,No,No,Month-to-month,Yes,Bank transfer (automatic),83.0,2637.86,1
6375-FEERC,Female,0,Yes,No,64,Yes,No,Fiber optic,Yes,No,No,No,No,No,Two year,Yes,Mailed check,97.67,6241.24,0
1208-VBDRI,Male,0,No,No,12,No,No phone service,Fiber optic,No,Yes,Yes,No,Yes,Yes,Month-to-month,Yes,Electronic check,105.84,1266.08,1
3498-SZJVO,Female,0,Yes,No,7,Yes,Yes,Fiber optic,Yes,No,No,No,No,Yes,Month-to-month,Yes,Mailed check,96.78,675.45,1
1798-AKNJS,Male,1,Yes,No,25,Yes,Yes,No,No internet service,No internet service,No internet service,No internet service,No internet service,No internet service,Two year,No,Electronic check,22.2,553.96,0
9285-XUPHB,Female,0,Yes,No,9,Yes,Yes,DSL,No,No,Yes,No,Yes,Yes,Month-to-month,Yes,Mailed check,73.09,678.84,1
1734-WYGSG,Male,1,Yes,No,7,No,No phone service,No,No internet service,No internet service,No internet service,No internet service,No internet service,No internet service,Month-to-month,No,Credit card (automatic),18.25,152.15,1
9429-OHNAM,Female,0,Yes,No,64,Yes,No,Fiber optic,No,No,Yes,No,Yes,No,One year,Yes,Electronic check,92.98,5952.58,1
7041-CUFSO,Female,1,No,No,63,Yes,No,Fiber optic,No,No,Yes,No,Yes,Yes,Two year,No,Bank transfer (automatic),104.57,6585.82,0
2174-DUCDE,Male,1,No,Yes,65,Yes,No,DSL,No,No,No,Yes,No,Yes,One year,Yes,Mailed check,69.48,4533.35,0
9882-RZYJH,Female,0,No,No,3,Yes,No,Fiber optic,No,No,Yes,No,No,No,Month-to-month,Yes,Bank transfer (automatic),72.58,190.45,1
8173-LVZCR,Male,0,Yes,Yes,11,Yes,Yes,No,No internet service,No internet service,No internet service,No internet service,No internet service,No internet service,Two year,Yes,Mailed check,25.12,248.9,1
2831-WHZAN,Male,1,Yes,No,46,Yes,No,Fiber optic,No,No,Yes,No,Yes,Yes,One year,Yes,Bank transfer (automatic),117.42,5409.03,1
7423-VWMYL,Male,0,Yes,No,6,Yes,Yes,Fiber optic,No,No,No,No,Yes,Yes,Two year,Yes,Mailed check,112.08,685.06,0
6925-CRUMO,Male,0,No,No,25,Yes,Yes,Fiber optic,Yes,No,No,No,Yes,No,Month-to-month,No,Bank transfer (automatic),97.46,2427.5,1
8696-JAFIJ,Female,0,Yes,No,10,Yes,Yes,Fiber optic,No,Yes,No,Yes,No,No,Month-to-month,No,Mailed check,77.32,789.52,1
9456-OIWNK,Male,0,No,No,3,Yes,Yes,Fiber optic,No,No,Yes,No,Yes,No,Month-to-month,Yes,Bank transfer (automatic),94.77,309.89,1
1198-GXZBN,Female,0,Yes,No,19,Yes,Yes,No,No internet service,No internet service,No internet service,No internet service,No internet service,No internet service,Month-to-month,Yes,Mailed check,18.25,355.85,1
8969-FEESS,Female,0,No,No,70,Yes,Yes,DSL,No,No,No,No,No,No,Month-to-month,No,Electronic check,57.72,4029.6,1
7786-FZJWN,Female,0,No,No,40,Yes,Yes,DSL,Yes,No,Yes,No,Yes,No,Month-to-month,Yes,Bank transfer (automatic),76.91,3079.46,1
2097-QCAJC,Male,0,Yes,Yes,10,No,No phone service,No,No internet service,No internet service,No internet service,No internet service,No internet service,No internet service,Two year,Yes,Mailed check,18.25,183.11,1
1548-EYSJZ,Female,0,No,No,26,Yes,No,No,No internet service,No internet service,No internet service,No internet service,No internet service,No internet service,Two year,Yes,Mailed check,24.81,644.82,0
5379-YPAFI,Female,1,Yes,No,17,Yes,Yes,Fiber optic,No,No,No,No,No,Yes,Month-to-month,No,Credit card (automatic),87.74,1474.47,1
5322-ENJBE,Male,0,No,No,3,Yes,No,DSL,No,No,Yes,Yes,No,Yes,Month-to-month,Yes,Electronic check,71.66,216.08,0
5779-AYJZY,Female,0,No,Yes,31,Yes,Yes,No,No internet service,No internet service,No internet service,No internet service,No internet service,No internet service,Month-to-month,Yes,Bank transfer (automatic),20.87,624.87,0
4248-VICOD,Female,0,Yes,No,12,Yes,No,Fiber optic,No,No,No,No,No,Yes,One year,No,Mailed check,88.73,1055.07,1
3314-MFTQW,Female,0,No,Yes,60,Yes,Yes,No,No internet service,No internet service,No internet service,No internet service,No internet service,No internet service,One year,Yes,Electronic check,26.69,1571.4,0
6359-EOHYE,Female,1,Yes,No,11,Yes,No,DSL,No,No,No,No,No,Yes,One year,No,Credit card (automatic),59.76,661.0,0
9178-XMAAG,Female,0,Yes,No,21,Yes,No,DSL,No,No,No,No,Yes,No,Two year,No,Bank transfer (automatic),56.75,1194.97,0
5821-VENOU,Male,0,Yes,No,60,Yes,No,Fiber optic,No,No,No,No,No,Yes,Two year,No,Electronic check,87.03,5230.81,0
3508-YQXRG,Male,0,Yes,No,12,Yes,Yes,No,No internet service,No internet service,No internet service,No internet service,No internet service,No internet service,Two year,Yes,Bank transfer (automatic),22.99,268.98,0
9394-VZRST,Male,1,Yes,No,72,No,No phone service,No,No internet service,No internet service,No internet service,No internet service,No internet service,No internet service,Month-to-month,No,Electronic check,24.46,1753.58,1
7323-GHMRX,Male,0,No,Yes,8,Yes,Yes,DSL,Yes,Yes,No,No,Yes,No,Two year,No,Electronic check,68.11,561.59,0
1616-KIWAV,Male,0,No,Yes,43,Yes,No,DSL,No,No,Yes,Yes,Yes,No,One year,No,Electronic check,78.14,3364.15,1
2118-HULBO,Female,0,No,No,44,Yes,No,DSL,No,No,No,No,No,Yes,Month-to-month,No,Credit card (automatic),63.84,2824.9,0
1937-UXRQO,Male,0,No,No,1,Yes,No,No,No internet service,No internet service,No internet service,No internet service,No internet service,No internet service,One year,No,Mailed check,21.0,21.0,1
1622-TTICT,Female,0,No,No,31,Yes,No,Fiber optic,Yes,No,No,No,No,No,Month-to-month,Yes,Mailed check,91.11,2815.31,1
7720-SRTHA,Female,0,Yes,Yes,31,Yes,Yes,No,No internet service,No internet service,No internet service,No internet service,No internet service,No internet service,Month-to-month,Yes,Bank transfer (automatic),19.77,601.74,1
4090-XXOSZ,Male,0,Yes,No,6,Yes,Yes,Fiber optic,No,Yes,Yes,No,No,No,Month-to-month,No,Electronic check,80.61,467.76,1
4125-JLFMD,Male,0,No,No,72,No,No phone service,DSL,Yes,No,No,Yes,Yes,Yes,One year,No,Credit card (automatic),98.85,7111.35,0
4989-MQAEX,Female,0,Yes,No,1,Yes,No,Fiber optic,No,No,No,No,No,No,Month-to-month,No,Mailed check,80.46,80.46,1
5210-QRGPH,Female,0,Yes,No,63,Yes,No,Fiber optic,No,No,Yes,No,No,No,One year,No,Credit card (automatic),83.86,5285.38,1
5235-LNSKL,Male,0,Yes,Yes,43,Yes,No,Fiber optic,No,Yes,No,No,Yes,No,Two year,Yes,Mailed check,93.98,4032.75,1
8484-MHAIB,Male,0,Yes,No,11,Yes,No,No,No internet service,No internet service,No internet service,No internet service,No internet service,No internet service,One year,No,Credit card (automatic),20.62,248.89,1
7827-NMPBD,Female,0,No,No,11,Yes,Yes,Fiber optic,No,Yes,Yes,No,No,Yes,Two year,No,Credit card (automatic),88.63,957.28,0
4433-LPJCD,Female,1,No,Yes,11,Yes,No,No,No internet service,No internet service,No internet service,No internet service,No internet service,No internet service,Month-to-month,Yes,Mailed check,18.25,247.9,1
3201-FWERC,Male,0,Yes,No,65,Yes,No,DSL,Yes,No,Yes,No,Yes,Yes,Two year,Yes,Electronic check,78.75,5131.67,0
2160-JKSNU,Male,1,No,Yes,26,Yes,No,Fiber optic,Yes,Yes,No,No,No,No,Two year,Yes,Electronic check,92.8,2408.58,0
3870-KUDXV,Male,0,No,No,34,Yes,Yes,Fiber optic,No,Yes,Yes,Yes,No,No,Month-to-month,Yes,Mailed check,86.1,2946.9,1
9720-FQVSM,Female,1,No,Yes,66,Yes,No,DSL,No,No,No,No,Yes,Yes,Month-to-month,No,Electronic check,69.29,4567.38,0
9012-VJKFB,Female,0,Yes,No,8,Yes,Yes,DSL,No,No,No,No,No,No,Month-to-month,Yes,Bank transfer (automatic),52.68,395.42,1
8938-AKPCE,Female,0,Yes,No,54,Yes,No,Fiber optic,No,No,No,No,No,Yes,Month-to-month,No,Credit card (automatic),93.59,5055.34,1
1478-OODWD,Female,0,Yes,No,8,Yes,Yes,DSL,Yes,No,No,No,Yes,Yes,One year,No,Credit card (automatic),76.26,622.43,1
2352-HGZYQ,Male,0,No,No,1,Yes,No,DSL,Yes,No,Yes,No,No,No,Month-to-month,Yes,Credit card (automatic),57.43,77.07,1
6317-OEMDV,Male,0,Yes,No,5,Yes,No,DSL,Yes,No,Yes,No,Yes,No,Two year,Yes,Electronic check,73.32,352.52,0
6676-QVQNN,Female,0,No,No,66,Yes,No,No,No internet service,No internet service,No internet service,No internet service,No internet service,No internet service,One year,No,Credit card (automatic),18.25,1205.17,0
8032-QHBZM,Female,0,Yes,Yes,62,Yes,No,Fiber optic,No,No,No,Yes,No,Yes,Month-to-month,No,Electronic check,100.17,6205.8,1
8664-VPPFV,Male,0,Yes,No,8,No,No phone service,Fiber optic,Yes,Yes,Yes,No,Yes,No,Two year,Yes,Credit card (automatic),102.39,818.96,0
5126-XDCFD,Female,0,No,No,68,Yes,No,DSL,Yes,No,No,No,No,No,One year,No,Electronic check,55.99,3823.52,0
2033-RFZEI,Male,0,Yes,No,52,Yes,No,DSL,No,No,No,No,Yes,No,One year,Yes,Credit card (automatic),62.22,3244.96,1
4479-KFPSK,Male,0,Yes,No,65,Yes,Yes,DSL,No,No,No,Yes,Yes,Yes,Month-to-month,Yes,Mailed check,86.34,5618.72,0
6226-UOZXI,Female,1,No,Yes,63,Yes,No,Fiber optic,No,No,Yes,No,No,No,Month-to-month,Yes,Bank transfer (automatic),78.6,4956.26,1
5058-XSYSX,Female,0,Yes,No,71,Yes,Yes,Fiber optic,Yes,No,No,No,No,No,Month-to-month,Yes,Electronic check,85.25,6054.77,1
5103-ZIWDJ,Male,0,Yes,Yes,4,Yes,No,Fiber optic,No,No,Yes,No,Yes,Yes,Month-to-month,Yes,Electronic check,99.48,391.59,1
4128-ISOSB,Male,0,Yes,No,30,No,No phone service,Fiber optic,No,No,No,Yes,No,No,Two year,No,Bank transfer (automatic),91.87,2773.04,0
3917-JSQTX,Female,0,No,No,51,Yes,No,DSL,No,No,No,No,No,Yes,One year,No,Mailed check,64.01,3259.37,1
5630-UBSQR,Female,0,Yes,Yes,8,Yes,Yes,Fiber optic,No,No,No,No,Yes,Yes,Month-to-month,No,Credit card (automatic),100.81,809.7,1
4265-QBSAK,Female,0,No,No,10,No,No phone service,Fiber optic,Yes,No,No,No,No,Yes,One year,Yes,Bank transfer (automatic),98.04,974.48,0
4458-YJEPX,Male,1,Yes,No,7,Yes,No,Fiber optic,No,No,No,No,No,No,Two year,Yes,Bank transfer (automatic),81.36,560.29,1
2425-EXWLD,Female,0,Yes,No,2,Yes,No,DSL,No,No,No,Yes,No,Yes,Month-to-month,No,Bank transfer (automatic),67.73,114.71,1
3614-WFSIL,Male,0,Yes,No,53,Yes,No,No,No internet service,No internet service,No internet service,No internet service,No internet service,No internet service,Month-to-month,No,Mailed check,26.37,1409.57,0
2871-ZOPMY,Male,0,Yes,No,2,Yes,Yes,DSL,Yes,No,Yes,No,No,Yes,Two year,Yes,Bank transfer (automatic),67.24,132.3,0
4945-UXGYW,Female,0,Yes,No,49,Yes,No,No,No internet service,No internet service,No internet service,No internet service,No internet service,No internet service,Month-to-month,Yes,Credit card (automatic),25.28,1244.57,0
9636-TDKHF,Male,0,No,Yes,9,Yes,No,Fiber optic,No,Yes,No,No,No,No,One year,Yes,Bank transfer (automatic),82.63,755.74,1
6384-YJGGD,Female,0,Yes,Yes,1,Yes,No,Fiber optic,No,No,Yes,No,Yes,Yes,Month-to-month,Yes,Electronic check,101.34,106.87,1
1527-CXGDM,Female,0,Yes,No,7,Yes,No,Fiber optic,No,Yes,No,Yes,No,Yes,Two year,Yes,Mailed check,103.06,706.18,0
9344-TQGQZ,Female,1,No,No,65,Yes,No,No,No internet service,No internet service,No internet service,No internet service,No internet service,No internet service,Month-to-month,Yes,Mailed check,22.19,1434.71,0
5123-ZDKCK,Female,0,Yes,No,1,Yes,Yes,DSL,No,Yes,Yes,No,Yes,No,Two year,Yes,Mailed check,61.38,64.55,1
5682-CLADN,Female,0,Yes,No,29,Yes,Yes,Fiber optic,Yes,No,Yes,No,No,No,Month-to-month,Yes,Electronic check,95.12,2758.82,1
1220-ANMMX,Male,1,Yes,No,10,Yes,No,DSL,No,Yes,No,No,No,Yes,Month-to-month,No,Mailed check,63.94,644.43,0
9255-OQLVW,Female,0,Yes,Yes,26,Yes,Yes,No,No internet service,No internet service,No internet service,No internet service,No internet service,No internet service,Month-to-month,Yes,Credit card (automatic),18.25,459.37,1
4501-ZNLRD,Male,0,Yes,Yes,14,No,No phone service,DSL,No,Yes,No,Yes,Yes,No,Month-to-month,Yes,Electronic check,72.82,1046.25,1
5938-NSMYW,Female,0,Yes,No,9,Yes,No,Fiber optic,Yes,No,Yes,No,Yes,No,Two year,No,Credit card (automatic),103.93,944.13,1
8799-RKFIL,Female,0,Yes,No,8,Yes,No,Fiber optic,No,No,Yes,No,No,Yes,Two year,Yes,Electronic check,97.23,770.59,1
8557-SNOKF,Female,0,Yes,No,65,Yes,No,Fiber optic,No,No,No,No,No,No,Month-to-month,No,Mailed check,91.95,5996.0,0
4457-NCSTY,Female,0,Yes,No,69,No,No phone service,DSL,No,No,No,Yes,No,Yes,Month-to-month,Yes,Bank transfer (automatic),74.01,5100.94,0
5767-KXQQW,Male,1,No,No,64,Yes,No,Fiber optic,Yes,No,No,No,No,No,Month-to-month,Yes,Credit card (automatic),84.51,5415.88,1
7243-CNGYS,Female,0,No,Yes,31,Yes,No,DSL,No,Yes,No,No,Yes,Yes,Month-to-month,No,Bank transfer (automatic),82.03,2563.12,1
3709-CBZQI,Female,0,No,No,4,Yes,Yes,No,No internet service,No internet service,No internet service,No internet service,No internet service,No internet service,One year,Yes,Credit card (automatic),29.66,81.15,0
6664-VFXUI,Female,0,Yes,Yes,12,Yes,No,DSL,No,Yes,No,No,No,Yes,Two year,No,Credit card (automatic),65.09,785.52,1
6880-EBVOI,Male,0,Yes,No,51,Yes,Yes,No,No internet service,No internet service,No internet service,No internet service,No internet service,No internet service,One year,Yes,Electronic check,22.19,1142.96,0
3391-SJDJH,Female,0,No,Yes,62,Yes,No,Fiber optic,No,No,No,No,Yes,Yes,Month-to-month,Yes,Mailed check,105.78,6573.29,1
3952-VMGGD,Male,0,No,Yes,52,Yes,No,DSL,Yes,No,No,No,Yes,Yes,Two year,No,Electronic check,86.48,4501.82,0
6193-OLPFI,Female,0,No,No,13,Yes,Yes,DSL,No,Yes,No,Yes,No,Yes,Two year,Yes,Electronic check,72.87,950.49,0
2983-CHGDZ,Female,0,Yes,No,9,Yes,Yes,Fiber optic,No,No,Yes,No,Yes,No,One year,Yes,Electronic check,85.26,770.49,1
9869-MSGJY,Female,0,Yes,No,62,Yes,Yes,Fiber optic,Yes,No,Yes,No,No,Yes,Month-to-month,Yes,Bank transfer (automatic),104.4,6482.26,1
2554-LZCZY,Female,0,No,No,67,Yes,No,Fiber optic,No,No,No,No,No,No,Month-to-month,No,Bank transfer (automatic),77.75,5214.15,1
9900-XLSOH,Female,0,No,No,70,Yes,No,DSL,Yes,No,No,No,Yes,No,One year,Yes,Bank transfer (automatic),73.74,5168.03,0
4045-LTFJB,Female,0,Yes,Yes,36,Yes,No,DSL,No,Yes,No,No,No,Yes,Two year,Yes,Electronic check,59.52,2106.04,0
9874-XMYGH,Female,0,No,No,12,Yes,No,Fiber optic,No,Yes,Yes,No,No,No,Two year,Yes,Electronic check,81.13,969.62,1
6216-WPKZD,Male,0,Yes,Yes,30,Yes,Yes,Fiber optic,No,No,No,No,No,No,Two year,No,Bank transfer (automatic),77.2,2318.12,1
8023-QPSWK,Female,0,No,Yes,30,Yes,No,Fiber optic,No,No,No,No,No,No,Month-to-month,Yes,Credit card (automatic),75.66,2292.96,1
2677-GMSQZ,Female,0,Yes,No,7,Yes,No,Fiber optic,Yes,No,No,No,No,Yes,Month-to-month,Yes,Credit card (automatic),94.42,657.44,1
3922-YVMLG,Male,0,No,No,8,Yes,No,DSL,No,No,Yes,Yes,Yes,Yes,One year,No,Mailed check,82.6,642.1,1
4031-AATWN,Female,0,No,No,13,Yes,Yes,Fiber optic,Yes,No,No,No,Yes,No,One year,Yes,Electronic check,95.07,1242.07,1
1901-OKXZI,Female,0,Yes,No,62,Yes,Yes,DSL,No,No,No,No,No,No,Two year,Yes,Mailed check,61.29,3782.2,0
3296-QDTSG,Male,0,Yes,No,3,Yes,Yes,No,No internet service,No internet service,No internet service,No internet service,No internet service,No internet service,Two year,Yes,Electronic check,18.25,32.08,0
9134-AIMXB,Female,0,Yes,No,10,Yes,No,Fiber optic,No,Yes,No,Yes,No,Yes,Two year,No,Electronic check,98.91,984.04,1
1296-BXOQM,Female,0,Yes,No,42,Yes,Yes,DSL,Yes,Yes,No,No,No,Yes,Month-to-month,Yes,Electronic check,72.41,3052.56,1
8618-GILCW,Male,0,No,No,1,Yes,No,Fiber optic,No,Yes,No,No,No,No,Two year,No,Bank transfer (automatic),75.76,75.76,0
1057-VOGWZ,Male,0,Yes,Yes,7,Yes,Yes,No,No internet service,No internet service,No internet service,No internet service,No internet service,No internet service,Two year,Yes,Credit card (automatic),27.81,205.67,0
6826-ANSPJ,Female,0,Yes,No,51,Yes,Yes,No,No internet service,No internet service,No internet service,No internet service,No internet service,No internet service,Two year,No,Electronic check,18.25,937.93,0
4032-AECQR,Male,0,No,Yes,34,Yes,Yes,DSL,Yes,Yes,Yes,No,Yes,Yes,Month-to-month,Yes,Electronic check,85.28,2912.62,1
9412-ZUSVY,Male,0,Yes,No,45,Yes,No,No,No internet service,No internet service,No internet service,No internet service,No internet service,No internet service,Two year,Yes,Electronic check,21.59,986.3,0
6382-VRPBO,Male,0,Yes,Yes,3,Yes,No,DSL,No,Yes,No,No,No,Yes,One year,Yes,Mailed check,58.08,171.53,0
5113-MMPHK,Female,0,No,No,64,Yes,No,Fiber optic,Yes,Yes,No,No,No,No,Month-to-month,No,Mailed check,85.3,5450.21,1
8813-HVJWA,Female,0,No,No,58,No,No phone service,DSL,No,No,No,No,Yes,Yes,Month-to-month,Yes,Electronic check,73.5,4269.95,0
9270-LIEIP,Male,0,Yes,No,52,Yes,Yes,Fiber optic,No,Yes,No,No,Yes,Yes,Month-to-month,Yes,Electronic check,102.61,5345.72,0
7160-RHWKT,Male,0,Yes,No,3,Yes,Yes,DSL,No,No,No,Yes,No,No,Month-to-month,No,Electronic check,61.02,179.36,1
1295-SDTZJ,Male,0,No,Yes,72,Yes,No,Fiber optic,No,Yes,Yes,No,No,No,Month-to-month,No,Mailed check,85.9,6183.24,1
8238-XMTNU,Male,1,Yes,No,28,Yes,No,DSL,No,Yes,No,No,Yes,Yes,One year,No,Bank transfer (automatic),69.49,1947.97,0
6264-BDGSQ,Female,0,No,No,45,Yes,Yes,Fiber optic,No,Yes,No,No,No,No,One year,No,Credit card (automatic),75.68,3380.06,1
1648-PMXXV,Female,0,No,Yes,70,Yes,No,DSL,No,No,Yes,No,No,Yes,Two year,No,Mailed check,72.22,5046.85,0
2370-WZRUL,Female,0,Yes,No,53,Yes,Yes,DSL,No,No,No,No,No,No,One year,Yes,Mailed check,56.11,2953.76,0
8025-WYAOC,Female,0,No,No,43,Yes,No,Fiber optic,No,No,No,No,No,No,Two year,No,Bank transfer (automatic),87.67,3774.35,0
5156-FNWFA,Male,0,Yes,Yes,72,Yes,Yes,Fiber optic,No,No,No,No,Yes,Yes,Two year,Yes,Mailed check,103.89,7482.51,0
6606-TFHZO,Female,1,No,No,54,Yes,No,Fiber optic,Yes,No,No,Yes,No,Yes,Month-to-month,Yes,Bank transfer (automatic),109.04,5883.64,1
4519-NPTWP,Male,0,Yes,No,56,Yes,Yes,Fiber optic,No,No,No,No,Yes,No,Two year,No,Mailed check,88.73,4984.09,0
9045-SXADX,Male,1,Yes,No,1,Yes,No,No,No internet service,No internet service,No internet service,No internet service,No internet service,No internet service,Month-to-month,Yes,Credit card (automatic),22.86,22.86,1
1681-JTRBD,Male,0,No,No,8,Yes,No,DSL,Yes,No,No,No,Yes,No,Month-to-month,Yes,Electronic check,72.64,585.53,1
1434-ODPOR,Male,0,No,No,67,Yes,No,Fiber optic,Yes,No,No,No,No,Yes,Month-to-month,No,Bank transfer (automatic),101.39,6779.06,0
5519-GOVKS,Female,0,Yes,No,24,Yes,Yes,DSL,Yes,Yes,Yes,Yes,No,No,Month-to-month,Yes,Electronic check,70.04,1694.44,1
8541-HXACE,Male,0,Yes,No,69,Yes,No,Fiber optic,No,No,Yes,No,No,Yes,Two year,No,Electronic check,85.76,5923.33,1
2489-RLLUZ,Male,0,No,No,18,Yes,No,DSL,No,No,No,No,No,No,Month-to-month,Yes,Bank transfer (automatic),49.44,879.76,1
1812-SIKQP,Male,1,Yes,No,70,Yes,No,Fiber optic,Yes,No,Yes,Yes,No,No,Month-to-month,Yes,Electronic check,105.75,7375.1,1
2882-DJVOY,Male,1,Yes,No,38,Yes,No,No,No internet service,No internet service,No internet service,No internet service,No internet service,No internet service,Two year,Yes,Electronic check,18.25,682.46,0
3603-SCUWE,Female,0,Yes,Yes,7,Yes,No,Fiber optic,No,No,Yes,No,Yes,No,Month-to-month,Yes,Electronic check,102.23,750.04,1
9077-KXEGF,Male,0,No,No,66,Yes,No,No,No internet service,No internet service,No internet service,No internet service,No internet service,No internet service,Two year,Yes,Electronic check,18.25,1201.53,1
2940-ZMBSK,Female,0,Yes,Yes,4,Yes,No,Fiber optic,Yes,No,No,No,No,No,Month-to-month,No,Mailed check,89.95,349.44,1
9024-TEIFQ,Male,1,Yes,No,34,Yes,Yes,No,No internet service,No internet service,No internet service,No internet service,No internet service,No internet service,Month-to-month,No,Electronic check,22.78,789.96,1
7582-SWHGE,Female,0,No,No,39,Yes,Yes,No,No internet service,No internet service,No internet service,No internet service,No internet service,No internet service,Two year,Yes,Credit card (automatic),22.19,851.29,0
7962-OJXPI,Male,0,No,No,70,Yes,No,Fiber optic,No,No,Yes,No,No,No,Month-to-month,Yes,Electronic check,76.64,5361.16,1
2181-GKIQI,Male,0,Yes,No,42,Yes,Yes,No,No internet service,No internet service,No internet service,No internet service,No internet service,No internet service,Two year,Yes,Mailed check,24.74,1034.02,0
2375-CVHST,Female,1,No,No,56,Yes,No,Fiber optic,No,No,Yes,No,Yes,No,Month-to-month,Yes,Electronic check,91.79,5118.51,1
7884-PGGTY,Female,0,Yes,Yes,70,Yes,Yes,Fiber optic,Yes,No,No,No,No,Yes,Month-to-month,Yes,Electronic check,107.66,7527.72,1
4742-MCLXH,Female,1,No,Yes,6,Yes,Yes,DSL,Yes,No,No,No,No,No,Two year,Yes,Bank transfer (automatic),52.26,339.0,0
1626-MTPGD,Male,0,No,No,66,Yes,No,No,No internet service,No internet service,No internet service,No internet service,No internet service,No internet service,Month-to-month,Yes,Mailed check,24.43,1610.25,1
4080-LQAQB,Female,0,No,No,62,Yes,Yes,No,No internet service,No internet service,No internet service,No internet service,No internet service,No internet service,One year,Yes,Electronic check,18.48,1143.05,0
2669-FLZKU,Female,0,No,No,69,Yes,Yes,No,No internet service,No internet service,No internet service,No internet service,No internet service,No internet service,One year,Yes,Electronic check,19.62,1371.37,0
3112-KRHYG,Male,0,Yes,No,21,Yes,Yes,DSL,Yes,No,No,Yes,No,Yes,Two year,Yes,Credit card (automatic),75.21,1589.9,0
7692-NPLIT,Female,0,No,No,7,Yes,Yes,DSL,No,No,No,No,Yes,Yes,Month-to-month,Yes,Mailed check,68.66,494.33,1
9957-WUPUS,Male,0,No,Yes,18,Yes,No,Fiber optic,Yes,Yes,Yes,No,No,Yes,Two year,Yes,Bank transfer (automatic),93.97,1673.46,0
6268-PIMZE,Male,0,Yes,Yes,67,Yes,No,No,No internet service,No internet service,No internet service,No internet service,No internet service,No internet service,One year,Yes,Electronic check,18.25,1227.09,0
1084-VSJGI,Female,0,Yes,No,72,Yes,No,No,No internet service,No internet service,No internet service,No internet service,No internet service,No internet service,Month-to-month,Yes,Bank transfer (automatic),22.65,1626.48,0
9685-YNOMJ,Male,0,No,Yes,22,Yes,No,DSL,No,No,Yes,No,No,No,One year,Yes,Electronic check,48.02,1073.48,1
5326-NZUWL,Male,0,No,Yes,49,Yes,No,Fiber optic,No,Yes,No,No,No,No,One year,Yes,Electronic check,73.84,3646.44,1
3283-SFLXM,Male,0,Yes,Yes,58,Yes,No,Fiber optic,Yes,No,No,No,No,No,Two year,Yes,Mailed check,95.47,5524.42,0
5896-HPBVG,Male,0,No,Yes,68,Yes,Yes,Fiber optic,Yes,No,No,No,Yes,Yes,Month-to-month,No,Bank transfer (automatic),113.82,7745.26,1
5813-LGSNI,Female,0,Yes,No,67,Yes,Yes,DSL,No,Yes,No,Yes,Yes,No,One year,Yes,Mailed check,61.52,4146.81,0
1418-RKPSK,Female,0,No,No,1,Yes,No,DSL,No,Yes,No,Yes,No,Yes,One year,No,Bank transfer (automatic),80.06,80.31,1
5205-RKYDR,Male,0,No,Yes,6,Yes,Yes,DSL,No,No,Yes,No,Yes,Yes,One year,No,Credit card (automatic),83.73,503.91,1
5999-SMDJV,Female,0,No,Yes,15,No,No phone service,Fiber optic,No,No,No,No,No,Yes,One year,No,Bank transfer (automatic),90.55,1350.95,1
3357-ECPZH,Male,0,Yes,No,8,No,No phone service,No,No internet service,No internet service,No internet service,No internet service,No internet service,No internet service,Month-to-month,Yes,Bank transfer (automatic),18.25,129.86,1
7071-XGSNO,Female,0,No,No,9,Yes,Yes,Fiber optic,No,Yes,No,Yes,Yes,No,Two year,Yes,Credit card (automatic),99.33,886.61,1
8247-QUAFW,Female,1,Yes,No,2,Yes,Yes,Fiber optic,Yes,No,No,No,Yes,No,Month-to-month,Yes,Credit card (automatic),104.54,215.75,1
1293-OLUTB,Male,1,Yes,Yes,59,No,No phone service,No,No internet service,No internet service,No internet service,No internet service,No internet service,No internet service,Month-to-month,No,Bank transfer (automatic),23.16,1371.76,0
9505-EITNR,Male,0,No,Yes,47,Yes,No,Fiber optic,Yes,Yes,Yes,No,Yes,Yes,Two year,No,Electronic check,114.41,5378.96,1
2506-VHBIG,Male,0,No,No,11,Yes,No,Fiber optic,No,No,No,No,No,No,Two year,Yes,Mailed check,86.1,957.07,1
9043-RPUEW,Male,0,No,Yes,2,Yes,No,Fiber optic,No,No,No,Yes,Yes,Yes,One year,Yes,Bank transfer (automatic),109.9,238.45,1
6938-OEKVN,Female,0,No,No,10,Yes,Yes,DSL,Yes,No,No,Yes,Yes,Yes,Month-to-month,Yes,Credit card (automatic),96.81,967.74,1
2634-YSCXJ,Male,1,No,No,62,Yes,Yes,Fiber optic,Yes,No,No,No,Yes,Yes,One year,No,Electronic check,113.49,7022.89,0
8133-FZCBM,Female,1,No,Yes,2,Yes,No,No,No internet service,No internet service,No internet service,No internet service,No internet service,No internet service,Month-to-month,No,Bank transfer (automatic),23.26,53.85,1
6120-RBOEO,Female,0,Yes,Yes,40,Yes,Yes,No,No internet service,No internet service,No internet service,No internet service,No internet service,No internet service,One year,Yes,Bank transfer (automatic),25.68,1036.43,1
7603-UQBRO,Male,0,No,Yes,11,Yes,No,DSL,Yes,No,No,No,No,No,Month-to-month,Yes,Credit card (automatic),51.33,579.34,1
5169-TWCEK,Female,0,No,Yes,45,Yes,No,DSL,No,Yes,No,No,Yes,Yes,Month-to-month,Yes,Mailed check,78.55,3542.67,0
2563-IEYAY,Male,0,No,Yes,7,Yes,No,Fiber optic,No,No,No,No,No,Yes,Month-to-month,No,Electronic check,86.78,623.56,1
8397-NEHUN,Male,0,No,No,2,No,No phone service,DSL,No,No,No,No,Yes,No,Two year,Yes,Credit card (automatic),63.38,120.95,1
8165-PFHBS,Female,1,No,No,3,Yes,No,DSL,No,Yes,No,Yes,No,Yes,Month-to-month,Yes,Electronic check,71.35,225.8,1
2979-IEEYZ,Male,1,No,Yes,24,Yes,Yes,Fiber optic,No,Yes,Yes,No,No,No,Month-to-month,Yes,Electronic check,70.39,1710.19,1
2883-SDPPP,Male,0,No,Yes,33,Yes,Yes,Fiber optic,Yes,No,No,Yes,No,Yes,Month-to-month,No,Mailed check,114.72,3791.7,1
1438-GRXUA,Male,1,Yes,No,32,Yes,Yes,Fiber optic,No,No,No,No,No,No,One year,Yes,Electronic check,78.57,2550.7,1
4412-CYUHA,Female,0,Yes,No,4,Yes,No,No,No internet service,No internet service,No internet service,No internet service,No internet service,No internet service,Month-to-month,Yes,Credit card (automatic),18.25,98.53,1
9302-GGHSQ,Female,1,No,No,20,Yes,Yes,Fiber optic,No,Yes,No,No,No,Yes,Month-to-month,Yes,Mailed check,93.45,1904.79,1
7300-KOIQK,Male,1,Yes,No,10,Yes,Yes,DSL,No,Yes,No,Yes,No,Yes,One year,Yes,Mailed check,70.1,683.13,1
8527-FIRTB,Male,0,No,No,42,Yes,Yes,No,No internet service,No internet service,No internet service,No internet service,No internet service,No internet service,Month-to-month,Yes,Mailed check,18.25,752.16,0
3280-DRAKC,Female,0,Yes,No,60,Yes,Yes,Fiber optic,Yes,No,No,No,Yes,No,Two year,Yes,Electronic check,100.94,6058.93,1
9014-HETUV,Female,0,No,No,61,Yes,Yes,Fiber optic,Yes,No,Yes,Yes,No,No,Month-to-month,No,Credit card (automatic),97.32,5953.72,0
4463-VEKLV,Male,0,No,Yes,9,Yes,Yes,Fiber optic,No,No,Yes,No,No,No,Month-to-month,Yes,Mailed check,80.09,733.83,1
9540-IUMVT,Female,0,No,No,11,Yes,No,Fiber optic,No,No,No,No,Yes,No,One year,Yes,Electronic check,92.27,1007.64,1
1373-CMVKK,Male,0,No,Yes,11,Yes,Yes,Fiber optic,No,Yes,No,No,No,No,Month-to-month,Yes,Credit card (automatic),78.5,837.46,1
5198-UTUGQ,Male,0,No,No,20,No,No phone service,No,No internet service,No internet service,No internet service,No internet service,No internet service,No internet service,Month-to-month,Yes,Credit card (automatic),30.52,611.69,0
3585-PNAKM,Male,0,No,No,53,Yes,No,No,No internet service,No internet service,No internet service,No internet service,No internet service,No internet service,Two year,Yes,Bank transfer (automatic),18.65,971.94,0
9192-ABIME,Female,1,No,No,33,No,No phone service,DSL,No,No,Yes,Yes,No,Yes,Month-to-month,Yes,Credit card (automatic),71.69,2338.34,0
6369-IMEOG,Female,0,No,No,11,Yes,No,DSL,No,Yes,No,Yes,No,Yes,Two year,Yes,Mailed check,75.37,815.31,1
8468-NPFBP,Female,0,No,No,26,Yes,No,DSL,Yes,No,Yes,No,No,Yes,One year,Yes,Electronic check,79.78,2094.64,1
8602-SEDNF,Male,0,No,No,35,No,No phone service,Fiber optic,No,No,No,No,Yes,Yes,Two year,Yes,Credit card (automatic),99.48,3492.1,1
2784-HXCDA,Female,0,Yes,No,10,Yes,Yes,DSL,Yes,No,No,Yes,Yes,No,Two year,No,Electronic check,90.65,936.27,1
7398-BMILJ,Female,0,No,Yes,6,Yes,Yes,DSL,No,Yes,Yes,Yes,No,Yes,One year,No,Bank transfer (automatic),77.8,476.5,1
7006-JRLVP,Male,0,No,No,72,Yes,No,Fiber optic,No,Yes,Yes,Yes,No,No,Month-to-month,No,Mailed check,88.48,6382.07,0
4132-WFXYX,Female,0,No,Yes,5,Yes,Yes,DSL,No,No,No,No,No,No,Two year,Yes,Electronic check,44.24,242.7,1
6914-UXJOZ,Male,0,Yes,Yes,16,Yes,Yes,DSL,No,Yes,Yes,No,No,Yes,Two year,No,Mailed check,73.58,1170.4,0
3729-IXBRL,Male,0,Yes,No,72,Yes,No,Fiber optic,No,No,Yes,No,No,No,Two year,No,Mailed check,75.81,5455.94,0
5861-CGIHY,Female,1,Yes,No,48,Yes,No,Fiber optic,No,No,No,Yes,Yes,No,Two year,No,Bank transfer (automatic),106.81,5129.78,0
4550-FANPP,Female,1,No,No,22,Yes,No,No,No internet service,No internet service,No internet service,No internet service,No internet service,No internet service,Month-to-month,Yes,Electronic check,24.49,539.25,0
5659-DFOVH,Male,0,Yes,No,7,Yes,No,Fiber optic,Yes,No,No,No,Yes,Yes,Month-to-month,Yes,Credit card (automatic),118.75,843.74,1
8467-AMRRM,Female,0,No,No,67,Yes,No,No,No internet service,No internet service,No internet service,No internet service,No internet service,No internet service,Month-to-month,Yes,Credit card (automatic),18.25,1196.69,1
9541-VNKGR,Female,0,No,No,5,Yes,Yes,Fiber optic,Yes,No,Yes,No,No,No,Month-to-month,No,Bank transfer (automatic),96.41,489.06,1
7151-UVDQS,Female,0,Yes,No,66,Yes,No,DSL,No,Yes,Yes,No,Yes,Yes,Month-to-month,Yes,Mailed check,78.59,5206.24,1
3913-NJYFR,Male,0,No,No,9,Yes,No,Fiber optic,No,Yes,No,No,Yes,Yes,Month-to-month,No,Bank transfer (automatic),103.14,942.32,1
4903-YDKMH,Male,0,No,No,10,Yes,No,Fiber optic,No,No,Yes,No,No,No,One year,No,Credit card (automatic),80.1,802.39,0
6097-JWKCO,Female,0,Yes,No,51,Yes,No,Fiber optic,No,No,No,No,No,Yes,Month-to-month,No,Credit card (automatic),102.29,5217.75,1
7593-HTRUA,Male,0,No,No,8,No,No phone service,No,No internet service,No internet service,No internet service,No internet service,No internet service,No internet service,Two year,No,Credit card (automatic),18.25,129.4,0
2541-XHCAT,Female,0,Yes,Yes,67,Yes,Yes,DSL,No,No,Yes,No,No,Yes,Month-to-month,No,Electronic check,67.35,4514.97,1
9706-YPIQP,Female,1,No,No,1,Yes,Yes,Fiber optic,No,Yes,No,No,Yes,No,One year,Yes,Credit card (automatic),91.48,96.02,1
1322-WFWGX,Female,0,No,No,4,No,No phone service,Fiber optic,Yes,No,No,No,No,Yes,Month-to-month,Yes,Bank transfer (automatic),101.81,420.35,1
3031-PHJNK,Female,0,No,Yes,71,Yes,No,No,No internet service,No internet service,No internet service,No internet service,No internet service,No internet service,One year,Yes,Bank transfer (automatic),18.25,1308.05,0
1993-BLTTM,Male,0,No,No,62,Yes,No,Fiber optic,No,No,No,Yes,No,No,Month-to-month,No,Electronic check,93.38,5795.06,1
8700-OZLMH,Female,1,No,No,9,Yes,No,DSL,No,No,No,Yes,No,No,One year,Yes,Electronic check,57.19,531.91,0
8559-PCMLS,Male,0,No,No,72,Yes,Yes,No,No internet service,No internet service,No internet service,No internet service,No internet service,No internet service,Two year,No,Mailed check,26.57,1887.74,0
7081-BAHIY,Male,0,No,Yes,19,No,No phone service,No,No internet service,No internet service,No internet service,No internet service,No internet service,No internet service,One year,Yes,Bank transfer (automatic),21.87,401.81,0
4142-HUQIF,Female,0,No,No,63,Yes,No,DSL,No,No,No,No,No,No,One year,No,Bank transfer (automatic),49.52,3120.89,0
7337-OWXMU,Female,0,No,No,6,Yes,Yes,DSL,No,No,Yes,Yes,No,Yes,One year,No,Mailed check,74.55,448.47,0
3184-VLMGW,Male,0,Yes,No,11,No,No phone service,No,No internet service,No internet service,No internet service,No internet service,No internet service,No internet service,One year,No,Credit card (automatic),18.75,213.04,0
1110-RNKNQ,Female,0,No,No,67,Yes,No,Fiber optic,No,No,No,Yes,Yes,No,Month-to-month,No,Bank transfer (automatic),95.99,6428.97,1
5010-XUZBS,Female,0,No,Yes,10,Yes,No,DSL,No,No,No,No,Yes,No,Two year,No,Mailed check,61.58,604.84,1
6430-PVJVH,Male,0,No,Yes,70,Yes,No,Fiber optic,No,No,No,Yes,No,Yes,One year,No,Mailed check,93.63,6558.03,0
2079-UEGZM,Male,0,No,Yes,71,No,No phone service,Fiber optic,Yes,No,Yes,No,No,Yes,One year,Yes,Electronic check,98.08,6947.43,0
3226-PEPOI,Male,0,No,No,57,Yes,No,No,No internet service,No internet service,No internet service,No internet service,No internet service,No internet service,Month-to-month,No,Credit card (automatic),28.15,1595.12,1
7361-VWLHM,Female,0,No,Yes,62,Yes,No,DSL,No,No,Yes,No,No,No,Two year,No,Electronic check,46.87,2923.65,0
9210-ENPKT,Female,0,Yes,No,10,Yes,Yes,Fiber optic,No,No,No,No,No,Yes,Month-to-month,No,Credit card (automatic),87.76,871.31,1
6493-LOXLZ,Male,0,Yes,No,42,Yes,No,DSL,No,No,No,Yes,No,No,Month-to-month,Yes,Electronic check,54.5,2299.1,1
3846-IACLT,Male,1,No,Yes,63,Yes,Yes,DSL,No,No,Yes,No,No,Yes,Month-to-month,Yes,Mailed check,60.92,3839.24,0
2164-MWFJJ,Female,0,No,No,53,Yes,No,DSL,Yes,No,No,No,No,No,Month-to-month,Yes,Electronic check,59.55,3134.28,1
5201-PAPDF,Male,0,Yes,No,8,Yes,No,No,No internet service,No internet service,No internet service,No internet service,No internet service,No internet service,Month-to-month,Yes,Electronic check,18.25,152.8,1
2450-SBRJD,Male,0,No,Yes,17,Yes,No,DSL,No,No,Yes,No,Yes,Yes,Two year,No,Electronic check,76.5,1280.9,0
8457-AOJRP,Female,1,No,No,36,Yes,Yes,Fiber optic,No,Yes,No,No,Yes,No,One year,No,Bank transfer (automatic),93.26,3376.88,1
7502-MZOBT,Male,1,Yes,Yes,4,Yes,Yes,Fiber optic,Yes,No,Yes,Yes,No,No,Month-to-month,No,Bank transfer (automatic),101.06,405.0,1
8915-DAGWZ,Female,0,No,No,67,Yes,No,Fiber optic,No,No,No,No,Yes,No,Two year,Yes,Bank transfer (automatic),91.0,6118.46,0
7391-KZJAK,Male,0,Yes,No,11,Yes,Yes,No,No internet service,No internet service,No internet service,No internet service,No internet service,No internet service,Month-to-month,No,Credit card (automatic),18.47,222.78,1
5848-XJNNG,Female,0,Yes,No,23,Yes,Yes,Fiber optic,Yes,No,No,Yes,No,Yes,Month-to-month,No,Electronic check,115.19,2662.05,1
8183-WKVDX,Female,0,No,Yes,51,Yes,No,DSL,No,No,Yes,No,No,No,Month-to-month,No,Electronic check,47.43,2411.78,1
7524-BGSNS,Male,0,Yes,Yes,63,Yes,Yes,DSL,No,No,Yes,No,Yes,No,Month-to-month,Yes,Credit card (automatic),63.55,4025.44,1
4643-GLCOE,Male,0,Yes,No,10,Yes,No,Fiber optic,Yes,Yes,Yes,No,Yes,No,Month-to-month,Yes,Electronic check,91.6,903.04,1
6473-HNDGG,Male,0,No,No,72,Yes,No,No,No internet service,No internet service,No internet service,No internet service,No internet service,No internet service,Month-to-month,No,Electronic check,18.25,1337.56,1
7746-RNHZL,Female,0,No,No,12,Yes,Yes,DSL,Yes,Yes,No,No,No,No,One year,No,Credit card (automatic),58.77,716.67,1
9375-JNIFE,Male,0,No,No,17,No,No phone service,DSL,No,No,Yes,Yes,No,No,Month-to-month,Yes,Mailed check,59.11,1003.51,1
9022-AAYTQ,Female,0,Yes,No,23,Yes,Yes,Fiber optic,No,Yes,No,No,No,No,Month-to-month,No,Credit card (automatic),77.96,1786.18,1
8836-KZLCF,Male,0,No,No,5,Yes,Yes,DSL,No,Yes,No,No,No,No,One year,No,Credit card (automatic),46.54,237.74,1
2514-KMKHJ,Female,0,Yes,No,42,No,No phone service,No,No internet service,No internet service,No internet service,No internet service,No internet service,No internet service,Two year,Yes,Credit card (automatic),18.25,783.82,0
3313-BXNPQ,Male,0,Yes,Yes,7,Yes,No,DSL,Yes,Yes,Yes,No,No,Yes,Two year,No,Bank transfer (automatic),78.75,552.07,1
9951-KBXWE,Female,0,Yes,No,1,Yes,No,Fiber optic,Yes,No,No,Yes,Yes,No,Two year,Yes,Electronic check,106.14,106.14,0
2451-PPZBP,Female,0,No,No,61,Yes,Yes,DSL,No,No,No,No,No,Yes,Month-to-month,No,Bank transfer (automatic),60.42,3670.72,1
3020-YEHTN,Female,0,No,No,69,Yes,Yes,Fiber optic,No,Yes,No,No,Yes,No,Month-to-month,Yes,Mailed check,93.94,6466.44,1
5706-YJWBC,Female,0,No,No,61,Yes,No,Fiber optic,No,No,Yes,Yes,No,No,One year,No,Electronic check,97.97,5987.04,1
5610-RUBUI,Female,0,Yes,Yes,25,Yes,No,No,No internet service,No internet service,No internet service,No internet service,No internet service,No internet service,One year,Yes,Electronic check,18.25,474.49,0
5081-BYGGN,Female,0,No,No,1,Yes,No,Fiber optic,No,No,No,No,Yes,No,Two year,Yes,Electronic check,97.13,101.21,1
5503-EHWVR,Male,0,Yes,No,72,Yes,Yes,DSL,No,Yes,Yes,Yes,No,Yes,Month-to-month,Yes,Electronic check,72.81,5248.38,1
1838-FNRQI,Female,0,No,Yes,3,Yes,No,DSL,No,No,No,No,No,Yes,Two year,No,Mailed check,60.83,191.79,0
9921-MPUJJ,Male,0,No,No,38,Yes,No,Fiber optic,No,Yes,No,Yes,No,No,Month-to-month,Yes,Credit card (automatic),83.63,3146.71,1
3374-DLHOU,Male,0,Yes,No,6,Yes,Yes,Fiber optic,Yes,Yes,No,No,Yes,No,Month-to-month,Yes,Electronic check,106.16,639.89,1
4382-WSOHH,Male,0,Yes,No,56,Yes,No,DSL,No,No,Yes,No,No,No,One year,Yes,Credit card (automatic),48.83,2751.0,0
5180-SIXQH,Male,0,No,No,60,Yes,Yes,DSL,No,No,No,No,No,No,One year,No,Mailed check,45.49,2738.09,0
8115-LODFP,Male,0,Yes,No,66,Yes,Yes,DSL,Yes,Yes,No,No,Yes,No,Month-to-month,No,Bank transfer (automatic),74.21,4884.82,1
4333-ZYEWM,Male,0,Yes,Yes,64,Yes,Yes,DSL,No,No,No,No,No,No,Month-to-month,No,Electronic check,58.95,3764.07,1
6599-OQYVT,Male,0,Yes,No,19,Yes,Yes,No,No internet service,No internet service,No internet service,No internet service,No internet service,No internet service,Month-to-month,No,Credit card (automatic),18.25,367.09,1
8374-VESGC,Female,0,No,Yes,1,Yes,No,Fiber optic,No,No,Yes,Yes,Yes,Yes,Two year,Yes,Bank transfer (automatic),114.42,114.42,0
1450-MNPMB,Male,0,Yes,No,12,No,No phone service,No,No internet service,No internet service,No internet service,No internet service,No internet service,No internet service,Month-to-month,No,Electronic check,25.1,299.99,0
9611-NTGEN,Male,0,No,Yes,6,Yes,Yes,Fiber optic,No,No,No,No,Yes,Yes,Two year,No,Mailed check,100.4,570.15,0
2714-IJGNY,Female,0,No,Yes,11,No,No phone service,Fiber optic,No,No,No,No,Yes,No,Month-to-month,Yes,Bank transfer (automatic),92.7,1035.02,1
4332-NYBQT,Female,0,Yes,No,10,Yes,No,DSL,Yes,No,Yes,No,Yes,No,Month-to-month,No,Mailed check,67.32,676.9,1
7025-DMRCS,Male,0,Yes,No,14,Yes,No,Fiber optic,No,No,Yes,No,Yes,No,Month-to-month,Yes,Electronic check,92.06,1260.94,1
1339-EAIXH,Female,0,No,No,10,Yes,No,Fiber optic,No,No,No,Yes,No,No,Two year,Yes,Electronic check,88.49,901.52,1
4529-CBALV,Male,1,No,Yes,3,Yes,Yes,DSL,No,No,No,No,No,No,Two year,Yes,Mailed check,51.0,160.37,1
9533-MJQKE,Female,0,Yes,No,12,Yes,Yes,DSL,No,Yes,No,Yes,Yes,No,Month-to-month,Yes,Mailed check,73.05,858.0,1
5606-YIMTW,Male,0,Yes,No,50,Yes,No,Fiber optic,No,No,Yes,No,Yes,No,Month-to-month,Yes,Bank transfer (automatic),82.47,4108.88,1
8359-KWDUK,Female,0,Yes,No,52,Yes,Yes,DSL,No,Yes,Yes,Yes,No,No,Month-to-month,No,Credit card (automatic),56.2,2927.92,0
3670-IGPWZ,Male,0,No,Yes,10,Yes,No,Fiber optic,No,No,No,No,No,No,Month-to-month,No,Electronic check,71.97,698.14,1
2419-WYEFS,Female,1,No,Yes,51,Yes,No,Fiber optic,No,Yes,Yes,No,No,Yes,One year,Yes,Mailed check,93.51,4767.2,1
1034-APRXM,Male,0,No,No,7,Yes,No,Fiber optic,No,No,No,No,Yes,No,One year,Yes,Mailed check,86.3,628.66,1
8294-AJGEM,Female,0,No,Yes,66,Yes,No,Fiber optic,No,No,No,No,No,Yes,Month-to-month,Yes,Mailed check,87.58,5788.26,0
8476-VPXTV,Female,1,Yes,No,6,Yes,Yes,Fiber optic,No,Yes,Yes,Yes,No,No,Two year,Yes,Bank transfer (automatic),91.17,548.43,1
8579-NKSWB,Female,0,Yes,No,71,Yes,Yes,DSL,No,No,Yes,No,No,Yes,Month-to-month,No,Mailed check,60.49,4319.63,0
4213-HMGLH,Female,0,No,Yes,7,Yes,No,Fiber optic,Yes,Yes,Yes,No,No,No,Month-to-month,No,Electronic check,85.4,603.73,1
2410-PRSDY,Female,0,No,Yes,54,No,No phone service,Fiber optic,No,Yes,Yes,Yes,No,Yes,Two year,Yes,Mailed check,105.9,5683.37,0
6852-LPUVQ,Male,1,No,No,1,Yes,Yes,Fiber optic,No,Yes,No,Yes,No,Yes,Month-to-month,Yes,Bank transfer (automatic),105.65,105.65,1
3170-DTZXX,Male,1,No,No,10,Yes,Yes,Fiber optic,No,No,Yes,No,No,No,One year,No,Credit card (automatic),82.3,815.0,1
9132-ZVXIE,Male,0,Yes,No,67,Yes,No,Fiber optic,No,Yes,No,No,Yes,No,One year,Yes,Electronic check,85.69,5732.28,1
1889-QQBBU,Female,0,Yes,No,61,No,No phone service,Fiber optic,No,No,No,No,No,No,Month-to-month,No,Bank transfer (automatic),92.55,5643.64,0
9452-WGDMT,Female,0,Yes,No,65,Yes,No,DSL,No,Yes,Yes,No,No,No,Month-to-month,No,Mailed check,46.25,3006.39,0
8894-KZCBP,Female,0,No,Yes,31,Yes,Yes,No,No internet service,No internet service,No internet service,No internet service,No internet service,No internet service,One year,No,Electronic check,18.25,556.08,0
6889-CXOQP,Male,0,No,No,60,Yes,Yes,Fiber optic,No,No,No,No,No,Yes,One year,Yes,Bank transfer (automatic),94.74,5687.65,1
3244-TGPEB,Male,0,No,No,2,Yes,Yes,Fiber optic,No,No,No,No,No,Yes,One year,Yes,Mailed check,94.61,201.72,1
8074-AVMPE,Male,0,Yes,No,53,No,No phone service,Fiber optic,No,No,No,No,No,No,Month-to-month,No,Electronic check,75.94,4007.78,0
4498-COPKY,Female,0,No,No,13,Yes,No,Fiber optic,No,Yes,No,Yes,Yes,No,Month-to-month,Yes,Credit card (automatic),105.27,1357.93,1
9510-SRUIH,Female,0,Yes,No,52,Yes,No,DSL,No,No,No,Yes,No,No,Month-to-month,Yes,Mailed check,64.18,3347.83,0
9230-VSVEQ,Female,0,Yes,No,55,Yes,Yes,Fiber optic,No,No,No,Yes,No,Yes,Month-to-month,No,Credit card (automatic),99.23,5457.61,0
1432-ENGIQ,Male,1,Yes,Yes,24,Yes,Yes,Fiber optic,No,No,Yes,No,No,No,Two year,No,Electronic check,78.9,1877.78,1
2654-CHVMP,Female,0,No,Yes,18,Yes,Yes,No,No internet service,No internet service,No internet service,No internet service,No internet service,No internet service,Two year,No,Electronic check,23.96,439.28,0
1178-UJRCL,Female,0,No,No,1,Yes,Yes,No,No internet service,No internet service,No internet service,No internet service,No internet service,No internet service,Month-to-month,No,Electronic check,23.3,38.09,1
5004-PRQGS,Female,0,Yes,Yes,6,No,No phone service,No,No internet service,No internet service,No internet service,No internet service,No internet service,No internet service,Month-to-month,No,Bank transfer (automatic),21.33,146.66,0
7321-WWHQU,Male,0,No,No,4,Yes,No,No,No internet service,No internet service,No internet service,No internet service,No internet service,No internet service,Month-to-month,Yes,Credit card (automatic),20.03,97.03,1
9518-ZYGAH,Male,0,Yes,No,7,Yes,No,Fiber optic,Yes,Yes,No,No,Yes,No,Month-to-month,Yes,Bank transfer (automatic),106.67,751.29,1
4003-STTJL,Male,0,Yes,Yes,3,Yes,No,Fiber optic,No,No,No,No,No,No,Month-to-month,No,Credit card (automatic),81.54,252.28,1
2886-XAXYY,Female,0,No,Yes,12,Yes,No,DSL,No,No,No,Yes,No,No,Month-to-month,No,Mailed check,57.98,692.22,1
7451-UDDIO,Female,0,Yes,No,5,Yes,No,DSL,No,Yes,No,No,No,Yes,Two year,No,Electronic check,69.02,345.45,1
2786-XZOZG,Male,0,Yes,Yes,2,Yes,No,DSL,No,No,Yes,No,No,No,One year,Yes,Credit card (automatic),53.24,99.8,1
9713-LCTIN,Female,0,Yes,No,58,Yes,No,Fiber optic,No,No,Yes,No,Yes,No,Month-to-month,No,Mailed check,96.83,5618.99,1
6273-MXLAS,Female,0,Yes,No,20,Yes,No,Fiber optic,Yes,Yes,No,No,No,No,Month-to-month,No,Bank transfer (automatic),97.83,1939.7,1
7631-PLJBR,Female,0,No,Yes,16,Yes,No,Fiber optic,No,No,No,Yes,No,No,Month-to-month,No,Electronic check,99.79,1603.58,1
3181-MXFLV,Male,0,No,Yes,2,Yes,No,Fiber optic,No,No,No,No,No,No,Two year,No,Electronic check,71.92,137.09,1
6967-DAKWH,Male,1,No,No,5,Yes,No,DSL,No,No,Yes,Yes,No,No,Two year,Yes,Mailed check,62.95,290.68,0
5539-BBPAD,Male,0,Yes,No,25,Yes,No,DSL,No,No,No,No,No,No,One year,Yes,Credit card (automatic),52.9,1328.02,1
3069-FUTNT,Female,0,No,No,61,Yes,No,No,No internet service,No internet service,No internet service,No internet service,No internet service,No internet service,Month-to-month,No,Bank transfer (automatic),21.99,1347.66,0
6633-ZOGGR,Male,0,No,Yes,3,Yes,No,No,No internet service,No internet service,No internet service,No internet service,No internet service,No internet service,Month-to-month,No,Bank transfer (automatic),18.25,58.12,1
5905-WBTOA,Male,0,No,No,8,Yes,Yes,DSL,No,No,Yes,No,Yes,Yes,One year,No,Bank transfer (automatic),68.39,546.68,1
7589-UQTYM,Male,0,No,No,10,Yes,Yes,Fiber optic,Yes,Yes,No,No,Yes,No,Month-to-month,No,Mailed check,97.3,971.05,1
1880-LXVOX,Male,0,No,No,8,Yes,No,DSL,Yes,Yes,No,Yes,Yes,No,Month-to-month,No,Electronic check,83.4,646.73,1
4918-EGHWN,Male,0,Yes,Yes,29,Yes,Yes,DSL,Yes,Yes,No,No,Yes,Yes,Month-to-month,Yes,Electronic check,88.74,2586.75,1
5202-DUNJV,Female,0,No,No,11,No,No phone service,Fiber optic,Yes,No,Yes,Yes,No,No,Two year,No,Electronic check,97.69,1071.33,1
8205-PKVYZ,Female,0,Yes,Yes,65,Yes,Yes,No,No internet service,No internet service,No internet service,No internet service,No internet service,No internet service,Month-to-month,No,Credit card (automatic),25.52,1660.73,1
7682-NNBVM,Female,0,Yes,No,12,Yes,Yes,Fiber optic,No,No,No,No,Yes,No,One year,No,Bank transfer (automatic),83.61,1007.62,1
8429-CRVDU,Female,0,Yes,No,27,Yes,Yes,DSL,No,No,Yes,Yes,No,Yes,Two year,Yes,Mailed check,76.01,2080.94,0
5880-USPDS,Female,0,No,No,30,Yes,No,Fiber optic,Yes,No,No,No,No,Yes,One year,Yes,Electronic check,95.72,2868.1,1
3933-WOAPO,Female,0,Yes,No,39,Yes,Yes,Fiber optic,No,Yes,Yes,No,No,Yes,Month-to-month,Yes,Electronic check,88.63,3467.43,1
3884-PVTAQ,Male,0,No,No,4,Yes,No,No,No internet service,No internet service,No internet service,No internet service,No internet service,No internet service,Month-to-month,Yes,Bank transfer (automatic),28.87,128.62,1
9762-EEZGM,Female,0,Yes,No,22,Yes,Yes,Fiber optic,No,No,Yes,No,Yes,Yes,Month-to-month,No,Electronic check,102.04,2251.9,1
2706-LDYDW,Female,0,No,Yes,39,Yes,No,Fiber optic,Yes,No,No,No,No,No,One year,No,Mailed check,90.21,3537.15,1
2158-UUFXO,Female,0,Yes,No,61,Yes,No,DSL,No,No,No,No,No,Yes,One year,Yes,Bank transfer (automatic),65.66,4006.04,0
3306-USFLN,Female,1,No,No,20,Yes,No,Fiber optic,Yes,No,No,No,No,No,Month-to-month,Yes,Mailed check,88.32,1765.12,1
8179-RLXXO,Female,0,No,No,71,Yes,No,Fiber optic,No,No,No,No,No,No,Month-to-month,No,Credit card (automatic),84.39,5980.11,1
8676-SHIEE,Female,1,Yes,Yes,5,Yes,Yes,No,No internet service,No internet service,No internet service,No internet service,No internet service,No internet service,One year,No,Electronic check,20.05,118.17,0
6350-FWCEA,Female,0,No,No,6,Yes,No,DSL,Yes,No,Yes,No,No,No,One year,Yes,Mailed check,49.29,288.52,1
4886-KZUTA,Female,1,Yes,Yes,6,Yes,Yes,Fiber optic,No,No,No,No,No,No,Month-to-month,Yes,Credit card (automatic),78.45,488.78,1
7261-GOQHZ,Male,0,No,No,65,Yes,No,DSL,Yes,Yes,Yes,No,Yes,No,Month-to-month,No,Electronic check,76.16,4936.36,1
4734-BZMLE,Female,0,No,No,69,Yes,No,DSL,Yes,No,No,No,No,Yes,Month-to-month,Yes,Bank transfer (automatic),67.88,4684.23,1
7525-MFYOW,Female,0,Yes,No,2,Yes,Yes,No,No internet service,No internet service,No internet service,No internet service,No internet service,No internet service,One year,No,Bank transfer (automatic),18.25,62.22,1
9803-VUVKD,Female,0,No,Yes,60,No,No phone service,Fiber optic,No,No,No,No,No,Yes,Month-to-month,Yes,Credit card (automatic),90.16,5424.25,1
5680-AOLIK,Female,1,Yes,No,24,Yes,No,Fiber optic,No,No,No,No,Yes,Yes,Month-to-month,No,Credit card (automatic),100.01,2390.48,1
2564-EXGHA,Female,0,No,Yes,27,Yes,No,DSL,No,Yes,No,No,No,No,Month-to-month,No,Credit card (automatic),53.89,1474.89,1
2782-YACHK,Male,0,No,Yes,12,No,No phone service,Fiber optic,Yes,No,No,No,Yes,No,Month-to-month,No,Bank transfer (automatic),92.89,1138.45,1
6296-ANAFU,Male,0,No,Yes,4,No,No phone service,Fiber optic,No,No,No,No,No,Yes,One year,Yes,Electronic check,89.54,379.31,0
4601-FCJLJ,Male,0,No,No,64,Yes,Yes,Fiber optic,Yes,Yes,Yes,No,Yes,Yes,Month-to-month,Yes,Electronic check,104.16,6656.95,1
4145-VBXVM,Male,1,No,No,4,Yes,No,Fiber optic,No,No,No,Yes,No,Yes,Two year,No,Bank transfer (automatic),96.73,385.61,0
1904-PMDDK,Male,0,No,Yes,65,Yes,Yes,No,No internet service,No internet service,No internet service,No internet service,No internet service,No internet service,Two year,Yes,Mailed check,20.81,1356.7,0
9699-WNCSV,Female,0,No,No,8,Yes,Yes,DSL,No,Yes,No,No,No,No,Month-to-month,Yes,Electronic check,55.39,445.88,1
5119-YAEQA,Male,0,No,Yes,37,Yes,No,No,No internet service,No internet service,No internet service,No internet service,No internet service,No internet service,One year,No,Bank transfer (automatic),18.25,695.06,0
9556-SSDSF,Male,0,No,No,67,Yes,Yes,No,No internet service,No internet service,No internet service,No internet service,No internet service,No internet service,Month-to-month,No,Bank transfer (automatic),23.29,1569.75,1
9387-ODXAX,Male,0,No,No,12,Yes,Yes,DSL,No,No,No,No,No,Yes,One year,Yes,Credit card (automatic),60.73,737.37,0
3080-QKQWA,Male,0,No,No,67,Yes,No,No,No internet service,No internet service,No internet service,No internet service,No internet service,No internet service,Month-to-month,No,Electronic check,19.88,1322.05,1
2565-INOXA,Female,0,Yes,No,72,Yes,No,No,No internet service,No internet service,No internet service,No internet service,No internet service,No internet service,One year,Yes,Electronic check,20.16,1438.84,0
5817-BRRFT,Female,0,Yes,Yes,14,Yes,No,Fiber optic,No,Yes,No,No,Yes,No,Month-to-month,Yes,Bank transfer (automatic),92.53,1311.71,1
6321-HAOJD,Male,0,Yes,No,71,No,No phone service,DSL,No,No,No,No,No,No,Month-to-month,No,Electronic check,47.18,3340.11,0
6148-JKEIE,Female,0,No,No,9,Yes,No,Fiber optic,No,No,Yes,No,No,No,Month-to-month,No,Electronic check,87.9,787.78,1
4540-KCDJG,Female,0,Yes,Yes,1,Yes,No,DSL,Yes,No,Yes,No,Yes,Yes,Two year,Yes,Electronic check,80.93,80.93,1
7754-AFHQX,Female,1,No,Yes,1,Yes,No,DSL,Yes,Yes,No,Yes,No,No,Month-to-month,No,Electronic check,60.25,93.86,1
8770-GAIKS,Female,0,No,Yes,12,Yes,No,Fiber optic,No,No,No,Yes,Yes,No,Two year,No,Credit card (automatic),104.17,1238.38,1
6990-BWKCQ,Male,0,No,No,66,Yes,No,Fiber optic,No,Yes,No,No,No,No,Month-to-month,No,Credit card (automatic),84.25,5562.91,1
6239-JCVCU,Female,1,No,No,19,No,No phone service,Fiber optic,No,No,Yes,Yes,No,No,Month-to-month,Yes,Electronic check,89.51,1706.96,0
2113-YGBAG,Female,0,Yes,Yes,64,Yes,Yes,DSL,No,No,No,No,No,Yes,Two year,Yes,Bank transfer (automatic),67.15,4292.5,0
3646-TKWFW,Male,0,Yes,Yes,3,Yes,Yes,DSL,No,No,No,No,Yes,No,Month-to-month,Yes,Bank transfer (automatic),72.0,203.33,1
4131-DSUSN,Male,0,No,Yes,69,Yes,No,No,No internet service,No internet service,No internet service,No internet service,No internet service,No internet service,Month-to-month,Yes,Credit card (automatic),21.63,1500.34,0
9797-CDHRD,Female,1,No,No,1,Yes,No,Fiber optic,No,No,Yes,No,No,No,Month-to-month,Yes,Electronic check,78.93,103.11,1
8181-KPCGB,Male,0,No,Yes,62,Yes,Yes,No,No internet service,No internet service,No internet service,No internet service,No internet service,No internet service,Two year,No,Mailed check,27.13,1704.14,0
6263-AZAFS,Male,0,No,Yes,10,Yes,No,Fiber optic,No,No,Yes,No,Yes,No,Two year,Yes,Credit card (automatic),91.91,923.44,1
3300-GXEUR,Male,1,Yes,Yes,11,Yes,Yes,No,No internet service,No internet service,No internet service,No internet service,No internet service,No internet service,Two year,Yes,Mailed check,27.77,293.77,0
6641-XZMAJ,Male,0,No,No,50,Yes,Yes,Fiber optic,No,No,No,No,Yes,Yes,Month-to-month,Yes,Bank transfer (automatic),108.38,5443.53,1
1254-IQAAG,Female,0,Yes,No,14,Yes,Yes,Fiber optic,Yes,Yes,No,Yes,Yes,No,Month-to-month,Yes,Electronic check,106.61,1460.87,1
7058-DWULP,Male,0,No,No,9,Yes,No,Fiber optic,Yes,No,Yes,No,No,Yes,One year,Yes,Electronic check,97.96,870.12,1
8195-NWJNG,Female,0,Yes,Yes,44,Yes,Yes,No,No internet service,No internet service,No internet service,No internet service,No internet service,No internet service,Month-to-month,Yes,Credit card (automatic),18.25,809.94,1
8699-DBXRP,Male,0,Yes,No,31,Yes,No,DSL,No,No,No,No,No,No,Month-to-month,Yes,Bank transfer (automatic),48.38,1505.02,1
9662-IEIYH,Female,0,No,Yes,70,Yes,No,Fiber optic,No,No,No,No,No,No,Two year,Yes,Credit card (automatic),72.61,5122.54,0
6679-XTPTR,Male,0,No,Yes,17,Yes,Yes,No,No internet service,No internet service,No internet service,No internet service,No internet service,No internet service,One year,Yes,Electronic check,22.09,379.82,0
5923-DPDFC,Male,0,No,No,42,Yes,Yes,No,No internet service,No internet service,No internet service,No internet service,No internet service,No internet service,Two year,No,Electronic check,18.5,752.43,0
6905-ROHRX,Male,0,No,No,11,Yes,Yes,Fiber optic,Yes,Yes,Yes,No,Yes,No,One year,No,Electronic check,99.41,1077.8,0
7486-WCFVZ,Female,0,Yes,No,50,Yes,Yes,DSL,No,No,Yes,No,No,Yes,Month-to-month,No,Credit card (automatic),53.71,2678.65,1
3589-UXOLE,Female,0,No,No,8,Yes,No,Fiber optic,Yes,No,No,Yes,Yes,Yes,Month-to-month,Yes,Electronic check,118.75,938.6,1
4981-GVOGM,Male,1,No,No,70,Yes,No,Fiber optic,No,No,No,No,No,No,Month-to-month,No,Bank transfer (automatic),81.46,5710.58,1
1303-YCZWM,Male,0,No,No,34,Yes,Yes,Fiber optic,No,No,No,No,Yes,No,Month-to-month,No,Electronic check,94.41,3211.6,1
6019-ZCBWD,Male,0,No,Yes,66,Yes,No,No,No internet service,No internet service,No internet service,No internet service,No internet service,No internet service,One year,No,Bank transfer (automatic),18.25,1182.56,0
4146-QFKFV,Female,0,Yes,No,9,No,No phone service,Fiber optic,Yes,Yes,Yes,No,No,No,One year,Yes,Mailed check,87.77,807.17,1
6202-BQCLN,Female,0,Yes,No,21,Yes,No,DSL,No,No,No,No,No,Yes,Month-to-month,Yes,Electronic check,59.44,1248.86,1
4182-BVVEJ,Female,0,No,Yes,6,Yes,No,Fiber optic,No,No,Yes,Yes,No,No,Two year,Yes,Bank transfer (automatic),86.47,515.49,0
4016-JUIUM,Female,1,Yes,No,65,Yes,No,Fiber optic,Yes,No,No,No,No,Yes,Two year,Yes,Bank transfer (automatic),102.29,6644.1,0
2436-JFKDZ,Male,0,No,No,8,Yes,No,Fiber optic,No,No,Yes,No,No,No,Month-to-month,Yes,Bank transfer (automatic),71.58,548.49,1
7405-NQTBJ,Female,1,Yes,Yes,10,Yes,Yes,Fiber optic,No,Yes,No,No,Yes,No,Month-to-month,Yes,Credit card (automatic),96.22,943.92,1
7626-CGGAH,Female,0,No,Yes,67,Yes,No,DSL,Yes,No,Yes,Yes,No,Yes,Month-to-month,No,Electronic check,81.17,5433.32,0
1376-WAHNN,Male,1,Yes,No,68,Yes,No,Fiber optic,No,Yes,No,No,No,No,Month-to-month,No,Mailed check,76.79,5226.49,0
2869-BHSJG,Male,0,No,No,6,Yes,Yes,DSL,No,No,No,No,Yes,No,One year,Yes,Bank transfer (automatic),66.87,411.51,1
7144-MVUOK,Female,0,No,Yes,56,Yes,No,Fiber optic,Yes,No,No,No,No,No,Two year,No,Bank transfer (automatic),95.23,5344.78,0
4139-ZNKBB,Female,0,Yes,Yes,47,Yes,Yes,DSL,Yes,No,Yes,Yes,Yes,No,Month-to-month,No,Credit card (automatic),81.41,3845.6,1
9080-LOQNY,Male,0,Yes,No,44,Yes,No,No,No internet service,No internet service,No internet service,No internet service,No internet service,No internet service,Month-to-month,No,Electronic check,27.19,1178.61,1
2658-PHXQE,Female,0,Yes,Yes,1,Yes,No,DSL,Yes,No,No,No,No,Yes,Month-to-month,No,Bank transfer (automatic),80.36,90.0,1
1755-LFRZE,Male,0,Yes,No,3,Yes,Yes,Fiber optic,Yes,No,No,No,No,No,One year,Yes,Electronic check,97.8,319.36,1
7876-FIOJQ,Female,0,Yes,No,53,Yes,Yes,Fiber optic,Yes,Yes,Yes,No,Yes,Yes,One year,No,Electronic check,116.05,6154.46,1
5366-ZSLIO,Female,1,No,Yes,36,Yes,No,DSL,No,No,No,Yes,No,Yes,Month-to-month,No,Mailed check,73.68,2649.04,1
5224-NAQAW,Female,0,Yes,No,24,No,No phone service,DSL,No,No,Yes,No,Yes,No,Two year,No,Mailed check,57.93,1402.43,1
1290-UVMHM,Male,0,Yes,No,67,Yes,No,Fiber optic,No,No,Yes,No,No,No,Month-to-month,Yes,Electronic check,86.37,5804.4,1
3236-PBMRC,Female,0,No,No,6,Yes,No,DSL,Yes,No,Yes,No,No,No,Month-to-month,No,Electronic check,54.65,305.22,1
9748-MSMSD,Male,0,No,No,2,Yes,No,DSL,Yes,Yes,No,No,No,Yes,Month-to-month,Yes,Mailed check,72.28,131.51,1
5157-SRYFS,Male,0,Yes,Yes,60,Yes,Yes,DSL,No,No,No,Yes,Yes,No,Month-to-month,No,Electronic check,70.81,4249.42,0
3118-YDDXG,Female,0,No,No,53,Yes,Yes,DSL,Yes,No,No,No,No,Yes,Two year,Yes,Electronic check,72.5,3834.36,0
8983-GZWZP,Female,0,No,Yes,72,Yes,No,Fiber optic,No,Yes,No,No,No,No,Two year,No,Credit card (automatic),84.26,6089.86,0
8817-PEOWD,Female,0,Yes,Yes,36,Yes,No,Fiber optic,No,No,Yes,Yes,Yes,No,Month-to-month,Yes,Bank transfer (automatic),109.86,3955.13,0
1501-XYMSG,Male,0,No,Yes,6,Yes,No,DSL,No,No,Yes,No,Yes,No,Two year,Yes,Bank transfer (automatic),66.71,411.17,0
8081-LZIQB,Female,0,No,No,10,Yes,No,DSL,Yes,No,No,No,Yes,Yes,Month-to-month,Yes,Bank transfer (automatic),84.46,835.91,1
6041-PGRGA,Male,0,No,No,5,Yes,Yes,DSL,No,No,Yes,No,No,No,One year,Yes,Electronic check,55.97,280.25,1
4916-CUKVO,Male,1,Yes,No,59,Yes,No,DSL,No,Yes,Yes,No,No,Yes,Month-to-month,No,Electronic check,58.82,3486.34,1
2539-YYCXM,Female,0,No,No,5,Yes,Yes,DSL,Yes,No,No,No,No,No,One year,No,Electronic check,57.81,278.89,1
6987-DWVHV,Female,0,Yes,No,24,Yes,No,DSL,Yes,No,No,No,Yes,No,Month-to-month,No,Credit card (automatic),70.8,1711.69,0
2211-DRGKD,Female,1,Yes,No,4,Yes,Yes,DSL,No,No,No,No,No,No,Month-to-month,No,Credit card (automatic),49.13,206.51,1
8548-MIIWU,Female,0,No,No,5,Yes,No,Fiber optic,No,No,No,No,No,No,Month-to-month,Yes,Electronic check,71.28,344.95,1
9197-SCYYL,Male,0,Yes,No,11,Yes,Yes,No,No internet service,No internet service,No internet service,No internet service,No internet service,No internet service,Month-to-month,No,Electronic check,19.87,221.25,1
1672-KTKQZ,Female,0,Yes,Yes,69,Yes,No,No,No internet service,No internet service,No internet service,No internet service,No internet service,No internet service,Month-to-month,Yes,Bank transfer (automatic),18.25,1264.92,0
7416-UNPXJ,Male,0,No,Yes,63,Yes,Yes,DSL,No,Yes,No,No,No,No,One year,Yes,Bank transfer (automatic),57.74,3626.61,0
7062-DJZTL,Female,1,No,Yes,67,Yes,Yes,DSL,No,Yes,No,No,No,No,One year,Yes,Credit card (automatic),56.44,3776.65,0
9705-IOIGZ,Male,0,Yes,Yes,64,Yes,Yes,DSL,No,Yes,No,Yes,No,No,Month-to-month,No,Electronic check,67.41,4325.42,0
3926-XLTXN,Male,0,No,Yes,46,Yes,No,DSL,No,Yes,No,No,No,Yes,Month-to-month,Yes,Credit card (automatic),58.72,2709.05,1
6143-VPSWC,Male,1,No,No,16,Yes,Yes,Fiber optic,Yes,No,No,No,Yes,No,One year,Yes,Credit card (automatic),95.17,1506.51,1
8625-KWUTS,Male,0,No,No,46,Yes,Yes,No,No internet service,No internet service,No internet service,No internet service,No internet service,No internet service,Month-to-month,Yes,Mailed check,18.25,841.55,0
2464-HTHZC,Female,0,Yes,No,6,Yes,No,No,No internet service,No internet service,No internet service,No internet service,No internet service,No internet service,Month-to-month,Yes,Electronic check,18.25,78.69,1
6422-JMIFO,Female,1,No,No,23,Yes,Yes,Fiber optic,No,Yes,Yes,Yes,Yes,No,Two year,Yes,Bank transfer (automatic),99.91,2291.8,0
8663-PEUMS,Female,0,Yes,Yes,47,Yes,No,Fiber optic,No,Yes,No,No,No,Yes,One year,No,Bank transfer (automatic),84.25,3953.09,1
2192-BFAOO,Female,0,No,Yes,70,Yes,Yes,DSL,No,No,Yes,No,No,Yes,Month-to-month,Yes,Electronic check,65.29,4556.21,1
4455-NGETY,Male,0,No,No,57,Yes,No,Fiber optic,No,No,Yes,Yes,Yes,Yes,Month-to-month,Yes,Credit card (automatic),114.13,6500.46,1
3264-ZPQKO,Female,1,Yes,Yes,7,Yes,No,Fiber optic,Yes,Yes,No,No,No,No,Month-to-month,No,Bank transfer (automatic),87.13,572.98,1
1421-TPCFU,Male,0,No,No,12,Yes,No,Fiber optic,No,Yes,Yes,No,No,Yes,Month-to-month,No,Mailed check,97.45,1175.33,1
1505-WMAUN,Male,0,No,Yes,4,Yes,No,Fiber optic,No,Yes,No,No,Yes,Yes,Two year,Yes,Bank transfer (automatic),99.39,418.91,1
7515-BBORI,Male,0,No,Yes,5,Yes,No,No,No internet service,No internet service,No internet service,No internet service,No internet service,No internet service,One year,Yes,Mailed check,22.93,101.73,1
3623-ZCDOE,Male,0,No,Yes,40,Yes,Yes,Fiber optic,No,No,No,No,Yes,No,Month-to-month,Yes,Electronic check,97.86,3906.32,1
2582-TTEJP,Male,0,No,No,66,Yes,Yes,Fiber optic,Yes,No,Yes,Yes,No,No,Two year,Yes,Bank transfer (automatic),94.85,6259.78,0
1506-YLYNV,Male,1,No,No,54,Yes,Yes,DSL,No,No,No,No,Yes,Yes,One year,No,Electronic check,73.71,3982.12,0
5851-KSFJT,Male,0,No,No,3,Yes,Yes,DSL,No,No,Yes,No,Yes,No,Two year,Yes,Credit card (automatic),60.12,189.78,1
3405-CVOKV,Male,1,No,No,12,Yes,No,DSL,No,No,No,No,Yes,No,Month-to-month,Yes,Electronic check,55.28,657.02,1
6398-BYXFQ,Male,0,No,Yes,5,No,No phone service,DSL,No,Yes,No,Yes,No,Yes,Two year,Yes,Electronic check,72.59,354.6,0
7687-RDWIJ,Male,0,Yes,Yes,12,Yes,No,Fiber optic,No,Yes,No,No,No,No,Two year,No,Mailed check,83.11,1009.73,1
1621-UZBKK,Male,0,No,No,7,Yes,No,Fiber optic,Yes,No,Yes,No,No,Yes,Month-to-month,No,Mailed check,103.71,711.28,1
3126-KAZNA,Female,1,Yes,Yes,29,Yes,No,Fiber optic,No,No,No,No,No,Yes,Two year,No,Mailed check,85.21,2469.43,1
4365-UWYIX,Male,1,Yes,Yes,9,Yes,No,Fiber optic,No,No,Yes,No,No,Yes,Month-to-month,Yes,Bank transfer (automatic),91.46,847.88,1
4950-AUVVD,Female,1,No,No,51,Yes,Yes,DSL,No,No,Yes,No,Yes,No,Month-to-month,No,Mailed check,60.24,3074.63,1
4783-ASJOT,Male,0,No,No,71,Yes,No,Fiber optic,No,No,No,No,Yes,Yes,Month-to-month,Yes,Bank transfer (automatic),103.28,7318.16,1
8620-DTNEO,Male,0,No,Yes,47,Yes,No,Fiber optic,No,No,No,Yes,No,No,Two year,No,Electronic check,89.46,4223.26,1
7976-OYPPD,Male,0,Yes,No,1,Yes,No,DSL,Yes,No,No,No,No,No,Month-to-month,Yes,Electronic check,56.02,63.67,1
1347-YIAEI,Male,0,Yes,No,3,Yes,No,DSL,No,No,Yes,Yes,No,No,Month-to-month,Yes,Electronic check,65.83,191.05,1
1797-TEDPB,Male,0,No,No,2,Yes,Yes,Fiber optic,Yes,Yes,Yes,No,No,Yes,Month-to-month,No,Electronic check,101.56,199.81,1
7049-ZPRBP,Female,0,No,No,10,Yes,Yes,No,No internet service,No internet service,No internet service,No internet service,No internet service,No internet service,Month-to-month,No,Electronic check,31.81,321.29,1
3829-APCOK,Female,0,No,Yes,64,Yes,Yes,DSL,Yes,No,No,No,No,No,Month-to-month,Yes,Credit card (automatic),59.27,3794.47,1
7309-JQDQD,Male,0,Yes,Yes,50,Yes,No,No,No internet service,No internet service,No internet service,No internet service,No internet service,No internet service,Month-to-month,Yes,Mailed check,24.85,1240.46,0
9380-SYANX,Male,0,No,No,32,Yes,Yes,Fiber optic,No,No,No,No,No,No,Month-to-month,Yes,Bank transfer (automatic),80.01,2544.68,1
9925-KYGQD,Male,0,No,Yes,46,Yes,Yes,Fiber optic,Yes,Yes,Yes,No,Yes,No,Month-to-month,No,Bank transfer (automatic),90.71,4153.0,1
9689-JQDSR,Female,0,Yes,Yes,36,Yes,No,No,No internet service,No internet service,No internet service,No internet service,No internet service,No internet service,Month-to-month,No,Electronic check,25.0,894.97,1
1312-QFGFY,Female,0,Yes,No,43,Yes,Yes,DSL,No,No,Yes,Yes,Yes,Yes,Month-to-month,Yes,Credit card (automatic),81.1,3495.43,1
6152-LIRBY,Male,0,No,No,1,Yes,Yes,DSL,No,No,Yes,No,No,No,One year,Yes,Mailed check,53.38,69.43,1
1746-QUAWI,Male,0,Yes,No,25,Yes,No,DSL,No,Yes,No,No,No,No,Month-to-month,Yes,Bank transfer (automatic),50.22,1265.26,1
1790-FBFIC,Male,0,Yes,No,1,Yes,No,Fiber optic,Yes,No,No,No,No,No,Month-to-month,Yes,Electronic check,86.34,102.93,1
3476-PYXOL,Female,0,Yes,No,65,Yes,Yes,No,No internet service,No internet service,No internet service,No internet service,No internet service,No internet service,One year,Yes,Mailed check,23.85,1557.34,0
3024-WHZFC,Male,0,Yes,No,65,No,No phone service,DSL,Yes,No,No,No,No,No,One year,No,Electronic check,62.75,4105.53,0
4955-WDJNU,Male,0,Yes,No,2,Yes,No,No,No internet service,No internet service,No internet service,No internet service,No internet service,No internet service,One year,Yes,Electronic check,28.49,69.7,0
3570-XOGGH,Male,0,Yes,No,42,Yes,Yes,Fiber optic,No,No,No,No,No,Yes,Two year,No,Mailed check,101.66,4263.04,1
4459-JSSBO,Female,0,Yes,No,50,Yes,Yes,DSL,No,No,No,No,No,No,Month-to-month,No,Credit card (automatic),44.29,2219.22,1
5279-AJFVM,Male,0,No,No,6,Yes,Yes,DSL,No,No,No,Yes,No,Yes,Month-to-month,Yes,Credit card (automatic),70.78,419.62,1
9807-JLXFF,Male,0,Yes,Yes,4,Yes,No,Fiber optic,Yes,Yes,No,No,No,No,One year,No,Bank transfer (automatic),86.34,357.86,1
6404-ALWWJ,Male,0,Yes,No,66,Yes,No,Fiber optic,No,No,No,No,Yes,No,Month-to-month,Yes,Credit card (automatic),89.84,5940.38,1
5332-YNOWX,Female,0,Yes,No,44,Yes,Yes,DSL,No,No,Yes,No,No,No,Month-to-month,No,Credit card (automatic),54.85,2418.12,1
5194-DYAHC,Female,0,No,No,12,No,No phone service,No,No internet service,No internet service,No internet service,No internet service,No internet service,No internet service,Month-to-month,No,Bank transfer (automatic),21.3,259.65,1
1259-NQBOF,Male,0,Yes,No,24,Yes,No,DSL,No,No,Yes,No,Yes,Yes,One year,No,Electronic check,76.73,1855.59,0
3163-ENSIH,Female,0,Yes,Yes,68,Yes,Yes,Fiber optic,No,Yes,No,Yes,Yes,No,One year,Yes,Electronic check,99.58,6777.16,0
9236-CRHPO,Male,0,Yes,No,58,Yes,No,Fiber optic,No,No,Yes,No,Yes,Yes,Month-to-month,Yes,Bank transfer (automatic),100.41,5806.3,1
1380-UOPYA,Female,0,No,No,62,Yes,Yes,No,No internet service,No internet service,No internet service,No internet service,No internet service,No internet service,One year,Yes,Mailed check,18.25,1103.46,0
5906-JSERC,Male,0,No,No,38,Yes,No,DSL,Yes,No,No,No,No,No,Month-to-month,No,Electronic check,56.45,2108.01,1
4803-DDKIA,Male,0,Yes,No,3,Yes,Yes,DSL,No,Yes,No,No,No,No,One year,Yes,Credit card (automatic),53.17,147.0,0
2912-YPIKF,Male,0,No,No,20,Yes,No,DSL,Yes,No,No,No,Yes,No,One year,Yes,Electronic check,73.79,1485.05,0
4305-QLVHP,Female,1,Yes,No,8,No,No phone service,DSL,Yes,No,No,No,No,Yes,Month-to-month,Yes,Credit card (automatic),74.07,579.83,1
1599-EUAQX,Female,1,Yes,Yes,41,Yes,Yes,Fiber optic,Yes,Yes,No,Yes,No,No,Month-to-month,No,Mailed check,99.68,4111.0,1
1045-UHJRO,Female,0,No,No,67,Yes,Yes,DSL,Yes,No,No,Yes,Yes,No,One year,No,Mailed check,81.93,5482.34,0
2444-TMJIM,Male,0,No,No,11,Yes,No,Fiber optic,No,No,No,Yes,No,Yes,Month-to-month,No,Bank transfer (automatic),99.54,1097.69,1
2652-CVWCA,Female,0,No,No,7,Yes,No,No,No internet service,No internet service,No internet service,No internet service,No internet service,No internet service,Two year,Yes,Mailed check,24.35,164.53,0
3699-BKNJG,Male,1,Yes,No,57,Yes,No,Fiber optic,Yes,No,No,No,Yes,Yes,One year,No,Bank transfer (automatic),113.64,6504.67,1
8905-WAZGO,Female,1,No,No,9,No,No phone service,Fiber optic,Yes,Yes,Yes,No,No,Yes,One year,Yes,Bank transfer (automatic),101.7,896.61,1
2893-ZKFVG,Male,1,Yes,No,8,Yes,Yes,Fiber optic,No,No,Yes,No,No,Yes,One year,Yes,Bank transfer (automatic),93.11,733.07,1
2944-GAJUO,Male,0,Yes,No,60,Yes,Yes,DSL,No,No,No,No,Yes,No,Month-to-month,Yes,Credit card (automatic),64.91,3913.64,0
3406-HXSCW,Male,0,No,No,59,Yes,No,DSL,No,Yes,No,No,No,No,Month-to-month,No,Electronic check,36.34,2136.05,0
6358-ODFYJ,Male,0,No,No,60,Yes,Yes,DSL,No,Yes,No,No,No,No,One year,No,Electronic check,46.91,2809.36,0
9787-RPRFS,Female,0,Yes,Yes,67,No,No phone service,No,No internet service,No internet service,No internet service,No internet service,No internet service,No internet service,Two year,No,Mailed check,26.14,1754.71,0
6980-QRMGT,Male,0,No,Yes,38,Yes,No,Fiber optic,No,No,No,Yes,No,No,One year,Yes,Credit card (automatic),86.09,3245.81,1
2966-LBLLX,Female,0,No,No,4,Yes,No,No,No internet service,No internet service,No internet service,No internet service,No internet service,No internet service,Month-to-month,Yes,Mailed check,19.06,102.91,1
3984-DDRPN,Male,0,No,No,40,Yes,No,Fiber optic,No,No,No,Yes,No,Yes,Two year,Yes,Credit card (automatic),96.31,3853.46,0
9133-QQCFW,Male,0,Yes,Yes,36,Yes,No,DSL,Yes,No,No,Yes,No,Yes,One year,No,Bank transfer (automatic),84.34,3036.79,1
4934-MIUIH,Male,0,No,No,42,Yes,No,Fiber optic,No,No,No,Yes,Yes,Yes,One year,No,Electronic check,109.08,4574.09,1
5377-QPPSX,Female,0,No,No,5,Yes,No,Fiber optic,Yes,No,No,Yes,No,No,Month-to-month,No,Bank transfer (automatic),109.91,509.61,1
2600-PYNTN,Male,0,Yes,No,41,Yes,No,Fiber optic,No,Yes,No,No,Yes,No,One year,No,Electronic check,81.13,3337.42,1
7003-NNLFT,Male,0,Yes,Yes,64,Yes,No,DSL,No,No,Yes,No,No,Yes,Two year,Yes,Mailed check,64.84,4155.42,0
2392-MPIBV,Male,1,Yes,No,65,Yes,No,DSL,No,No,Yes,No,Yes,No,Month-to-month,Yes,Electronic check,58.49,3810.71,1
8369-CJTBX,Male,0,No,No,10,Yes,No,DSL,Yes,No,No,No,No,No,One year,No,Mailed check,53.92,549.46,0
4207-JHQZV,Female,1,No,No,6,Yes,No,Fiber optic,No,Yes,No,No,No,No,Two year,Yes,Bank transfer (automatic),80.2,485.95,1
8285-AFGOR,Male,0,Yes,No,7,Yes,No,Fiber optic,Yes,No,Yes,No,Yes,No,Two year,Yes,Electronic check,111.59,767.47,0
5253-IHYJD,Male,0,Yes,Yes,70,Yes,No,Fiber optic,Yes,Yes,Yes,No,No,Yes,Two year,No,Bank transfer (automatic),105.81,7409.43,0
4424-THAHW,Male,0,No,No,8,Yes,Yes,DSL,Yes,No,No,No,Yes,No,One year,Yes,Mailed check,80.16,642.49,1
1426-LWYOM,Female,0,No,No,6,Yes,No,Fiber optic,No,No,No,Yes,No,No,Two year,Yes,Credit card (automatic),86.78,521.16,1
6035-PZWRA,Female,1,Yes,Yes,11,Yes,No,Fiber optic,No,No,Yes,No,No,No,Month-to-month,Yes,Electronic check,69.18,758.26,1
9106-QPWET,Male,0,Yes,No,2,Yes,Yes,Fiber optic,Yes,No,No,No,Yes,Yes,Month-to-month,No,Bank transfer (automatic),118.75,239.28,1
1410-UJZFL,Female,0,No,No,10,Yes,No,Fiber optic,No,No,Yes,No,No,No,Month-to-month,Yes,Electronic check,75.49,759.03,1
9679-JVQBS,Male,0,Yes,No,1,Yes,Yes,DSL,No,No,No,No,No,No,Month-to-month,No,Mailed check,49.33,49.33,1
9039-TFMIL,Female,0,Yes,No,38,Yes,Yes,DSL,No,Yes,No,No,No,Yes,One year,No,Credit card (automatic),62.76,2396.79,1
8662-RHYRY,Male,0,No,No,39,Yes,No,DSL,No,Yes,No,No,No,Yes,Month-to-month,Yes,Credit card (automatic),67.09,2627.13,1
3486-WYVBH,Male,0,No,No,39,No,No phone service,Fiber optic,Yes,No,No,Yes,Yes,No,Two year,Yes,Mailed check,102.53,4018.02,0
9654-JIXRH,Female,0,No,No,68,Yes,No,No,No internet service,No internet service,No internet service,No internet service,No internet service,No internet service,Month-to-month,Yes,Bank transfer (automatic),27.67,1866.52,0
1779-SCIMI,Male,0,Yes,No,5,Yes,Yes,DSL,No,Yes,No,No,Yes,Yes,Two year,Yes,Bank transfer (automatic),76.69,365.56,0
5376-YTLWM,Male,0,No,No,2,Yes,Yes,No,No internet service,No internet service,No internet service,No internet service,No internet service,No internet service,Two year,No,Mailed check,18.25,31.86,1
9703-HOMUM,Female,0,Yes,No,2,No,No phone service,Fiber optic,Yes,No,No,No,No,Yes,Month-to-month,No,Credit card (automatic),101.6,204.38,1
4647-QOYVS,Male,0,No,No,28,No,No phone service,DSL,No,No,No,No,No,No,Month-to-month,Yes,Bank transfer (automatic),41.0,1148.72,0
1210-CNJQH,Male,0,No,No,11,No,No phone service,Fiber optic,No,No,No,Yes,No,Yes,Two year,No,Electronic check,102.63,1136.49,0
3487-RLQWK,Male,1,Yes,No,48,Yes,Yes,Fiber optic,No,No,Yes,Yes,Yes,Yes,Two year,No,Bank transfer (automatic),117.34,5664.3,0
7134-IVXXY,Female,0,No,No,60,Yes,Yes,Fiber optic,No,No,Yes,No,Yes,No,One year,No,Mailed check,90.45,5436.36,0
9554-WYOIL,Female,0,Yes,Yes,3,Yes,No,DSL,Yes,No,No,No,No,No,Two year,No,Credit card (automatic),52.69,163.5,1
6832-KQFHJ,Male,0,Yes,No,69,Yes,Yes,DSL,No,Yes,No,Yes,Yes,No,One year,Yes,Mailed check,71.57,4917.26,1
5241-YODRK,Female,0,Yes,No,6,Yes,No,Fiber optic,Yes,Yes,No,No,No,No,Month-to-month,Yes,Electronic check,94.67,555.28,1
2049-IIHCU,Male,0,No,No,36,Yes,Yes,Fiber optic,No,Yes,No,Yes,Yes,Yes,One year,Yes,Electronic check,110.59,3984.13,0
9085-RNCQD,Female,1,No,No,4,No,No phone service,Fiber optic,No,No,No,Yes,No,Yes,One year,No,Electronic check,107.15,406.34,1
8380-UROSV,Female,1,Yes,No,51,Yes,No,No,No internet service,No internet service,No internet service,No internet service,No internet service,No internet service,One year,Yes,Mailed check,23.36,1181.08,0
9624-FOGLP,Female,0,No,No,71,Yes,Yes,Fiber optic,No,Yes,No,No,No,No,Month-to-month,Yes,Bank transfer (automatic),81.22,5759.76,1
7545-ITEKB,Male,0,No,No,9,Yes,No,No,No internet service,No internet service,No internet service,No internet service,No internet service,No internet service,One year,No,Bank transfer (automatic),18.25,172.41,0
9587-VPDEG,Female,0,Yes,No,10,Yes,No,Fiber optic,No,No,No,No,No,No,Two year,No,Credit card (automatic),85.4,853.86,1
5029-FXVJN,Male,0,No,Yes,61,Yes,No,DSL,Yes,No,No,Yes,No,No,Two year,Yes,Electronic check,65.18,3968.71,0
2972-HNNTW,Male,0,No,No,3,Yes,No,Fiber optic,Yes,Yes,Yes,Yes,Yes,No,Month-to-month,Yes,Bank transfer (automatic),103.81,331.82,1
4608-CAIIV,Female,0,No,Yes,38,Yes,Yes,No,No internet service,No internet service,No internet service,No internet service,No internet service,No internet service,One year,Yes,Bank transfer (automatic),20.11,769.74,0
3099-BPHZF,Male,0,No,No,5,Yes,Yes,Fiber optic,No,Yes,No,No,Yes,Yes,Two year,No,Credit card (automatic),107.4,530.84,1
2499-WMASO,Female,1,No,No,4,Yes,No,Fiber optic,Yes,No,No,No,Yes,No,One year,No,Credit card (automatic),104.32,456.23,1
2109-AJALK,Male,0,Yes,No,9,Yes,No,No,No internet service,No internet service,No internet service,No internet service,No internet service,No internet service,Month-to-month,No,Electronic check,18.49,146.82,1
4001-QDWGL,Male,0,No,No,64,Yes,Yes,Fiber optic,No,No,Yes,No,No,Yes,One year,Yes,Credit card (automatic),96.49,6183.35,0
5030-MEFBU,Male,0,Yes,Yes,3,Yes,No,No,No internet service,No internet service,No internet service,No internet service,No internet service,No internet service,Two year,Yes,Credit card (automatic),20.67,77.07,1
1652-GNYVN,Female,0,Yes,No,4,Yes,No,Fiber optic,No,No,No,No,No,No,One year,Yes,Credit card (automatic),83.64,340.63,1
8839-JDCYW,Male,0,Yes,Yes,66,Yes,No,Fiber optic,No,No,Yes,Yes,No,Yes,One year,Yes,Mailed check,101.27,6690.55,1
3732-NFWOH,Female,0,Yes,Yes,63,Yes,No,DSL,No,Yes,No,No,No,No,Month-to-month,Yes,Credit card (automatic),52.1,3299.91,1
1242-ECCMB,Male,1,No,No,70,Yes,No,Fiber optic,No,No,No,No,No,Yes,One year,No,Electronic check,90.11,6311.68,1
2795-XALHS,Male,1,No,No,46,Yes,Yes,No,No internet service,No internet service,No internet service,No internet service,No internet service,No internet service,Month-to-month,Yes,Mailed check,21.3,987.01,1
2702-INRJI,Male,0,No,No,14,Yes,Yes,Fiber optic,No,Yes,Yes,No,No,No,Two year,Yes,Bank transfer (automatic),84.08,1160.07,1
6918-FAEJY,Male,0,Yes,No,7,Yes,Yes,Fiber optic,No,Yes,Yes,Yes,Yes,Yes,Month-to-month,No,Electronic check,117.29,850.87,1
6612-MVWDA,Female,0,No,Yes,12,Yes,No,Fiber optic,Yes,Yes,No,Yes,No,No,Month-to-month,No,Bank transfer (automatic),100.43,1185.37,1
5147-UBXDQ,Male,0,No,No,66,Yes,No,DSL,No,No,No,No,No,No,Month-to-month,No,Electronic check,53.9,3588.58,0
2498-JWLBC,Male,0,Yes,Yes,10,Yes,No,No,No internet service,No internet service,No internet service,No internet service,No internet service,No internet service,Month-to-month,No,Credit card (automatic),26.21,246.83,1
3756-NYOMI,Male,0,Yes,Yes,26,Yes,No,Fiber optic,Yes,No,Yes,Yes,Yes,No,Month-to-month,Yes,Mailed check,105.69,2757.81,1
7713-BSPKL,Male,0,Yes,No,23,Yes,Yes,No,No internet service,No internet service,No internet service,No internet service,No internet service,No internet service,Month-to-month,No,Bank transfer (automatic),18.25,385.33,0
9015-YABPB,Female,0,No,No,65,Yes,Yes,DSL,No,No,No,No,No,Yes,Month-to-month,Yes,Electronic check,57.88,3759.21,0
3178-ZSJSJ,Male,0,No,No,69,Yes,Yes,No,No internet service,No internet service,No internet service,No internet service,No internet service,No internet service,One year,No,Electronic check,18.25,1284.82,0
5387-PMPRX,Female,0,No,No,6,Yes,No,Fiber optic,No,No,No,No,Yes,No,Month-to-month,Yes,Electronic check,95.99,568.73,1
5176-HXRMY,Male,0,Yes,Yes,14,Yes,No,DSL,No,Yes,No,No,Yes,Yes,Month-to-month,Yes,Electronic check,71.86,994.7,1
8786-GUWXY,Female,0,Yes,Yes,7,No,No phone service,DSL,No,No,Yes,Yes,No,Yes,Month-to-month,No,Electronic check,66.57,462.14,1
8961-RFIFR,Female,1,No,No,23,Yes,Yes,DSL,No,No,No,No,No,Yes,Two year,Yes,Bank transfer (automatic),66.43,1525.45,0
4708-QLCEG,Male,0,Yes,Yes,30,Yes,Yes,DSL,No,No,No,No,No,Yes,Month-to-month,Yes,Credit card (automatic),57.52,1712.0,1
1705-JJSYZ,Female,1,No,No,71,Yes,Yes,DSL,No,Yes,No,Yes,Yes,Yes,Month-to-month,Yes,Electronic check,92.63,6590.58,1
2872-DJRCU,Male,0,Yes,No,57,Yes,No,DSL,No,No,No,No,No,No,One year,No,Electronic check,46.29,2641.03,1
5191-CEPTM,Male,1,No,Yes,72,No,No phone service,No,No internet service,No internet service,No internet service,No internet service,No internet service,No internet service,Month-to-month,No,Credit card (automatic),21.77,1576.07,1
9061-KZMSF,Female,0,Yes,No,7,No,No phone service,No,No internet service,No internet service,No internet service,No internet service,No internet service,No internet service,Two year,Yes,Electronic check,18.25,159.33,0
5708-XMDYV,Male,0,Yes,No,3,Yes,Yes,Fiber optic,Yes,No,No,No,Yes,Yes,Month-to-month,Yes,Electronic check,117.66,332.2,1
5937-ESEUN,Male,0,No,No,6,Yes,No,Fiber optic,No,No,No,Yes,No,No,Month-to-month,Yes,Bank transfer (automatic),91.99,529.56,0
9431-DLFSJ,Female,0,Yes,Yes,4,Yes,Yes,Fiber optic,No,No,Yes,No,Yes,Yes,Month-to-month,Yes,Electronic check,102.73,436.73,1
9142-AWWPD,Male,1,No,No,32,Yes,No,Fiber optic,No,No,No,No,Yes,No,Two year,Yes,Mailed check,86.86,2760.28,0
5301-IRQOS,Male,0,Yes,Yes,61,Yes,No,DSL,Yes,Yes,No,No,No,No,Month-to-month,Yes,Mailed check,58.92,3599.65,1
9044-GYRFS,Female,0,No,No,44,Yes,Yes,Fiber optic,No,Yes,Yes,No,No,Yes,One year,Yes,Mailed check,92.21,4093.54,1
6969-ULYCA,Female,0,No,No,7,Yes,Yes,DSL,No,No,No,No,No,No,Month-to-month,Yes,Electronic check,53.23,368.1,1
7807-EAHGO,Male,0,No,No,4,No,No phone service,Fiber optic,No,No,No,No,Yes,Yes,Two year,Yes,Mailed check,105.0,438.97,1
1565-KRNIE,Male,0,No,No,62,No,No phone service,Fiber optic,No,Yes,Yes,No,Yes,Yes,Month-to-month,No,Bank transfer (automatic),112.49,6960.98,1
6768-WDLAX,Female,0,No,No,2,No,No phone service,No,No internet service,No internet service,No internet service,No internet service,No internet service,No internet service,Month-to-month,No,Electronic check,20.14,55.28,1
6697-MACVH,Male,0,Yes,No,19,Yes,Yes,No,No internet service,No internet service,No internet service,No internet service,No internet service,No internet service,One year,Yes,Electronic check,18.25,337.54,0
6131-XRYPT,Female,1,Yes,Yes,8,Yes,Yes,No,No internet service,No internet service,No internet service,No internet service,No internet service,No internet service,Month-to-month,Yes,Mailed check,23.16,168.65,1
3987-TPBQJ,Male,1,Yes,No,49,No,No phone service,Fiber optic,Yes,No,Yes,No,Yes,No,Month-to-month,No,Credit card (automatic),109.51,5381.52,1
1640-GJSTI,Female,0,No,Yes,4,Yes,No,Fiber optic,No,Yes,Yes,No,Yes,No,Month-to-month,No,Credit card (automatic),91.57,362.69,1
9994-VQIIE,Male,0,Yes,Yes,9,Yes,Yes,DSL,No,No,No,No,Yes,Yes,One year,Yes,Credit card (automatic),78.48,705.25,1
9075-XGKHY,Male,0,Yes,Yes,44,Yes,No,Fiber optic,No,No,Yes,No,No,No,One year,No,Electronic check,84.59,3743.75,1
3778-NBJUX,Female,0,Yes,No,32,Yes,No,DSL,No,No,No,No,Yes,No,Two year,No,Bank transfer (automatic),60.03,1910.51,0
1507-PPSKF,Male,0,No,Yes,3,Yes,Yes,DSL,No,No,No,Yes,No,No,One year,Yes,Credit card (automatic),51.02,144.85,1
7935-FGPMC,Female,1,Yes,No,5,Yes,No,Fiber optic,No,No,Yes,Yes,Yes,No,Month-to-month,No,Bank transfer (automatic),106.0,528.22,1
2964-XXIXC,Female,0,No,No,8,Yes,No,Fiber optic,No,Yes,Yes,No,No,No,Month-to-month,No,Bank transfer (automatic),82.14,693.83,1
7489-FYQCB,Female,0,Yes,No,10,Yes,Yes,No,No internet service,No internet service,No internet service,No internet service,No internet service,No internet service,Month-to-month,Yes,Electronic check,27.64,279.56,1
2534-LXFJK,Male,1,No,No,58,Yes,Yes,Fiber optic,Yes,No,Yes,No,No,Yes,Month-to-month,No,Bank transfer (automatic),96.0,5589.72,1
1325-PPXRV,Male,1,No,No,65,Yes,No,Fiber optic,Yes,Yes,No,Yes,No,No,Month-to-month,No,Bank transfer (automatic),96.54,6277.28,1
7312-WXIUS,Female,0,Yes,No,64,Yes,Yes,No,No internet service,No internet service,No internet service,No internet service,No internet service,No internet service,Month-to-month,Yes,Electronic check,18.25,1180.17,1
3338-BXAZP,Female,0,No,Yes,57,No,No phone service,DSL,Yes,Yes,No,No,No,No,Month-to-month,Yes,Mailed check,56.7,3229.91,0
9583-VRCXA,Female,0,No,No,4,Yes,No,No,No internet service,No internet service,No internet service,No internet service,No internet service,No internet service,One year,Yes,Mailed check,18.25,84.36,1
8299-FSVSK,Male,0,No,Yes,49,Yes,No,DSL,No,No,Yes,Yes,No,Yes,One year,Yes,Electronic check,73.52,3602.92,0
5250-HETIO,Female,1,No,No,12,Yes,Yes,No,No internet service,No internet service,No internet service,No internet service,No internet service,No internet service,Two year,Yes,Credit card (automatic),20.46,244.37,0
3237-UNDXX,Female,0,Yes,Yes,10,Yes,No,No,No internet service,No internet service,No internet service,No internet service,No internet service,No internet service,Two year,No,Electronic check,18.25,177.59,0
7482-HTQBT,Male,1,No,No,15,Yes,No,DSL,No,No,Yes,No,No,Yes,Month-to-month,No,Credit card (automatic),64.41,958.83,1
6646-PJBKJ,Female,1,No,Yes,7,Yes,Yes,Fiber optic,Yes,Yes,No,No,Yes,No,One year,Yes,Electronic check,94.68,651.2,1
6349-SYYNK,Male,0,Yes,Yes,68,Yes,Yes,Fiber optic,Yes,No,No,No,No,No,Month-to-month,No,Mailed check,89.79,6101.65,1
9697-IGOTQ,Female,0,No,No,25,Yes,Yes,No,No internet service,No internet service,No internet service,No internet service,No internet service,No internet service,One year,No,Credit card (automatic),30.07,749.26,1
4784-CONHD,Female,0,No,No,65,Yes,No,DSL,Yes,Yes,No,No,No,Yes,One year,Yes,Electronic check,75.11,4875.27,0
4570-ZJBNH,Female,0,Yes,No,38,Yes,No,Fiber optic,No,No,No,No,Yes,Yes,Month-to-month,Yes,Bank transfer (automatic),114.26,4338.2,1
1864-WJYRO,Male,1,Yes,Yes,45,Yes,Yes,Fiber optic,Yes,No,No,No,Yes,No,Month-to-month,No,Mailed check,97.83,4401.4,1
5721-EVMRB,Male,1,No,Yes,19,Yes,Yes,DSL,Yes,No,No,Yes,No,No,Month-to-month,No,Mailed check,79.47,1503.58,0
9232-MNJDO,Male,0,No,No,72,Yes,No,No,No internet service,No internet service,No internet service,No internet service,No internet service,No internet service,Month-to-month,Yes,Mailed check,22.21,1614.59,0
4283-HONUI,Female,0,Yes,No,17,Yes,No,Fiber optic,Yes,Yes,No,No,No,No,Month-to-month,Yes,Mailed check,84.35,1442.49,1
5755-TCZOX,Female,0,No,No,67,Yes,No,Fiber optic,No,No,No,No,No,Yes,Month-to-month,Yes,Bank transfer (automatic),93.57,6261.33,1
3815-QYPDK,Female,0,No,No,7,No,No phone service,DSL,Yes,Yes,Yes,Yes,No,No,One year,Yes,Electronic check,78.21,554.42,1
7319-YHCSN,Female,0,Yes,Yes,72,Yes,No,DSL,No,No,No,Yes,No,Yes,One year,No,Credit card (automatic),70.95,5108.93,0
9513-ICDYD,Male,0,No,No,7,Yes,Yes,Fiber optic,No,No,No,Yes,Yes,No,Month-to-month,No,Credit card (automatic),106.1,765.28,1
1371-KSPWV,Female,0,Yes,No,65,Yes,Yes,DSL,No,No,No,No,No,No,Month-to-month,No,Mailed check,53.45,3466.28,0
5471-QJXQP,Female,0,No,No,64,Yes,Yes,No,No internet service,No internet service,No internet service,No internet service,No internet service,No internet service,One year,Yes,Mailed check,18.83,1203.18,0
5608-TVFGN,Male,0,Yes,No,56,Yes,No,No,No internet service,No internet service,No internet service,No internet service,No internet service,No internet service,One year,Yes,Bank transfer (automatic),18.25,1040.03,0
4543-KLNEE,Female,0,Yes,Yes,23,Yes,No,No,No internet service,No internet service,No internet service,No internet service,No internet service,No internet service,Two year,Yes,Electronic check,18.25,414.12,0
3542-TVWZO,Male,0,No,No,36,Yes,No,Fiber optic,No,Yes,Yes,No,No,Yes,Month-to-month,Yes,Mailed check,91.28,3259.32,1
8719-ZAYXW,Female,0,Yes,No,15,Yes,No,Fiber optic,No,No,No,No,Yes,No,Month-to-month,Yes,Mailed check,102.03,1526.99,1
5870-ICZDP,Male,1,No,No,31,Yes,No,No,No internet service,No internet service,No internet service,No internet service,No internet service,No internet service,One year,No,Mailed check,26.82,832.21,0
7928-GVNPR,Female,1,No,Yes,35,Yes,Yes,Fiber optic,No,Yes,No,Yes,Yes,No,Month-to-month,No,Credit card (automatic),102.73,3611.26,1
8951-PPBJG,Male,0,Yes,Yes,69,Yes,Yes,Fiber optic,No,Yes,No,No,No,No,Month-to-month,Yes,Mailed check,74.69,5161.96,1
9802-YOIGX,Male,0,Yes,No,5,Yes,No,Fiber optic,No,No,No,No,No,No,Month-to-month,Yes,Credit card (automatic),76.44,383.01,1
3364-PZCQW,Female,0,Yes,No,49,Yes,No,Fiber optic,No,No,Yes,No,Yes,No,Two year,No,Electronic check,95.85,4696.17,0
6551-HBYTZ,Female,0,Yes,No,1,Yes,No,Fiber optic,No,No,Yes,No,No,No,Month-to-month,Yes,Bank transfer (automatic),72.29,72.29,1
2360-YCHBS,Male,0,No,Yes,9,Yes,Yes,Fiber optic,No,No,No,No,Yes,No,Month-to-month,Yes,Credit card (automatic),82.69,754.55,1
1911-QETQJ,Male,0,No,No,59,Yes,No,Fiber optic,No,Yes,No,Yes,Yes,Yes,Two year,Yes,Electronic check,118.75,7012.34,0
9064-IVFKB,Female,0,No,No,34,Yes,No,DSL,No,Yes,No,No,Yes,Yes,Two year,No,Mailed check,71.52,2435.15,1
5309-WLLPY,Male,0,No,Yes,8,Yes,No,No,No internet service,No internet service,No internet service,No internet service,No internet service,No internet service,Two year,Yes,Credit card (automatic),20.28,168.96,0
6253-VXLUR,Female,1,Yes,No,41,Yes,Yes,No,No internet service,No internet service,No internet service,No internet service,No internet service,No internet service,Month-to-month,Yes,Credit card (automatic),18.25,748.89,0
6818-MOPDL,Female,1,Yes,No,10,Yes,Yes,DSL,No,No,No,No,No,Yes,Two year,Yes,Bank transfer (automatic),60.13,601.99,0
4349-QAVRV,Female,1,Yes,No,4,Yes,Yes,Fiber optic,Yes,No,No,No,Yes,No,One year,No,Bank transfer (automatic),102.49,431.97,1
8331-PAJSP,Female,1,Yes,Yes,3,Yes,No,DSL,Yes,No,Yes,No,No,No,Month-to-month,Yes,Electronic check,59.04,204.31,1
1964-NYBXF,Female,0,Yes,No,66,Yes,No,Fiber optic,No,No,No,No,No,Yes,Two year,Yes,Credit card (automatic),93.76,6212.92,0
5894-VWELD,Female,0,Yes,No,22,Yes,Yes,Fiber optic,No,Yes,No,Yes,No,Yes,One year,Yes,Electronic check,90.86,2007.59,1
2423-VXDEG,Male,0,No,No,71,Yes,No,DSL,No,No,Yes,No,Yes,Yes,Month-to-month,Yes,Mailed check,78.81,5583.89,1
1122-FMDMD,Female,0,Yes,No,60,Yes,Yes,Fiber optic,No,No,No,No,No,No,Month-to-month,Yes,Electronic check,82.78,4971.17,1
1479-JTAUH,Male,0,No,Yes,52,Yes,Yes,DSL,Yes,No,No,Yes,Yes,No,One year,No,Credit card (automatic),88.35,4573.94,0
1662-GECOQ,Female,1,Yes,No,72,Yes,Yes,DSL,No,No,No,No,Yes,No,Two year,Yes,Bank transfer (automatic),59.36,4279.69,0
4169-WMOST,Female,0,Yes,Yes,71,Yes,No,DSL,No,No,No,Yes,No,Yes,Two year,No,Credit card (automatic),72.44,5147.33,0
5690-NUMLX,Female,0,Yes,No,10,No,No phone service,No,No internet service,No internet service,No internet service,No internet service,No internet service,No internet service,Month-to-month,Yes,Mailed check,20.21,196.55,1
4244-WICKJ,Male,0,Yes,No,22,No,No phone service,Fiber optic,Yes,No,Yes,Yes,Yes,No,Two year,No,Bank transfer (automatic),108.92,2384.9,0
7380-AQZMN,Female,0,Yes,No,7,Yes,Yes,Fiber optic,No,No,No,No,No,No,Month-to-month,Yes,Bank transfer (automatic),79.32,544.61,1
3988-ABBGI,Female,0,Yes,Yes,1,Yes,No,Fiber optic,Yes,No,No,No,No,Yes,One year,No,Credit card (automatic),105.64,105.64,1
6417-XDBSZ,Female,1,Yes,Yes,11,Yes,No,Fiber optic,Yes,No,No,No,No,Yes,Month-to-month,Yes,Electronic check,97.3,1068.41,1
3776-EIXML,Female,0,Yes,Yes,69,Yes,No,Fiber optic,No,Yes,Yes,No,No,Yes,One year,Yes,Mailed check,94.86,6546.48,0
1439-SIJSJ,Male,0,No,No,31,Yes,No,DSL,Yes,No,No,Yes,Yes,Yes,Month-to-month,Yes,Bank transfer (automatic),96.96,2998.71,1
2379-LNHPQ,Male,0,Yes,No,66,Yes,No,DSL,No,No,Yes,Yes,No,No,Two year,Yes,Credit card (automatic),63.46,4199.68,0
5475-TDFLR,Female,1,No,No,9,Yes,No,Fiber optic,No,No,No,Yes,No,Yes,Month-to-month,Yes,Bank transfer (automatic),105.67,929.58,1
4378-GEJFN,Female,0,No,No,11,Yes,No,DSL,Yes,Yes,No,No,No,No,One year,No,Bank transfer (automatic),59.83,645.18,1
5439-FNLVZ,Male,1,No,No,11,Yes,No,Fiber optic,No,No,No,Yes,No,No,Two year,Yes,Mailed check,90.12,1003.83,1
2443-LHJPT,Female,1,No,No,4,Yes,Yes,Fiber optic,Yes,No,No,Yes,Yes,No,Month-to-month,No,Electronic check,110.73,447.61,1
6356-ZHIMT,Male,0,No,No,25,Yes,Yes,DSL,No,Yes,No,No,Yes,Yes,Month-to-month,Yes,Electronic check,75.3,1884.99,1
7703-QSQGA,Male,1,Yes,No,15,Yes,No,Fiber optic,No,No,Yes,No,No,Yes,Month-to-month,Yes,Credit card (automatic),83.01,1243.79,1
2477-TNQMB,Male,1,Yes,Yes,61,Yes,No,DSL,No,No,No,Yes,No,Yes,Month-to-month,Yes,Electronic check,76.34,4654.28,1
3039-NAEGS,Male,0,No,No,72,Yes,Yes,Fiber optic,Yes,No,No,No,Yes,Yes,Month-to-month,Yes,Bank transfer (automatic),113.87,8208.18,1
2173-NXNOE,Male,0,Yes,No,4,Yes,Yes,Fiber optic,Yes,No,No,No,Yes,Yes,Month-to-month,No,Bank transfer (automatic),118.75,485.16,1
9789-EUXBR,Male,1,No,No,28,Yes,Yes,No,No internet service,No internet service,No internet service,No internet service,No internet service,No internet service,Month-to-month,Yes,Credit card (automatic),25.38,704.43,0
6963-XIJZR,Male,0,No,Yes,57,Yes,Yes,DSL,Yes,Yes,No,No,No,Yes,Month-to-month,Yes,Electronic check,72.37,4126.87,1
7282-DHRTZ,Female,1,No,No,19,Yes,No,Fiber optic,No,No,No,No,Yes,No,Month-to-month,No,Credit card (automatic),97.07,1833.27,1
6522-QPRGA,Male,0,Yes,No,25,Yes,No,DSL,Yes,No,No,Yes,No,Yes,Month-to-month,Yes,Mailed check,80.66,2032.5,1
6119-ARDWT,Female,0,Yes,No,71,Yes,Yes,DSL,No,No,No,No,No,Yes,One year,Yes,Electronic check,63.77,4519.54,0
5336-UTDYF,Female,0,Yes,No,12,Yes,Yes,No,No internet service,No internet service,No internet service,No internet service,No internet service,No internet service,Two year,Yes,Electronic check,29.41,337.98,0
3893-CFMWG,Female,0,No,No,2,Yes,No,Fiber optic,No,Yes,No,Yes,No,No,Month-to-month,Yes,Electronic check,90.04,198.11,1
3669-XDAFX,Male,1,No,No,44,Yes,No,DSL,Yes,Yes,No,Yes,No,No,One year,Yes,Bank transfer (automatic),78.23,3453.46,1
5230-EMSDX,Male,0,Yes,No,9,Yes,Yes,DSL,No,Yes,No,No,Yes,Yes,Month-to-month,Yes,Bank transfer (automatic),74.65,685.85,1
1279-FMEMY,Male,0,Yes,No,2,Yes,No,DSL,No,Yes,Yes,Yes,No,No,Two year,Yes,Mailed check,58.17,95.0,0
4817-JCWYM,Female,0,Yes,No,7,Yes,No,DSL,No,No,No,No,Yes,Yes,Month-to-month,No,Electronic check,75.91,529.23,1
6419-LDJZC,Female,0,No,Yes,9,Yes,No,DSL,No,Yes,No,Yes,No,No,Month-to-month,Yes,Credit card (automatic),59.59,522.2,1
5919-QIARI,Female,0,Yes,No,12,Yes,No,DSL,Yes,Yes,Yes,No,Yes,No,Month-to-month,Yes,Mailed check,72.01,868.81,1
3571-UTYIB,Female,0,Yes,Yes,6,Yes,No,Fiber optic,No,Yes,No,Yes,No,Yes,Two year,No,Electronic check,111.52,657.9,1
6653-SPCPU,Male,0,Yes,Yes,40,Yes,Yes,Fiber optic,No,No,No,No,Yes,No,Month-to-month,No,Electronic check,94.74,3783.08,1
2101-MCJVR,Female,0,Yes,Yes,55,Yes,Yes,Fiber optic,Yes,No,No,Yes,No,No,Month-to-month,Yes,Bank transfer (automatic),87.38,4795.43,1
1568-FFRFF,Male,0,No,No,9,No,No phone service,Fiber optic,No,Yes,No,Yes,Yes,No,One year,Yes,Mailed check,110.9,987.1,0
2694-VMNUG,Female,0,Yes,No,3,Yes,No,DSL,No,No,Yes,Yes,No,Yes,Two year,Yes,Mailed check,72.82,250.59,1
5216-MOLUA,Male,0,No,Yes,49,Yes,No,Fiber optic,No,Yes,Yes,No,Yes,No,Two year,Yes,Electronic check,97.1,4761.92,1
4767-YCRZV,Female,0,Yes,No,2,Yes,No,DSL,No,Yes,No,No,No,No,Two year,Yes,Electronic check,50.49,121.79,1
4589-HBDRY,Male,0,No,No,1,Yes,Yes,Fiber optic,No,Yes,No,No,No,Yes,Month-to-month,No,Electronic check,91.66,102.93,1
8675-ZMOBJ,Female,0,No,No,32,Yes,No,No,No internet service,No internet service,No internet service,No internet service,No internet service,No internet service,Month-to-month,No,Credit card (automatic),18.25,576.77,1
4684-BULEL,Male,0,Yes,Yes,12,Yes,No,No,No internet service,No internet service,No internet service,No internet service,No internet service,No internet service,Two year,No,Bank transfer (automatic),23.52,265.81,0
1577-WABPV,Male,0,Yes,Yes,58,Yes,Yes,Fiber optic,Yes,Yes,No,No,Yes,No,Month-to-month,No,Electronic check,96.8,5617.65,1
1059-BPTZP,Male,0,Yes,No,39,Yes,Yes,Fiber optic,Yes,No,No,No,No,No,Month-to-month,Yes,Electronic check,83.97,3273.68,1
9145-FMLWJ,Female,0,Yes,No,31,Yes,No,No,No internet service,No internet service,No internet service,No internet service,No internet service,No internet service,Month-to-month,No,Credit card (automatic),18.25,557.66,1
1787-EHFET,Male,0,No,Yes,43,Yes,Yes,Fiber optic,No,Yes,No,Yes,No,No,Month-to-month,Yes,Electronic check,95.65,4112.42,1
5371-VFVQF,Male,0,No,Yes,5,Yes,Yes,No,No internet service,No internet service,No internet service,No internet service,No internet service,No internet service,Two year,No,Electronic check,18.25,91.18,0
7013-QEWQQ,Male,0,Yes,Yes,12,Yes,Yes,Fiber optic,Yes,No,Yes,Yes,No,Yes,One year,Yes,Credit card (automatic),116.23,1400.54,1
4202-MVGVU,Male,0,No,No,9,Yes,No,DSL,Yes,Yes,No,No,No,No,Month-to-month,Yes,Electronic check,64.94,583.66,1
7252-FNPCI,Male,1,Yes,Yes,6,Yes,No,No,No internet service,No internet service,No internet service,No internet service,No internet service,No internet service,One year,Yes,Credit card (automatic),18.25,113.64,0
6265-OURJJ,Female,0,Yes,No,7,Yes,No,DSL,Yes,Yes,No,No,Yes,No,Month-to-month,No,Bank transfer (automatic),75.26,524.22,1
4942-WCACY,Male,0,No,No,44,Yes,Yes,Fiber optic,No,No,Yes,No,No,No,Month-to-month,No,Electronic check,83.29,3663.13,1
9165-EGCDQ,Female,1,No,No,69,Yes,Yes,DSL,Yes,Yes,No,No,No,No,Two year,Yes,Credit card (automatic),55.36,3817.16,0
8495-CWDBN,Male,0,Yes,No,19,Yes,Yes,No,No internet service,No internet service,No internet service,No internet service,No internet service,No internet service,Month-to-month,Yes,Credit card (automatic),21.14,401.09,1
9138-EUBOK,Female,0,Yes,Yes,5,Yes,Yes,DSL,Yes,No,No,Yes,No,No,One year,No,Electronic check,65.65,322.22,1
6227-VJTAS,Female,0,No,No,4,Yes,Yes,DSL,No,Yes,No,No,No,No,Month-to-month,No,Electronic check,44.87,181.97,1
7178-NYZWV,Female,0,No,No,72,Yes,Yes,Fiber optic,No,No,Yes,No,Yes,Yes,Month-to-month,No,Electronic check,107.77,7764.59,1
1335-NAYIQ,Female,0,No,Yes,7,Yes,No,Fiber optic,Yes,No,No,Yes,Yes,Yes,One year,Yes,Credit card (automatic),116.16,815.15,1
9781-NMMFG,Female,0,Yes,Yes,2,Yes,No,No,No internet service,No internet service,No internet service,No internet service,No internet service,No internet service,Two year,Yes,Credit card (automatic),18.25,18.25,0
5625-BZHXF,Female,0,No,Yes,2,Yes,Yes,Fiber optic,No,No,Yes,Yes,No,No,Two year,No,Bank transfer (automatic),99.57,206.3,1
8302-YCRRV,Male,1,Yes,No,1,Yes,Yes,DSL,Yes,No,Yes,No,Yes,No,Two year,Yes,Credit card (automatic),66.74,68.88,0
5936-WFKCP,Male,0,No,Yes,44,Yes,Yes,Fiber optic,No,No,No,No,Yes,Yes,Two year,Yes,Electronic check,105.43,4631.89,0
1467-EXVBO,Male,0,Yes,No,14,Yes,Yes,Fiber optic,Yes,No,No,No,Yes,No,Month-to-month,No,Electronic check,103.66,1456.78,1
1184-PGPXD,Male,0,Yes,No,2,Yes,Yes,Fiber optic,Yes,No,Yes,No,No,Yes,Two year,No,Bank transfer (automatic),94.47,156.66,0
9074-PQBPD,Female,1,No,No,65,Yes,Yes,No,No internet service,No internet service,No internet service,No internet service,No internet service,No internet service,Two year,No,Credit card (automatic),18.25,1175.79,0
4715-GRFRG,Female,1,No,Yes,10,Yes,No,Fiber optic,No,No,No,No,No,Yes,Month-to-month,Yes,Electronic check,94.83,966.25,1
1420-BSIDN,Female,0,Yes,No,12,Yes,No,No,No internet service,No internet service,No internet service,No internet service,No internet service,No internet service,Month-to-month,Yes,Electronic check,22.15,254.29,1
3350-EYGHO,Male,0,No,Yes,72,Yes,No,DSL,No,No,No,Yes,Yes,No,Month-to-month,Yes,Credit card (automatic),70.16,5032.13,1
1553-SKTWD,Male,0,No,Yes,70,Yes,Yes,No,No internet service,No internet service,No internet service,No internet service,No internet service,No internet service,One year,No,Bank transfer (automatic),18.91,1322.82,0
2397-RNZFY,Female,0,Yes,No,55,Yes,No,DSL,No,No,Yes,Yes,Yes,Yes,Month-to-month,No,Electronic check,93.54,5136.0,0
2384-PRAHA,Male,0,Yes,No,50,Yes,No,No,No internet service,No internet service,No internet service,No internet service,No internet service,No internet service,One year,No,Mailed check,23.56,1181.89,0
8726-ASUYJ,Female,1,Yes,No,6,Yes,No,Fiber optic,No,No,Yes,No,No,No,Two year,Yes,Mailed check,74.01,441.02,1
5053-RLQAH,Female,0,Yes,No,6,Yes,Yes,No,No internet service,No internet service,No internet service,No internet service,No internet service,No internet service,Month-to-month,Yes,Bank transfer (automatic),18.25,132.82,0
2760-JZJRI,Male,0,No,No,6,Yes,No,DSL,Yes,No,No,No,Yes,No,Month-to-month,Yes,Mailed check,74.17,428.37,1
6720-YBCBF,Female,0,No,No,57,No,No phone service,Fiber optic,No,No,Yes,No,Yes,No,Month-to-month,No,Mailed check,96.49,5516.57,1
1297-WLVSO,Male,0,No,No,5,Yes,Yes,No,No internet service,No internet service,No internet service,No internet service,No internet service,No internet service,Two year,Yes,Credit card (automatic),26.68,140.33,1
1443-SLRPB,Male,0,No,No,58,Yes,No,Fiber optic,Yes,No,No,No,Yes,Yes,Month-to-month,No,Bank transfer (automatic),114.04,6618.0,1
1777-KLEXF,Male,0,No,Yes,1,No,No phone service,Fiber optic,No,Yes,No,Yes,Yes,Yes,Two year,Yes,Bank transfer (automatic),114.41,120.6,1
2119-YKUJD,Male,0,Yes,No,66,Yes,Yes,Fiber optic,Yes,Yes,No,Yes,Yes,No,Month-to-month,Yes,Electronic check,106.92,7072.46,1
4961-ILJNE,Female,0,No,No,14,Yes,Yes,DSL,No,Yes,Yes,No,Yes,No,Month-to-month,Yes,Mailed check,60.49,861.54,1
4795-AEPEE,Female,0,No,No,23,Yes,No,DSL,No,Yes,No,No,No,Yes,Month-to-month,No,Bank transfer (automatic),60.16,1393.38,1
7461-RFURJ,Female,0,Yes,No,68,Yes,No,DSL,No,No,Yes,Yes,No,No,Month-to-month,Yes,Electronic check,66.87,4553.83,1
2921-OXVKZ,Female,0,No,No,2,Yes,No,No,No internet service,No internet service,No internet service,No internet service,No internet service,No internet service,Month-to-month,No,Credit card (automatic),23.27,56.18,0
1655-SYMTC,Male,0,Yes,No,71,Yes,No,DSL,No,No,No,No,Yes,No,Month-to-month,Yes,Mailed check,59.36,4196.51,1
7280-PGLOH,Male,0,No,No,70,Yes,No,DSL,Yes,Yes,Yes,No,No,Yes,Two year,Yes,Mailed check,80.84,5660.69,0
3229-WQAUH,Female,0,No,No,33,Yes,No,No,No internet service,No internet service,No internet service,No internet service,No internet service,No internet service,Month-to-month,Yes,Credit card (automatic),25.88,871.92,1
5604-NJSHS,Male,0,No,No,4,Yes,No,Fiber optic,Yes,No,No,No,Yes,Yes,Month-to-month,Yes,Electronic check,109.32,418.5,1
3842-DJWCD,Male,0,Yes,No,10,No,No phone service,Fiber optic,No,Yes,No,No,No,No,Two year,No,Credit card (automatic),81.56,811.98,1
3537-PXDYT,Female,0,No,No,40,Yes,No,Fiber optic,No,Yes,No,No,No,No,One year,No,Credit card (automatic),75.14,2968.74,0
9267-TMUQW,Female,0,No,No,23,Yes,Yes,Fiber optic,No,No,No,Yes,No,Yes,Month-to-month,Yes,Bank transfer (automatic),104.93,2408.4,1
7768-YPYQF,Male,0,No,No,67,Yes,Yes,Fiber optic,Yes,Yes,Yes,Yes,No,Yes,Month-to-month,No,Mailed check,118.75,7965.77,1
3540-CTXDH,Female,0,Yes,No,55,Yes,Yes,DSL,Yes,Yes,Yes,No,Yes,Yes,Month-to-month,No,Electronic check,85.44,4698.57,1
4905-TIVAM,Male,0,No,No,2,Yes,Yes,Fiber optic,No,No,Yes,Yes,Yes,Yes,Two year,Yes,Bank transfer (automatic),108.56,237.24,0
6186-ZBWJW,Male,0,Yes,No,23,Yes,No,Fiber optic,No,No,No,No,Yes,No,Month-to-month,Yes,Credit card (automatic),97.27,2240.24,1
3457-SQXMZ,Female,0,No,No,26,Yes,No,DSL,No,Yes,Yes,Yes,Yes,No,One year,Yes,Mailed check,61.29,1605.76,1
3578-NKJGJ,Female,0,No,No,67,Yes,Yes,Fiber optic,No,No,Yes,Yes,Yes,Yes,Two year,No,Bank transfer (automatic),96.55,6449.39,0
9475-XANCM,Female,0,No,No,2,Yes,No,No,No internet service,No internet service,No internet service,No internet service,No internet service,No internet service,Month-to-month,Yes,Mailed check,22.38,37.87,1
8660-BQUCZ,Male,1,No,No,4,Yes,Yes,No,No internet service,No internet service,No internet service,No internet service,No internet service,No internet service,Month-to-month,Yes,Bank transfer (automatic),24.92,92.84,1
9001-OHFZI,Female,0,No,Yes,69,Yes,No,No,No internet service,No internet service,No internet service,No internet service,No internet service,No internet service,Two year,Yes,Electronic check,18.25,1242.88,0
3758-YKVBI,Female,0,No,No,3,Yes,No,Fiber optic,Yes,No,Yes,No,No,No,Month-to-month,Yes,Electronic check,83.09,266.9,1
7574-RSVRE,Female,0,No,No,36,Yes,No,Fiber optic,Yes,Yes,Yes,No,No,No,Month-to-month,No,Credit card (automatic),94.13,3387.23,1
6354-RLDOK,Female,0,Yes,Yes,44,Yes,Yes,DSL,No,Yes,No,No,Yes,No,Two year,Yes,Electronic check,56.29,2467.72,0
1558-SEFMW,Male,0,No,Yes,60,Yes,No,DSL,No,No,Yes,Yes,No,No,Two year,No,Credit card (automatic),52.5,3150.87,0
1320-JXYND,Female,0,Yes,Yes,58,Yes,No,DSL,No,Yes,No,No,No,Yes,One year,No,Electronic check,66.08,3820.61,1
4039-TWLOZ,Male,0,No,No,59,Yes,No,DSL,No,No,No,No,Yes,No,Month-to-month,No,Bank transfer (automatic),54.82,3229.64,0
2371-JKIKB,Female,0,Yes,Yes,58,Yes,No,Fiber optic,No,Yes,Yes,No,Yes,Yes,Two year,No,Electronic check,99.35,5753.11,1
5141-MVZZH,Female,0,Yes,Yes,56,Yes,No,No,No internet service,No internet service,No internet service,No internet service,No internet service,No internet service,Month-to-month,Yes,Bank transfer (automatic),23.98,1330.35,0
1907-UUHAF,Female,0,No,No,67,Yes,No,No,No internet service,No internet service,No internet service,No internet service,No internet service,No internet service,Month-to-month,Yes,Electronic check,19.93,1336.45,1
9875-ZMIFO,Male,0,No,No,7,Yes,Yes,Fiber optic,No,No,Yes,No,No,No,Month-to-month,No,Bank transfer (automatic),80.79,555.59,1
2433-WPDZQ,Female,0,Yes,No,40,Yes,No,Fiber optic,No,Yes,No,No,Yes,Yes,Month-to-month,No,Mailed check,104.97,4192.45,1
8789-ILVST,Female,0,Yes,Yes,8,Yes,Yes,DSL,No,No,No,No,No,No,Month-to-month,Yes,Mailed check,46.07,375.39,0
8582-ZLVFL,Female,0,Yes,No,18,Yes,No,No,No internet service,No internet service,No internet service,No internet service,No internet service,No internet service,One year,No,Electronic check,18.25,341.55,1
4921-ITEUC,Male,0,No,Yes,71,Yes,No,Fiber optic,No,Yes,No,No,No,Yes,Month-to-month,Yes,Mailed check,89.02,6317.99,0
8293-BHJOI,Female,1,Yes,Yes,47,Yes,No,Fiber optic,No,Yes,No,Yes,No,Yes,Month-to-month,Yes,Bank transfer (automatic),93.16,4369.2,1
5908-JKINE,Female,0,No,No,32,No,No phone service,DSL,No,No,No,Yes,No,Yes,One year,No,Bank transfer (automatic),65.24,2099.81,0
4159-IDBSA,Male,0,Yes,No,67,Yes,Yes,No,No internet service,No internet service,No internet service,No internet service,No internet service,No internet service,One year,Yes,Bank transfer (automatic),18.25,1236.23,0
7936-UALKA,Male,0,No,No,22,Yes,No,Fiber optic,Yes,No,No,Yes,No,No,Two year,No,Credit card (automatic),103.89,2272.83,1
1926-NKGBO,Male,0,No,No,36,Yes,Yes,No,No internet service,No internet service,No internet service,No internet service,No internet service,No internet service,Month-to-month,No,Bank transfer (automatic),18.25,646.95,1
5950-HVTYO,Male,0,Yes,No,3,No,No phone service,DSL,Yes,Yes,No,No,No,No,Month-to-month,No,Mailed check,56.0,167.42,1
3470-ZHJSC,Female,0,Yes,No,9,Yes,No,DSL,No,No,No,Yes,No,No,Month-to-month,Yes,Bank transfer (automatic),57.35,516.69,0
1015-TNIIU,Female,0,No,Yes,62,Yes,Yes,Fiber optic,No,Yes,No,Yes,No,No,Month-to-month,No,Mailed check,88.61,5511.98,1
1143-YFHKH,Male,0,No,No,29,Yes,Yes,DSL,Yes,No,No,Yes,No,No,Month-to-month,Yes,Bank transfer (automatic),73.4,2117.58,0
8321-LJWDP,Male,1,No,Yes,35,Yes,Yes,DSL,Yes,Yes,No,Yes,No,No,Two year,Yes,Bank transfer (automatic),72.54,2525.85,0
3363-TFIWE,Male,0,Yes,No,62,Yes,Yes,Fiber optic,Yes,No,No,No,No,No,Month-to-month,Yes,Mailed check,84.84,5266.45,1
6260-UXFQQ,Male,0,Yes,No,5,Yes,Yes,DSL,Yes,No,No,Yes,No,No,Two year,No,Credit card (automatic),75.64,388.05,0
7977-YXVMQ,Female,0,Yes,No,72,Yes,Yes,Fiber optic,No,No,No,No,No,Yes,One year,Yes,Electronic check,94.53,6826.5,1
2161-NBZSZ,Male,0,Yes,No,7,Yes,Yes,Fiber optic,No,Yes,No,No,Yes,Yes,Month-to-month,Yes,Mailed check,105.74,737.76,1
5720-CBBVG,Male,0,Yes,No,5,Yes,No,DSL,Yes,Yes,No,No,No,Yes,Month-to-month,No,Credit card (automatic),72.55,349.25,1
9284-DQFGT,Female,1,No,Yes,2,Yes,Yes,Fiber optic,No,No,No,No,Yes,No,Month-to-month,Yes,Mailed check,91.25,196.72,1
5165-FITZD,Female,0,No,Yes,34,No,No phone service,DSL,No,Yes,Yes,Yes,Yes,Yes,Month-to-month,Yes,Bank transfer (automatic),82.24,2807.5,1
8847-ZESJR,Male,0,No,No,62,Yes,No,Fiber optic,No,No,No,No,No,No,One year,Yes,Mailed check,90.49,5591.47,1
2204-OYAEE,Male,0,Yes,No,10,Yes,Yes,DSL,No,No,No,No,No,No,Month-to-month,No,Credit card (automatic),44.23,466.66,1
7114-HVVVT,Male,0,Yes,No,39,Yes,No,DSL,Yes,No,No,Yes,Yes,Yes,Month-to-month,Yes,Credit card (automatic),105.27,4093.5,0
2362-OQSMZ,Female,0,Yes,No,55,Yes,No,DSL,No,No,No,No,No,Yes,One year,Yes,Electronic check,60.02,3315.68,0
8712-VUJQE,Female,0,No,No,61,Yes,No,DSL,No,No,No,Yes,Yes,Yes,One year,No,Credit card (automatic),91.75,5602.1,0
2212-RQDVG,Female,0,No,No,2,Yes,No,Fiber optic,Yes,Yes,Yes,Yes,Yes,Yes,Two year,Yes,Mailed check,118.75,215.39,0
2876-YEHHK,Male,0,Yes,No,69,Yes,No,DSL,Yes,No,Yes,No,No,Yes,Month-to-month,No,Bank transfer (automatic),69.41,4779.11,1
4245-ISSIW,Male,0,No,Yes,1,Yes,Yes,Fiber optic,No,No,Yes,No,Yes,No,Month-to-month,No,Credit card (automatic),91.46,107.52,1
9347-TQPGZ,Female,0,Yes,No,72,Yes,No,No,No internet service,No internet service,No internet service,No internet service,No internet service,No internet service,Month-to-month,Yes,Bank transfer (automatic),22.81,1638.89,1
9341-VCUSH,Female,0,No,No,69,Yes,No,No,No internet service,No internet service,No internet service,No internet service,No internet service,No internet service,Month-to-month,No,Bank transfer (automatic),18.25,1265.4,0
8603-EZZFB,Female,0,Yes,No,13,No,No phone service,Fiber optic,Yes,Yes,No,Yes,No,No,Two year,Yes,Credit card (automatic),97.06,1276.24,0
6862-XYSMF,Male,0,Yes,No,1,Yes,No,No,No internet service,No internet service,No internet service,No internet service,No internet service,No internet service,Month-to-month,No,Bank transfer (automatic),20.55,37.39,1
5657-FBZXE,Female,0,Yes,No,50,Yes,Yes,Fiber optic,Yes,No,Yes,No,Yes,No,Month-to-month,Yes,Electronic check,107.52,5391.09,1
2170-KKXNM,Female,0,No,No,22,Yes,Yes,Fiber optic,No,No,No,No,Yes,Yes,Two year,Yes,Bank transfer (automatic),107.74,2358.85,0
1579-HOLCU,Female,0,Yes,No,20,Yes,No,Fiber optic,No,No,No,No,No,Yes,Month-to-month,Yes,Credit card (automatic),89.05,1776.82,1
3182-WEFBH,Male,0,No,Yes,6,Yes,No,Fiber optic,No,No,No,Yes,No,No,Month-to-month,Yes,Mailed check,88.57,527.71,1
9146-EVQZB,Female,0,No,No,9,Yes,Yes,Fiber optic,No,Yes,No,No,Yes,No,Month-to-month,Yes,Mailed check,95.43,881.6,1
4284-KDKIF,Male,0,No,No,56,Yes,Yes,No,No internet service,No internet service,No internet service,No internet service,No internet service,No internet service,Two year,Yes,Electronic check,18.25,1032.14,0
4881-XBZOE,Male,0,Yes,No,64,Yes,Yes,Fiber optic,Yes,No,Yes,No,No,Yes,Two year,No,Mailed check,105.71,6756.36,1
2833-LMQDJ,Male,0,No,Yes,67,Yes,Yes,No,No internet service,No internet service,No internet service,No internet service,No internet service,No internet service,Month-to-month,Yes,Credit card (automatic),18.25,1231.06,0
7717-AKPKI,Female,0,No,No,56,Yes,Yes,Fiber optic,Yes,Yes,No,No,No,Yes,Two year,Yes,Electronic check,98.33,5522.43,0
2825-BGSRT,Male,0,Yes,Yes,47,Yes,No,No,No internet service,No internet service,No internet service,No internet service,No internet service,No internet service,Two year,Yes,Credit card (automatic),19.54,934.19,0
7459-GWILC,Female,0,Yes,Yes,2,Yes,Yes,Fiber optic,No,Yes,No,No,No,Yes,Month-to-month,Yes,Bank transfer (automatic),101.82,208.6,1
2859-WVZPG,Male,0,Yes,No,7,Yes,No,Fiber optic,Yes,Yes,Yes,No,Yes,Yes,One year,Yes,Electronic check,115.06,786.82,1
8379-WZEYW,Male,1,No,No,2,No,No phone service,No,No internet service,No internet service,No internet service,No internet service,No internet service,No internet service,Month-to-month,Yes,Bank transfer (automatic),22.95,38.57,1
8254-GSQPU,Male,0,Yes,No,62,No,No phone service,Fiber optic,No,No,Yes,No,No,Yes,One year,Yes,Mailed check,86.28,5344.84,0
3685-XUZSY,Female,0,No,Yes,63,Yes,Yes,DSL,Yes,Yes,No,Yes,No,Yes,Month-to-month,Yes,Bank transfer (automatic),87.19,5478.33,0
9989-RSDZA,Female,0,Yes,Yes,48,No,No phone service,DSL,No,No,No,Yes,Yes,No,One year,No,Credit card (automatic),78.8,3807.54,0
4745-DDIHB,Female,0,Yes,Yes,7,Yes,No,DSL,No,No,No,Yes,No,No,One year,No,Electronic check,67.73,464.73,1
5527-WFWKD,Female,1,No,Yes,62,Yes,No,No,No internet service,No internet service,No internet service,No internet service,No internet service,No internet service,One year,No,Mailed check,24.12,1509.43,0
4121-NUVIB,Male,0,No,No,5,Yes,No,DSL,No,No,No,No,No,Yes,Two year,Yes,Mailed check,58.75,306.76,1
1387-YZADL,Male,1,Yes,No,65,Yes,No,DSL,Yes,Yes,No,Yes,Yes,No,Month-to-month,No,Bank transfer (automatic),80.72,5256.69,0
7256-EIVDP,Male,0,Yes,No,69,Yes,No,DSL,No,No,No,No,Yes,No,Month-to-month,Yes,Electronic check,66.5,4569.53,1
2032-BPPUX,Male,0,No,Yes,2,Yes,Yes,DSL,No,No,No,No,Yes,No,Month-to-month,Yes,Electronic check,66.56,132.1,1
7311-XVKAO,Male,0,Yes,No,7,Yes,No,No,No internet service,No internet service,No internet service,No internet service,No internet service,No internet service,Month-to-month,No,Mailed check,21.01,151.53,0
3488-XDRQG,Female,1,Yes,No,51,Yes,Yes,DSL,No,Yes,No,No,Yes,Yes,Month-to-month,Yes,Mailed check,73.59,3728.08,1
3286-RMTTJ,Male,0,No,No,49,Yes,No,Fiber optic,No,Yes,No,No,No,No,Month-to-month,Yes,Electronic check,80.98,3953.52,1
4187-ABQVC,Female,0,No,No,26,Yes,Yes,DSL,No,No,Yes,No,No,No,Two year,No,Mailed check,59.75,1542.52,0
3629-QLXLT,Female,0,Yes,Yes,32,Yes,Yes,Fiber optic,No,No,No,No,No,Yes,Two year,No,Bank transfer (automatic),101.28,3254.23,1
9237-JGJRV,Female,0,Yes,Yes,1,No,No phone service,DSL,Yes,Yes,No,No,No,Yes,Month-to-month,No,Electronic check,72.82,72.82,1
9033-FGQLQ,Male,0,Yes,Yes,41,No,No phone service,DSL,No,No,No,Yes,No,No,Month-to-month,Yes,Mailed check,61.1,2505.56,1
4058-RNKBU,Female,0,No,No,11,Yes,No,Fiber optic,No,No,No,Yes,No,No,Two year,Yes,Bank transfer (automatic),89.04,969.93,1
4404-AKBPV,Female,0,No,Yes,24,Yes,No,Fiber optic,No,No,No,Yes,No,No,Month-to-month,Yes,Electronic check,88.53,2141.37,1
1931-CTAUT,Female,0,Yes,No,12,Yes,Yes,Fiber optic,No,Yes,No,Yes,No,No,Month-to-month,Yes,Bank transfer (automatic),87.54,1077.97,1
4879-HSZAZ,Female,0,No,No,4,Yes,No,DSL,Yes,Yes,Yes,Yes,No,No,Two year,No,Mailed check,79.37,317.89,1
1691-EAKUI,Male,1,No,No,8,Yes,No,Fiber optic,No,No,No,No,No,No,Month-to-month,Yes,Mailed check,80.58,621.56,1
5262-EBMRZ,Male,0,No,No,60,Yes,Yes,No,No internet service,No internet service,No internet service,No internet service,No internet service,No internet service,Two year,No,Mailed check,18.25,1102.77,0
2891-YLNEX,Male,0,No,Yes,8,Yes,Yes,DSL,Yes,No,Yes,No,No,No,Month-to-month,Yes,Electronic check,56.98,420.21,1
3268-JTBDL,Female,0,No,No,11,Yes,No,Fiber optic,No,No,No,No,Yes,No,Month-to-month,No,Bank transfer (automatic),90.21,994.31,1
6363-KDKIJ,Female,0,Yes,No,14,Yes,Yes,DSL,No,No,No,Yes,No,Yes,Two year,No,Mailed check,84.83,1177.72,0
1829-FOJVU,Male,0,Yes,No,10,Yes,No,No,No internet service,No internet service,No internet service,No internet service,No internet service,No internet service,Month-to-month,No,Credit card (automatic),18.52,191.44,1
6615-FAUVX,Male,0,No,No,32,No,No phone service,DSL,No,No,No,Yes,No,No,Two year,No,Bank transfer (automatic),64.75,2069.0,0
8772-TUDWZ,Female,1,Yes,No,1,Yes,Yes,No,No internet service,No internet service,No internet service,No internet service,No internet service,No internet service,Two year,Yes,Bank transfer (automatic),23.05,23.05,0
7820-VNTVT,Female,0,Yes,No,13,Yes,Yes,No,No internet service,No internet service,No internet service,No internet service,No internet service,No internet service,Month-to-month,No,Electronic check,25.62,345.96,1
9491-HKOSH,Male,0,Yes,No,5,Yes,No,DSL,No,No,No,No,No,No,Two year,Yes,Mailed check,56.14,291.98,1
1044-MRVXQ,Male,0,No,No,10,Yes,No,Fiber optic,Yes,No,No,Yes,Yes,Yes,Month-to-month,No,Bank transfer (automatic),118.75,1207.46,1
4101-FYOMZ,Female,0,Yes,No,3,Yes,Yes,Fiber optic,Yes,No,Yes,Yes,No,No,Month-to-month,Yes,Electronic check,92.04,249.0,0
5229-ZRKMA,Male,0,Yes,No,19,Yes,No,Fiber optic,No,No,No,Yes,Yes,No,Two year,Yes,Electronic check,109.86,2099.6,1
4012-REFAG,Male,1,No,No,1,Yes,No,Fiber optic,No,Yes,No,No,No,No,Month-to-month,No,Electronic check,74.67,85.78,1
8551-DIOFY,Female,1,No,No,9,Yes,No,Fiber optic,No,Yes,No,No,No,Yes,One year,Yes,Credit card (automatic),99.89,934.53,1
7634-QTRVD,Male,0,No,Yes,66,Yes,Yes,No,No internet service,No internet service,No internet service,No internet service,No internet service,No internet service,Month-to-month,Yes,Mailed check,18.25,1185.11,1
1223-INCAK,Male,0,No,No,2,Yes,No,DSL,No,Yes,Yes,No,No,Yes,One year,Yes,Credit card (automatic),66.34,135.74,1
3965-ALYIE,Female,1,Yes,Yes,61,Yes,Yes,DSL,Yes,Yes,No,No,No,No,Two year,Yes,Credit card (automatic),53.76,3267.61,0
2187-ORIMM,Male,0,Yes,No,2,Yes,No,No,No internet service,No internet service,No internet service,No internet service,No internet service,No internet service,One year,Yes,Electronic check,21.06,30.0,1
7079-XMJJV,Female,0,Yes,Yes,66,No,No phone service,Fiber optic,No,No,No,No,No,No,Two year,No,Credit card (automatic),76.06,5029.49,1
1837-GVETG,Male,0,No,No,6,Yes,No,Fiber optic,No,No,No,No,No,No,One year,Yes,Mailed check,81.85,492.49,1
4392-TJJZY,Male,0,No,Yes,59,Yes,No,No,No internet service,No internet service,No internet service,No internet service,No internet service,No internet service,Month-to-month,Yes,Credit card (automatic),24.33,1459.9,1
2683-UXMOF,Female,0,No,No,70,Yes,No,Fiber optic,No,No,No,No,No,Yes,Month-to-month,Yes,Mailed check,92.92,6454.69,1
8303-TLSKF,Male,0,Yes,No,10,Yes,No,Fiber optic,No,No,No,No,No,Yes,One year,Yes,Credit card (automatic),91.14,932.79,1
4059-ABWOD,Male,0,No,No,9,Yes,No,No,No internet service,No internet service,No internet service,No internet service,No internet service,No internet service,Month-to-month,Yes,Bank transfer (automatic),26.62,239.93,0
8762-EOKJQ,Female,0,Yes,No,40,Yes,No,Fiber optic,No,Yes,Yes,Yes,No,Yes,Month-to-month,No,Mailed check,98.94,3949.0,1
7932-BTXJT,Female,0,Yes,No,2,Yes,No,DSL,No,No,No,Yes,No,No,Month-to-month,No,Bank transfer (automatic),62.05,96.02,1
1063-CSECH,Male,0,No,Yes,70,Yes,No,DSL,No,No,No,Yes,No,No,One year,No,Electronic check,65.92,4621.97,0
4092-ELNGK,Male,0,No,No,5,Yes,Yes,No,No internet service,No internet service,No internet service,No internet service,No internet service,No internet service,Month-to-month,Yes,Credit card (automatic),18.25,82.24,1
1617-HEHLO,Male,0,No,No,69,Yes,No,DSL,No,No,No,No,No,Yes,Two year,Yes,Electronic check,55.95,3855.71,0
6014-SPNGH,Female,0,No,Yes,65,Yes,No,Fiber optic,No,Yes,No,No,No,Yes,Two year,No,Bank transfer (automatic),90.71,5894.1,0
7358-GRXFZ,Male,0,No,No,24,Yes,No,DSL,No,No,No,No,No,No,One year,Yes,Credit card (automatic),52.15,1249.16,0
1227-SDWCQ,Male,1,Yes,Yes,69,Yes,No,Fiber optic,Yes,Yes,Yes,No,No,No,One year,No,Electronic check,84.62,5838.16,1
6039-VSOZF,Female,0,Yes,No,11,Yes,Yes,Fiber optic,No,No,No,No,No,No,Month-to-month,No,Electronic check,77.06,836.16,1
7911-ZLSFK,Female,0,No,Yes,68,No,No phone service,Fiber optic,No,Yes,No,No,Yes,Yes,Month-to-month,Yes,Bank transfer (automatic),102.74,6997.61,1
8754-TTJZP,Female,0,Yes,Yes,3,No,No phone service,DSL,Yes,No,No,No,No,Yes,Month-to-month,Yes,Bank transfer (automatic),71.33,230.64,0
4195-RNDLT,Female,0,Yes,Yes,39,Yes,No,DSL,No,No,No,No,No,No,Month-to-month,Yes,Bank transfer (automatic),51.44,2013.14,1
4666-WUHGZ,Male,0,No,No,53,Yes,Yes,DSL,No,Yes,No,Yes,Yes,No,Two year,Yes,Electronic check,68.63,3615.56,1
8082-IXYQJ,Male,0,No,No,30,Yes,No,No,No internet service,No internet service,No internet service,No internet service,No internet service,No internet service,Month-to-month,Yes,Bank transfer (automatic),18.25,559.05,0
5134-CUYHN,Male,0,Yes,No,59,Yes,No,Fiber optic,No,Yes,No,No,No,No,Month-to-month,Yes,Credit card (automatic),83.44,4950.32,0
1969-ZGPRK,Female,0,Yes,No,49,Yes,No,DSL,No,Yes,No,Yes,Yes,Yes,Month-to-month,No,Mailed check,90.4,4413.37,1
2805-FTUNU,Male,1,No,No,47,Yes,No,No,No internet service,No internet service,No internet service,No internet service,No internet service,No internet service,Month-to-month,Yes,Mailed check,28.74,1355.03,1
3447-MDTTK,Male,0,No,No,32,Yes,No,No,No internet service,No internet service,No internet service,No internet service,No internet service,No internet service,One year,No,Bank transfer (automatic),18.25,575.64,0
1925-RALRG,Male,0,No,No,29,No,No phone service,DSL,No,No,Yes,No,Yes,No,Month-to-month,No,Credit card (automatic),55.51,1623.33,1
4334-LAVDR,Female,0,No,No,17,Yes,Yes,Fiber optic,No,No,No,Yes,No,No,Month-to-month,No,Bank transfer (automatic),94.82,1598.12,1
4399-OCGFO,Male,0,Yes,No,42,Yes,No,DSL,No,Yes,Yes,No,No,No,One year,Yes,Credit card (automatic),50.18,2123.29,1
6192-OFHHV,Male,0,No,No,4,Yes,No,Fiber optic,Yes,Yes,Yes,No,No,Yes,One year,No,Bank transfer (automatic),112.97,472.54,1
7955-AZMWX,Female,0,Yes,No,27,Yes,Yes,Fiber optic,No,No,No,No,No,Yes,Month-to-month,Yes,Electronic check,92.25,2518.36,1
8904-UMKDG,Male,0,Yes,Yes,6,Yes,No,Fiber optic,No,Yes,No,No,No,No,Month-to-month,Yes,Credit card (automatic),82.84,489.05,1
3851-LMVLP,Female,1,Yes,Yes,56,Yes,No,Fiber optic,Yes,No,Yes,No,No,No,Two year,Yes,Mailed check,83.03,4662.62,0
4995-FNSPZ,Female,0,Yes,No,21,Yes,No,DSL,No,Yes,No,Yes,No,No,Month-to-month,Yes,Credit card (automatic),54.93,1145.32,1
5623-DEIXC,Male,0,Yes,No,70,Yes,No,Fiber optic,No,No,No,No,Yes,No,Two year,Yes,Electronic check,90.48,6344.49,0
2860-VJQSJ,Female,0,Yes,Yes,2,Yes,No,No,No internet service,No internet service,No internet service,No internet service,No internet service,No internet service,One year,Yes,Bank transfer (automatic),18.25,18.25,1
5947-LWGRS,Female,0,No,Yes,12,Yes,No,Fiber optic,Yes,Yes,No,No,No,No,Two year,No,Electronic check,90.04,1083.41,1
5055-OGLVG,Female,0,Yes,No,25,Yes,Yes,Fiber optic,No,No,No,No,No,Yes,Two year,Yes,Electronic check,92.42,2305.84,1
7945-JYXVT,Male,0,Yes,No,30,Yes,No,DSL,No,No,No,No,Yes,Yes,Month-to-month,Yes,Electronic check,70.0,2101.38,1
8534-JYWER,Female,0,No,No,39,Yes,No,Fiber optic,No,Yes,No,No,Yes,No,Month-to-month,No,Bank transfer (automatic),88.61,3455.31,1
8767-IPGYY,Male,1,Yes,No,9,Yes,No,Fiber optic,No,Yes,No,No,No,No,Month-to-month,No,Mailed check,68.57,629.7,1
1252-JEGEO,Male,1,No,No,33,Yes,No,Fiber optic,Yes,No,No,No,No,No,Month-to-month,Yes,Mailed check,89.15,2908.91,1
4820-SJHXI,Female,1,No,No,51,Yes,No,No,No internet service,No internet service,No internet service,No internet service,No internet service,No internet service,Month-to-month,Yes,Electronic check,28.97,1484.34,1
7349-KVBCM,Female,0,No,No,48,Yes,Yes,Fiber optic,No,Yes,No,No,No,Yes,One year,No,Credit card (automatic),85.71,4105.52,1
2789-KJOFA,Male,0,Yes,No,18,Yes,No,No,No internet service,No internet service,No internet service,No internet service,No internet service,No internet service,One year,Yes,Credit card (automatic),18.25,319.19,1
8614-NRXKH,Female,0,No,Yes,36,Yes,No,DSL,Yes,Yes,Yes,No,Yes,Yes,One year,Yes,Credit card (automatic),83.76,3015.7,1
3059-VCNBP,Male,0,No,Yes,63,Yes,No,DSL,Yes,Yes,No,No,No,Yes,Month-to-month,Yes,Mailed check,68.52,4312.1,1
6140-FANJF,Male,1,No,Yes,2,Yes,No,DSL,No,No,No,No,Yes,Yes,Month-to-month,Yes,Electronic check,76.06,154.29,1
4047-IGYBK,Female,0,No,No,70,Yes,No,Fiber optic,No,Yes,No,Yes,Yes,No,Month-to-month,No,Electronic check,111.22,7762.56,1
6725-NEIGY,Female,0,No,No,68,Yes,No,Fiber optic,No,Yes,Yes,No,Yes,Yes,Month-to-month,No,Credit card (automatic),103.39,7049.56,0
6838-NPVPG,Female,0,Yes,No,8,Yes,No,Fiber optic,Yes,No,No,No,Yes,Yes,Month-to-month,Yes,Bank transfer (automatic),118.75,935.79,1
2902-JUFQA,Female,0,No,No,58,Yes,No,DSL,No,Yes,Yes,Yes,No,Yes,One year,No,Electronic check,73.64,4272.67,0
3750-BNDIW,Female,0,No,No,43,Yes,No,No,No internet service,No internet service,No internet service,No internet service,No internet service,No internet service,Two year,Yes,Mailed check,18.25,777.02,0
3119-FQUKD,Female,0,No,No,64,Yes,Yes,Fiber optic,No,No,Yes,No,No,Yes,Month-to-month,No,Bank transfer (automatic),96.81,6176.19,1
8222-UIPCD,Female,0,No,No,9,Yes,Yes,DSL,No,No,No,No,No,No,Month-to-month,No,Credit card (automatic),56.1,503.3,1
5490-XCMSY,Female,0,Yes,No,72,Yes,No,DSL,Yes,No,No,Yes,No,No,One year,Yes,Bank transfer (automatic),68.59,4950.53,1
9483-UZAWW,Female,0,Yes,No,5,Yes,No,No,No internet service,No internet service,No internet service,No internet service,No internet service,No internet service,Month-to-month,No,Mailed check,27.21,185.33,0
3689-FVCCP,Female,0,Yes,Yes,34,Yes,No,DSL,No,No,No,No,No,No,Month-to-month,No,Bank transfer (automatic),47.75,1626.62,1
6845-JYQGM,Male,1,Yes,Yes,6,Yes,No,Fiber optic,No,No,No,No,No,No,Two year,Yes,Electronic check,77.62,473.24,1
8353-KJGXF,Female,0,Yes,Yes,11,Yes,Yes,Fiber optic,No,No,No,No,Yes,Yes,Month-to-month,Yes,Electronic check,115.71,1259.28,1
2923-XAQYL,Female,0,No,No,46,No,No phone service,Fiber optic,No,Yes,Yes,Yes,Yes,Yes,One year,No,Mailed check,110.16,5066.68,0
6574-DCFZP,Female,0,No,Yes,61,Yes,No,Fiber optic,Yes,Yes,No,No,No,No,Month-to-month,Yes,Electronic check,85.64,5192.91,1
1075-MIZKT,Male,0,No,No,44,No,No phone service,No,No internet service,No internet service,No internet service,No internet service,No internet service,No internet service,Month-to-month,No,Credit card (automatic),22.24,978.41,1
3345-YUMWS,Female,0,Yes,No,1,Yes,No,No,No internet service,No internet service,No internet service,No internet service,No internet service,No internet service,Two year,Yes,Mailed check,29.33,29.33,0
3351-CLSHN,Female,0,Yes,No,25,Yes,No,Fiber optic,No,No,Yes,No,No,Yes,One year,Yes,Electronic check,90.6,2259.16,1
5418-VIYXQ,Female,1,No,No,62,Yes,Yes,Fiber optic,Yes,No,Yes,No,Yes,Yes,Month-to-month,Yes,Credit card (automatic),113.8,7044.63,1
1430-FDDSL,Female,1,No,Yes,60,Yes,Yes,Fiber optic,No,No,No,No,No,No,Two year,Yes,Bank transfer (automatic),84.13,5047.86,0
6009-YBQOJ,Female,0,No,No,59,Yes,Yes,Fiber optic,No,No,No,No,No,No,Month-to-month,No,Electronic check,74.74,4420.3,1
8529-CTDVA,Male,0,Yes,Yes,3,Yes,No,Fiber optic,No,No,Yes,No,No,No,Month-to-month,Yes,Mailed check,77.75,236.54,1
5012-ARDWV,Female,0,Yes,No,69,Yes,Yes,DSL,No,No,No,No,No,No,Two year,No,Mailed check,52.46,3607.88,0
6425-OYWUV,Female,0,Yes,No,4,Yes,Yes,Fiber optic,No,No,No,No,No,Yes,Two year,Yes,Mailed check,93.27,350.34,1
9455-JYQYV,Male,0,Yes,No,12,Yes,No,No,No internet service,No internet service,No internet service,No internet service,No internet service,No internet service,Month-to-month,No,Electronic check,18.25,226.85,0
9535-LTLPE,Male,1,No,No,65,Yes,Yes,DSL,No,No,No,Yes,No,No,One year,Yes,Bank transfer (automatic),60.26,3930.34,0
5222-PQWOM,Male,0,Yes,No,1,No,No phone service,Fiber optic,No,No,No,No,No,No,Month-to-month,Yes,Mailed check,68.75,83.06,1
8779-HUBHJ,Female,0,No,No,8,Yes,No,Fiber optic,Yes,Yes,Yes,Yes,Yes,No,Month-to-month,No,Electronic check,110.48,877.79,1
7661-GJYDK,Female,0,No,No,15,Yes,Yes,Fiber optic,Yes,No,No,No,No,No,One year,Yes,Electronic check,99.18,1484.25,1
4535-IDCKC,Male,0,No,Yes,68,Yes,Yes,Fiber optic,No,No,Yes,No,No,No,Month-to-month,Yes,Electronic check,77.64,5273.44,1
7143-ZRZSN,Female,0,Yes,No,5,Yes,No,DSL,No,Yes,No,No,No,Yes,Two year,No,Bank transfer (automatic),56.57,283.74,0
1240-XKXBB,Female,0,Yes,No,8,Yes,Yes,No,No internet service,No internet service,No internet service,No internet service,No internet service,No internet service,Month-to-month,No,Bank transfer (automatic),29.04,203.31,1
1783-BJWOV,Female,0,No,No,61,Yes,No,Fiber optic,Yes,Yes,Yes,No,No,No,Month-to-month,Yes,Electronic check,94.7,5776.3,1
2354-LKQRN,Female,0,No,No,57,Yes,Yes,Fiber optic,No,No,No,No,No,No,Month-to-month,Yes,Credit card (automatic),74.75,4266.5,1
4066-QOLPW,Female,0,Yes,Yes,68,Yes,Yes,No,No internet service,No internet service,No internet service,No internet service,No internet service,No internet service,Two year,Yes,Mailed check,20.33,1376.61,0
5793-FBBPB,Male,0,No,Yes,47,Yes,Yes,No,No internet service,No internet service,No internet service,No internet service,No internet service,No internet service,One year,Yes,Bank transfer (automatic),21.98,1034.57,0
1977-HGADK,Male,1,Yes,No,2,Yes,Yes,Fiber optic,No,Yes,No,Yes,Yes,Yes,Two year,Yes,Bank transfer (automatic),116.53,235.84,0
1809-TGRDQ,Male,0,No,Yes,8,Yes,Yes,Fiber optic,Yes,No,No,No,No,No,Two year,Yes,Electronic check,81.82,630.68,0
3168-KKTKO,Female,0,No,No,1,Yes,No,Fiber optic,Yes,No,No,No,No,No,Month-to-month,Yes,Mailed check,87.83,87.83,1
5306-NQBRP,Male,0,Yes,No,24,Yes,No,Fiber optic,No,No,Yes,No,No,Yes,Month-to-month,No,Bank transfer (automatic),92.78,2213.64,1
5619-LJPCH,Female,0,No,No,11,Yes,No,DSL,Yes,No,No,Yes,No,No,Month-to-month,Yes,Electronic check,67.6,752.3,0
2599-VVYXB,Male,0,No,No,12,Yes,Yes,Fiber optic,No,No,Yes,Yes,No,No,Month-to-month,Yes,Electronic check,83.25,1003.25,1
3941-VANYD,Male,0,No,Yes,9,Yes,No,No,No internet service,No internet service,No internet service,No internet service,No internet service,No internet service,Month-to-month,Yes,Credit card (automatic),18.25,158.8,1
5629-DICEA,Male,0,Yes,No,14,Yes,No,Fiber optic,Yes,No,Yes,Yes,No,No,Two year,Yes,Bank transfer (automatic),99.12,1375.32,0
9484-VSAJV,Male,0,Yes,No,61,Yes,Yes,No,No internet service,No internet service,No internet service,No internet service,No internet service,No internet service,Two year,Yes,Electronic check,24.17,1502.07,0
4931-LJBPH,Female,1,No,No,63,Yes,Yes,DSL,Yes,Yes,Yes,No,No,No,Month-to-month,Yes,Mailed check,44.71,2831.95,1
1684-NOPKL,Male,0,No,No,11,Yes,No,DSL,No,No,No,No,No,Yes,Month-to-month,Yes,Electronic check,67.31,740.62,1
6042-BDCIR,Male,0,Yes,No,27,Yes,Yes,DSL,Yes,Yes,No,Yes,No,No,Two year,Yes,Electronic check,69.83,1877.98,0
7125-SGDFS,Male,0,Yes,No,12,Yes,No,No,No internet service,No internet service,No internet service,No internet service,No internet service,No internet service,One year,Yes,Electronic check,20.31,259.59,0
2620-APKVD,Female,1,No,No,5,No,No phone service,DSL,Yes,Yes,Yes,No,No,Yes,Month-to-month,No,Credit card (automatic),68.43,330.93,1
5350-RWZEV,Male,0,No,No,5,Yes,No,Fiber optic,No,No,Yes,No,Yes,No,Month-to-month,No,Credit card (automatic),97.99,498.42,0
2482-FYBLV,Male,0,Yes,Yes,1,Yes,Yes,Fiber optic,No,Yes,No,No,No,No,Month-to-month,Yes,Electronic check,80.13,97.78,1
3146-ITLMV,Male,0,Yes,No,12,Yes,Yes,Fiber optic,No,Yes,No,No,Yes,No,Month-to-month,Yes,Electronic check,89.23,1081.65,1
2801-WQETM,Male,0,No,No,68,Yes,No,Fiber optic,No,No,Yes,No,Yes,Yes,Two year,Yes,Bank transfer (automatic),110.99,7552.5,0
3095-MJOOR,Male,0,No,Yes,6,Yes,No,Fiber optic,No,Yes,Yes,No,No,No,Month-to-month,Yes,Bank transfer (automatic),75.51,435.5,1
5890-RBWKM,Female,0,Yes,Yes,44,Yes,No,DSL,No,No,No,No,No,No,Month-to-month,No,Electronic check,47.17,2084.99,1
2357-KDOVW,Male,0,No,Yes,4,Yes,No,Fiber optic,Yes,Yes,No,Yes,No,No,Month-to-month,Yes,Electronic check,102.67,410.31,1
7475-YKRPJ,Female,0,Yes,No,10,Yes,No,DSL,No,Yes,No,No,No,Yes,Month-to-month,No,Electronic check,63.02,643.49,1
9076-LMIUM,Female,0,No,No,5,Yes,No,DSL,No,No,No,Yes,No,Yes,One year,No,Mailed check,69.45,314.22,0
7207-FFKSK,Male,0,Yes,No,14,No,No phone service,DSL,Yes,No,No,No,Yes,No,Month-to-month,Yes,Credit card (automatic),82.86,1175.58,1
5174-JWOMW,Male,1,Yes,No,39,Yes,No,DSL,No,Yes,No,No,No,No,Month-to-month,Yes,Mailed check,53.71,2119.16,1
4626-HEBPM,Female,0,Yes,No,11,Yes,Yes,Fiber optic,Yes,No,No,No,No,No,Month-to-month,Yes,Electronic check,93.85,1024.92,1
5560-SIOFH,Male,0,Yes,No,70,Yes,No,No,No internet service,No internet service,No internet service,No internet service,No internet service,No internet service,Month-to-month,No,Electronic check,28.63,1980.83,0
5112-XNEQV,Male,0,Yes,No,61,Yes,No,Fiber optic,No,Yes,No,Yes,No,No,Month-to-month,No,Bank transfer (automatic),84.89,5182.06,1
5385-GIPRM,Female,1,Yes,Yes,11,Yes,No,Fiber optic,Yes,Yes,Yes,No,Yes,No,One year,Yes,Mailed check,105.99,1163.01,0
2609-RJAUR,Male,0,Yes,No,70,Yes,Yes,DSL,No,No,No,No,No,Yes,Two year,No,Mailed check,62.69,4383.82,0
4692-SBDKC,Female,0,No,No,63,Yes,Yes,No,No internet service,No internet service,No internet service,No internet service,No internet service,No internet service,One year,Yes,Mailed check,18.25,1149.7,1
1494-IJBGO,Female,0,No,No,3,No,No phone service,No,No internet service,No internet service,No internet service,No internet service,No internet service,No internet service,Month-to-month,Yes,Mailed check,18.25,48.59,0
4717-SJXTN,Male,0,Yes,No,10,Yes,Yes,No,No internet service,No internet service,No internet service,No internet service,No internet service,No internet service,One year,Yes,Electronic check,18.25,190.67,1
4319-DYKCW,Male,0,No,No,4,Yes,No,DSL,Yes,No,No,No,Yes,Yes,Month-to-month,No,Credit card (automatic),89.91,333.92,1
4658-QGZKR,Female,0,No,No,35,Yes,Yes,Fiber optic,No,Yes,No,Yes,Yes,No,Month-to-month,Yes,Electronic check,97.95,3442.68,1
3017-NNFIV,Female,0,Yes,Yes,59,Yes,Yes,Fiber optic,Yes,No,No,No,Yes,No,Two year,Yes,Bank transfer (automatic),100.54,5958.62,0
5844-CQLDT,Male,1,Yes,Yes,63,Yes,No,Fiber optic,No,No,Yes,Yes,Yes,Yes,Two year,Yes,Electronic check,118.75,7498.32,1
3328-PXJZG,Female,0,No,No,27,Yes,No,DSL,Yes,Yes,Yes,Yes,Yes,No,Two year,No,Electronic check,79.27,2127.99,0
1029-JGWRI,Female,0,Yes,Yes,41,Yes,No,DSL,No,No,No,No,No,No,Month-to-month,Yes,Electronic check,48.45,2007.57,1
7951-VRQKA,Male,0,No,No,46,Yes,No,No,No internet service,No internet service,No internet service,No internet service,No internet service,No internet service,One year,Yes,Electronic check,18.25,835.61,0
5342-QDDNI,Male,0,No,No,5,Yes,Yes,Fiber optic,No,No,No,No,No,Yes,Month-to-month,No,Mailed check,92.98,445.3,1
9818-MPACS,Female,0,Yes,No,3,Yes,Yes,DSL,Yes,Yes,Yes,No,No,Yes,Two year,Yes,Bank transfer (automatic),74.14,222.16,0
4118-HRFTZ,Male,0,No,No,11,Yes,No,No,No internet service,No internet service,No internet service,No internet service,No internet service,No internet service,Month-to-month,No,Bank transfer (automatic),18.25,191.84,1
2092-FELII,Female,0,Yes,No,69,Yes,No,DSL,No,Yes,No,No,No,Yes,One year,Yes,Mailed check,57.63,4000.43,1
4246-QSQVP,Female,0,Yes,Yes,12,Yes,No,Fiber optic,No,No,Yes,No,No,Yes,Month-to-month,No,Electronic check,90.57,1084.9,1
1124-LCNQV,Male,1,No,No,9,Yes,Yes,Fiber optic,No,No,No,No,No,Yes,Month-to-month,No,Credit card (automatic),96.58,874.88,1
6929-PULXB,Female,0,No,Yes,41,Yes,Yes,DSL,Yes,Yes,No,No,No,No,Month-to-month,No,Credit card (automatic),59.83,2458.68,1
9051-HLUPH,Female,0,Yes,No,65,Yes,No,Fiber optic,No,Yes,No,Yes,No,Yes,Month-to-month,Yes,Electronic check,96.03,6249.6,1
5270-PJTOD,Female,0,Yes,No,59,Yes,No,DSL,No,No,No,No,No,Yes,Two year,No,Credit card (automatic),58.2,3449.98,0
9567-ZODKF,Male,0,No,No,4,Yes,Yes,DSL,No,No,No,Yes,Yes,Yes,Two year,No,Electronic check,84.93,342.61,1
9848-DIICW,Male,0,No,Yes,65,Yes,No,DSL,No,Yes,No,No,Yes,No,Month-to-month,Yes,Electronic check,63.3,4103.15,1
3298-EOIBC,Female,0,No,No,46,Yes,Yes,DSL,No,No,No,No,Yes,No,Month-to-month,Yes,Bank transfer (automatic),62.47,2892.4,1
9225-ZULPE,Female,0,Yes,No,58,Yes,Yes,No,No internet service,No internet service,No internet service,No internet service,No internet service,No internet service,Month-to-month,Yes,Bank transfer (automatic),18.25,1069.13,0
2553-JONNW,Female,1,Yes,Yes,4,Yes,Yes,Fiber optic,No,No,No,Yes,No,No,Month-to-month,Yes,Electronic check,96.76,411.45,1
9229-MPHHQ,Male,0,No,No,18,Yes,Yes,Fiber optic,Yes,No,No,Yes,No,Yes,One year,Yes,Mailed check,113.71,2044.01,1
4341-QCAQZ,Female,0,Yes,No,15,No,No phone service,DSL,No,No,No,No,No,Yes,Month-to-month,No,Electronic check,70.6,1049.9,1
1598-XPQYB,Male,0,Yes,No,5,Yes,No,No,No internet service,No internet service,No internet service,No internet service,No internet service,No internet service,Month-to-month,No,Bank transfer (automatic),20.4,104.44,1
3123-YNGYS,Female,1,No,No,11,No,No phone service,Fiber optic,No,No,No,No,No,Yes,Month-to-month,No,Credit card (automatic),92.85,1003.73,1
8420-AQJFG,Female,1,Yes,No,57,Yes,Yes,DSL,No,Yes,No,Yes,No,No,Two year,Yes,Electronic check,60.97,3471.12,0
2416-YFEBR,Male,0,Yes,No,24,Yes,Yes,Fiber optic,Yes,No,No,No,No,No,Two year,Yes,Electronic check,87.84,2106.36,0
5738-XQXZW,Male,0,Yes,No,12,Yes,Yes,DSL,No,Yes,No,Yes,Yes,Yes,Month-to-month,Yes,Bank transfer (automatic),83.23,998.2,1
8758-GUSGW,Male,0,No,No,2,Yes,No,DSL,No,No,Yes,Yes,Yes,Yes,One year,Yes,Credit card (automatic),90.82,172.95,0
6712-GPLOO,Female,0,No,Yes,38,Yes,Yes,Fiber optic,No,No,No,Yes,No,No,Two year,Yes,Electronic check,88.83,3373.64,1
9594-KBCST,Female,1,No,No,64,Yes,Yes,DSL,Yes,No,No,No,Yes,Yes,Month-to-month,No,Credit card (automatic),77.19,4921.07,0
6677-YZOPA,Male,0,No,No,6,Yes,Yes,DSL,No,No,Yes,No,Yes,No,Month-to-month,Yes,Mailed check,58.76,351.81,1
9434-OLGGK,Male,0,No,No,7,Yes,Yes,Fiber optic,Yes,Yes,No,No,Yes,Yes,Month-to-month,No,Credit card (automatic),114.12,776.01,1
5734-TKQCP,Female,0,No,No,13,Yes,No,DSL,No,No,No,No,No,No,Month-to-month,Yes,Electronic check,43.29,562.34,1
3197-EBWZZ,Female,0,Yes,Yes,60,Yes,No,DSL,No,No,Yes,No,Yes,No,Month-to-month,No,Credit card (automatic),55.28,3293.0,1
8460-GJEOL,Male,0,No,Yes,23,Yes,No,Fiber optic,No,No,Yes,Yes,No,Yes,Month-to-month,No,Electronic check,109.01,2517.17,1
4362-JVQTT,Female,0,Yes,No,69,Yes,No,DSL,Yes,Yes,No,Yes,No,Yes,Two year,Yes,Credit card (automatic),78.84,5469.34,0
6515-KHOBQ,Male,0,No,No,10,Yes,No,No,No internet service,No internet service,No internet service,No internet service,No internet service,No internet service,Two year,Yes,Electronic check,19.26,198.66,0
1725-WFUMH,Female,0,No,No,43,Yes,Yes,Fiber optic,No,Yes,Yes,Yes,Yes,Yes,Two year,Yes,Electronic check,114.76,4942.75,0
4846-KOMRR,Male,0,Yes,No,63,Yes,No,DSL,Yes,No,No,No,No,No,Two year,Yes,Electronic check,69.44,4365.38,0
5024-YQVMC,Female,0,No,No,41,Yes,Yes,DSL,No,No,No,No,No,No,One year,Yes,Credit card (automatic),57.78,2384.04,0
1808-UXGLD,Female,0,No,No,11,Yes,No,No,No internet service,No internet service,No internet service,No internet service,No internet service,No internet service,One year,Yes,Electronic check,20.1,230.48,1
6167-XZKNR,Female,0,Yes,No,5,Yes,Yes,Fiber optic,No,Yes,Yes,No,No,No,Two year,Yes,Bank transfer (automatic),80.54,418.42,1
7701-GEPKV,Male,0,Yes,No,66,Yes,Yes,Fiber optic,No,Yes,No,Yes,Yes,No,Month-to-month,Yes,Credit card (automatic),103.52,6849.91,1
1958-CPKJW,Male,0,Yes,Yes,50,Yes,No,DSL,No,Yes,Yes,No,No,Yes,Two year,No,Electronic check,58.51,2916.51,0
5048-WBPQJ,Male,0,No,No,69,Yes,Yes,Fiber optic,Yes,No,Yes,No,Yes,Yes,Two year,Yes,Mailed check,108.29,7458.47,0
6190-RLHZC,Female,0,Yes,Yes,59,Yes,No,DSL,No,No,Yes,No,Yes,Yes,One year,No,Electronic check,82.14,4834.19,0
6500-TXCFB,Female,0,No,No,37,Yes,Yes,Fiber optic,Yes,Yes,No,No,No,No,Two year,Yes,Electronic check,89.41,3310.05,0
1810-CQIDV,Male,0,Yes,No,52,Yes,No,Fiber optic,Yes,Yes,Yes,No,Yes,No,Month-to-month,No,Electronic check,111.45,5807.23,1
9042-WBXIN,Female,0,Yes,Yes,60,Yes,No,Fiber optic,No,No,No,No,No,No,Month-to-month,No,Credit card (automatic),76.3,4579.03,1
1834-ZKBUB,Male,0,No,No,69,Yes,Yes,DSL,Yes,No,No,Yes,Yes,Yes,One year,Yes,Credit card (automatic),87.0,6019.89,0
5050-EGVDN,Female,1,Yes,Yes,6,Yes,No,DSL,No,No,No,No,Yes,No,Month-to-month,Yes,Mailed check,60.37,339.08,1
3423-BWLJY,Female,0,No,No,4,Yes,Yes,No,No internet service,No internet service,No internet service,No internet service,No internet service,No internet service,Month-to-month,No,Bank transfer (automatic),22.0,114.58,1
6173-ASWPO,Female,1,Yes,No,33,Yes,No,Fiber optic,Yes,No,No,No,Yes,No,Two year,No,Electronic check,98.56,3244.88,1
4813-NIUWO,Male,0,Yes,No,65,Yes,Yes,DSL,Yes,No,No,No,No,No,Two year,No,Mailed check,58.66,3811.59,0
2235-ZGDUR,Male,0,No,Yes,56,Yes,No,DSL,No,No,No,No,Yes,Yes,Month-to-month,Yes,Electronic check,72.2,4053.06,1
2225-HLOOQ,Male,0,Yes,No,22,Yes,Yes,Fiber optic,No,Yes,No,No,No,No,Month-to-month,No,Mailed check,81.69,1806.12,1
7403-BLCGF,Female,0,Yes,Yes,38,Yes,Yes,Fiber optic,Yes,Yes,No,No,No,No,Month-to-month,Yes,Mailed check,90.56,3450.87,1
7438-NWEDO,Female,0,Yes,No,63,Yes,No,Fiber optic,No,Yes,Yes,Yes,No,No,Two year,Yes,Bank transfer (automatic),86.76,5473.72,0
7894-GCMJW,Female,0,No,No,7,Yes,Yes,No,No internet service,No internet service,No internet service,No internet service,No internet service,No internet service,Two year,Yes,Mailed check,22.41,186.83,0
8160-BLXVL,Female,0,Yes,Yes,18,Yes,Yes,DSL,No,No,No,No,No,No,Month-to-month,No,Electronic check,42.25,758.31,0
5099-SSUCF,Male,1,Yes,Yes,58,Yes,No,DSL,No,Yes,Yes,No,No,Yes,Month-to-month,Yes,Mailed check,62.92,3678.82,1
4217-BXMIM,Male,0,Yes,Yes,65,Yes,No,DSL,No,No,No,Yes,No,No,One year,Yes,Electronic check,64.96,4213.58,0
6992-WNSKN,Female,0,Yes,No,9,Yes,Yes,No,No internet service,No internet service,No internet service,No internet service,No internet service,No internet service,One year,Yes,Credit card (automatic),30.26,289.91,1
1287-PJTPZ,Male,0,No,No,50,Yes,No,No,No internet service,No internet service,No internet service,No internet service,No internet service,No internet service,Month-to-month,Yes,Electronic check,30.84,1560.72,1
4985-BYPNU,Female,0,No,No,12,Yes,No,DSL,No,No,No,No,No,No,Month-to-month,No,Bank transfer (automatic),51.6,649.33,1
3966-RZFGM,Female,0,No,No,18,Yes,No,DSL,No,No,No,No,Yes,No,Two year,No,Credit card (automatic),51.9,939.02,1
4164-BOQMG,Male,0,Yes,No,24,No,No phone service,No,No internet service,No internet service,No internet service,No internet service,No internet service,No internet service,Month-to-month,No,Electronic check,18.25,437.49,0
9700-ACTRG,Male,0,Yes,No,10,Yes,Yes,DSL,No,Yes,No,No,No,No,Month-to-month,No,Mailed check,50.21,483.27,1
6339-UQLPX,Male,1,Yes,No,19,Yes,No,DSL,Yes,Yes,Yes,Yes,No,Yes,Two year,No,Electronic check,87.16,1653.13,0
7728-JWPTR,Female,0,Yes,No,71,Yes,No,No,No internet service,No internet service,No internet service,No internet service,No internet service,No internet service,One year,Yes,Electronic check,25.47,1793.82,0
2657-OWKRF,Female,1,No,Yes,34,Yes,No,No,No internet service,No internet service,No internet service,No internet service,No internet service,No internet service,One year,Yes,Electronic check,18.25,602.08,0
2975-AWGLT,Female,1,No,No,10,Yes,No,Fiber optic,Yes,No,No,No,No,No,One year,Yes,Electronic check,92.92,921.11,1
3397-DJUBI,Male,0,Yes,No,11,Yes,No,DSL,No,No,No,No,Yes,No,Month-to-month,No,Credit card (automatic),59.62,664.0,1
1452-JTKYN,Male,0,Yes,No,66,Yes,No,No,No internet service,No internet service,No internet service,No internet service,No internet service,No internet service,Two year,Yes,Electronic check,18.25,1198.05,0
7449-CYAGD,Male,0,Yes,Yes,10,Yes,No,Fiber optic,No,No,No,No,No,Yes,Month-to-month,No,Credit card (automatic),92.9,935.88,1
6714-GPJOP,Male,0,No,No,29,Yes,No,DSL,Yes,No,Yes,No,No,No,Month-to-month,No,Electronic check,55.77,1624.28,1
5434-FDDXW,Male,0,No,Yes,58,Yes,No,Fiber optic,Yes,Yes,Yes,No,No,No,Month-to-month,Yes,Credit card (automatic),95.01,5515.33,1
9517-DVVQM,Male,0,No,Yes,65,Yes,No,No,No internet service,No internet service,No internet service,No internet service,No internet service,No internet service,Month-to-month,No,Electronic check,18.25,1189.65,1
3619-BTFVA,Male,0,No,Yes,49,Yes,No,DSL,No,No,No,Yes,No,No,Month-to-month,Yes,Bank transfer (automatic),68.6,3353.24,0
1422-HRUDE,Female,0,No,No,23,No,No phone service,Fiber optic,Yes,Yes,Yes,Yes,No,No,Month-to-month,No,Bank transfer (automatic),98.74,2260.06,1
5872-EOJHZ,Male,1,Yes,No,40,Yes,No,Fiber optic,No,Yes,No,No,Yes,Yes,Month-to-month,No,Bank transfer (automatic),108.01,4328.01,1
2220-GLYKM,Male,0,No,Yes,68,Yes,No,No,No internet service,No internet service,No internet service,No internet service,No internet service,No internet service,Two year,Yes,Electronic check,25.19,1719.27,1
3929-OQVVR,Female,0,No,Yes,2,Yes,Yes,Fiber optic,Yes,No,No,Yes,No,No,Month-to-month,Yes,Bank transfer (automatic),102.76,208.48,1
1657-HFKZI,Female,0,No,No,2,Yes,Yes,No,No internet service,No internet service,No internet service,No internet service,No internet service,No internet service,Two year,Yes,Mailed check,19.15,29.1,1
4301-ZEGVO,Male,0,Yes,Yes,43,Yes,Yes,Fiber optic,No,No,Yes,No,Yes,No,One year,Yes,Credit card (automatic),87.91,3767.92,1
5698-UVDSM,Female,0,Yes,Yes,66,Yes,No,Fiber optic,No,No,Yes,No,No,No,Two year,No,Electronic check,74.93,4930.12,0
3845-AAVNI,Male,1,Yes,No,10,Yes,Yes,DSL,Yes,No,No,Yes,Yes,No,Two year,No,Credit card (automatic),91.13,926.19,1
4023-XLRIH,Male,0,Yes,No,64,No,No phone service,No,No internet service,No internet service,No internet service,No internet service,No internet service,No internet service,Month-to-month,Yes,Bank transfer (automatic),18.25,1161.57,0
7020-NITYB,Male,1,No,No,60,No,No phone service,Fiber optic,Yes,Yes,No,No,Yes,Yes,Two year,Yes,Electronic check,105.6,6325.66,0
9670-AMYJH,Female,0,No,No,72,Yes,No,Fiber optic,No,No,Yes,No,Yes,No,Month-to-month,Yes,Mailed check,97.25,6996.71,0
2001-GXLQY,Female,0,No,Yes,15,Yes,No,Fiber optic,No,No,No,Yes,No,No,Month-to-month,Yes,Bank transfer (automatic),92.56,1379.52,1
1102-LPJYL,Male,0,No,No,65,Yes,No,DSL,No,No,No,No,No,Yes,Month-to-month,No,Electronic check,60.09,3915.3,1
3418-KYNVT,Female,0,No,No,12,Yes,No,Fiber optic,No,No,No,No,No,Yes,Month-to-month,Yes,Mailed check,93.35,1102.01,1
7392-MBTGA,Male,0,Yes,Yes,11,Yes,No,Fiber optic,Yes,No,No,No,Yes,No,Month-to-month,Yes,Bank transfer (automatic),100.92,1086.99,1
7117-YCTLE,Male,1,Yes,No,1,Yes,Yes,Fiber optic,No,No,No,No,No,Yes,Two year,Yes,Mailed check,102.33,104.13,0
7781-LCTEA,Female,0,No,No,65,Yes,No,DSL,No,No,No,No,No,No,One year,Yes,Electronic check,42.19,2760.89,0
2580-PIJJM,Female,0,Yes,No,61,Yes,Yes,Fiber optic,Yes,No,No,No,No,Yes,Month-to-month,No,Electronic check,97.93,5974.66,1
5051-PTYDN,Female,0,No,No,29,No,No phone service,Fiber optic,No,No,No,Yes,No,Yes,Month-to-month,No,Credit card (automatic),103.96,3015.58,1
3206-QEMYC,Male,0,No,No,50,Yes,No,No,No internet service,No internet service,No internet service,No internet service,No internet service,No internet service,Month-to-month,Yes,Electronic check,25.27,1266.27,0
1170-EPSSQ,Female,0,No,Yes,2,Yes,No,Fiber optic,No,Yes,No,No,Yes,No,Two year,Yes,Electronic check,92.97,177.08,1
8236-RRYWH,Female,1,No,Yes,40,Yes,Yes,DSL,Yes,Yes,No,No,No,Yes,Month-to-month,No,Credit card (automatic),63.56,2536.66,1
1135-RISJB,Female,0,Yes,No,6,Yes,Yes,DSL,No,Yes,No,No,Yes,No,Two year,No,Bank transfer (automatic),57.82,341.8,1
1757-QYXMK,Male,0,No,No,35,Yes,Yes,Fiber optic,No,Yes,No,No,No,No,Month-to-month,Yes,Electronic check,83.4,2905.14,1
6517-PTGCP,Male,0,No,No,18,Yes,Yes,No,No internet service,No internet service,No internet service,No internet service,No internet service,No internet service,Month-to-month,Yes,Electronic check,21.89,388.44,1
2310-STPBN,Male,0,No,Yes,72,Yes,No,Fiber optic,Yes,Yes,Yes,No,Yes,No,Month-to-month,No,Electronic check,99.17,7117.7,1
2217-ZTJSX,Male,0,No,No,61,Yes,No,Fiber optic,No,No,No,No,No,No,Two year,Yes,Electronic check,74.79,4544.07,0
3284-KRKIS,Male,0,Yes,Yes,4,Yes,No,DSL,No,No,No,Yes,Yes,No,One year,Yes,Electronic check,75.01,312.69,1
7556-TJZCC,Female,0,Yes,No,67,Yes,Yes,DSL,No,Yes,No,No,Yes,Yes,Month-to-month,No,Bank transfer (automatic),66.14,4412.36,1
3905-XHFTA,Female,0,No,No,7,Yes,No,Fiber optic,Yes,Yes,No,No,No,Yes,One year,Yes,Bank transfer (automatic),108.09,773.01,1
9842-TXFBS,Male,0,Yes,No,68,Yes,No,Fiber optic,No,No,Yes,No,Yes,No,One year,Yes,Bank transfer (automatic),100.72,6873.4,0
5773-GKKDT,Female,0,Yes,No,7,Yes,No,DSL,Yes,Yes,No,No,No,No,Two year,Yes,Credit card (automatic),58.25,420.79,0
9738-PEXGY,Male,0,No,No,5,Yes,Yes,No,No internet service,No internet service,No internet service,No internet service,No internet service,No internet service,Month-to-month,Yes,Mailed check,21.8,124.21,1
2935-POEAT,Male,0,No,No,16,No,No phone service,No,No internet service,No internet service,No internet service,No internet service,No internet service,No internet service,Month-to-month,No,Credit card (automatic),18.98,326.82,1
6362-VVIZU,Male,0,No,No,67,Yes,No,No,No internet service,No internet service,No internet service,No internet service,No internet service,No internet service,Month-to-month,Yes,Electronic check,18.25,1236.76,0
8763-EVFCF,Male,0,No,Yes,43,Yes,No,Fiber optic,No,No,No,No,No,No,Month-to-month,Yes,Bank transfer (automatic),73.44,3160.42,1
5035-HFPPU,Male,0,No,Yes,70,No,No phone service,DSL,No,Yes,Yes,No,No,Yes,Month-to-month,Yes,Bank transfer (automatic),55.2,3849.02,1
1807-CQUFF,Male,0,No,No,17,Yes,Yes,No,No internet service,No internet service,No internet service,No internet service,No internet service,No internet service,Month-to-month,Yes,Bank transfer (automatic),18.25,303.97,1
3045-VSTOS,Female,0,No,No,1,Yes,No,Fiber optic,No,Yes,Yes,No,Yes,No,One year,Yes,Electronic check,95.54,108.38,1
6540-BHGHM,Female,0,Yes,No,43,Yes,Yes,No,No internet service,No internet service,No internet service,No internet service,No internet service,No internet service,Two year,No,Electronic check,19.73,868.48,0
1462-VOLON,Female,0,Yes,Yes,23,Yes,Yes,DSL,Yes,No,No,No,No,No,Month-to-month,Yes,Credit card (automatic),56.31,1301.3,1
3927-GQZET,Female,0,Yes,Yes,7,Yes,Yes,No,No internet service,No internet service,No internet service,No internet service,No internet service,No internet service,Month-to-month,No,Bank transfer (automatic),23.39,165.84,1
2956-JSRYX,Female,0,No,Yes,72,No,No phone service,Fiber optic,Yes,No,No,No,No,No,Two year,Yes,Credit card (automatic),94.52,6782.21,0
3445-JBFCS,Female,0,Yes,No,43,Yes,No,Fiber optic,Yes,No,No,No,Yes,No,Month-to-month,Yes,Electronic check,98.43,4217.63,1
5723-EGGJA,Male,0,No,No,69,Yes,No,DSL,No,Yes,Yes,Yes,Yes,No,Month-to-month,No,Mailed check,74.27,5129.54,0
5716-KWGFF,Male,0,Yes,No,46,Yes,Yes,No,No internet service,No internet service,No internet service,No internet service,No internet service,No internet service,Month-to-month,Yes,Electronic check,18.84,867.35,0
9536-MPMBS,Male,1,No,No,8,No,No phone service,DSL,No,Yes,No,Yes,No,Yes,Month-to-month,Yes,Credit card (automatic),69.21,575.13,1
4235-SSRYF,Male,0,No,No,3,Yes,No,Fiber optic,Yes,No,No,No,Yes,No,One year,Yes,Bank transfer (automatic),99.59,303.96,1
1799-BSZFT,Female,0,No,No,2,No,No phone service,Fiber optic,No,Yes,No,No,No,No,Two year,No,Credit card (automatic),72.49,166.03,1
3402-WVOFC,Male,0,Yes,Yes,8,Yes,Yes,DSL,Yes,No,Yes,No,Yes,Yes,Month-to-month,Yes,Electronic check,84.1,668.06,1
5617-KHYVR,Female,0,Yes,No,10,Yes,Yes,Fiber optic,Yes,Yes,No,No,No,No,Month-to-month,No,Electronic check,93.62,938.56,1
2073-QSSXU,Female,0,Yes,Yes,15,Yes,No,No,No internet service,No internet service,No internet service,No internet service,No internet service,No internet service,One year,No,Credit card (automatic),21.11,323.71,0
5556-QDGEZ,Female,0,Yes,No,3,Yes,No,DSL,Yes,No,No,No,Yes,No,Two year,No,Electronic check,70.38,209.88,1
6278-PFNZT,Female,0,Yes,Yes,9,No,No phone service,Fiber optic,No,Yes,No,No,No,No,Two year,No,Bank transfer (automatic),76.35,710.48,0
1144-BYRRM,Female,1,Yes,No,60,Yes,No,Fiber optic,No,No,No,Yes,No,No,One year,Yes,Credit card (automatic),84.67,5060.9,0
8202-RQMLC,Female,0,Yes,No,6,Yes,No,Fiber optic,No,Yes,No,No,No,Yes,Two year,No,Electronic check,87.29,543.54,1
2340-VGAEU,Male,0,No,No,37,No,No phone service,No,No internet service,No internet service,No internet service,No internet service,No internet service,No internet service,Month-to-month,Yes,Mailed check,19.44,715.61,1
7719-ADZAM,Male,0,No,No,27,Yes,Yes,Fiber optic,No,Yes,No,No,No,Yes,Month-to-month,Yes,Bank transfer (automatic),90.5,2446.27,1
8121-NOQLG,Male,0,No,No,39,Yes,No,No,No internet service,No internet service,No internet service,No internet service,No internet service,No internet service,Month-to-month,Yes,Bank transfer (automatic),18.75,715.23,0
3091-WSWCR,Male,1,No,No,30,Yes,No,DSL,Yes,No,No,Yes,No,No,Month-to-month,Yes,Bank transfer (automatic),69.5,2085.05,1
7086-ZDZCL,Male,0,Yes,No,72,No,No phone service,DSL,No,No,Yes,Yes,No,Yes,Month-to-month,Yes,Mailed check,66.85,4798.81,0
9652-WLQFO,Male,0,Yes,Yes,54,Yes,No,Fiber optic,Yes,No,No,No,No,Yes,Month-to-month,No,Credit card (automatic),100.92,5449.91,1
8153-BHNEC,Male,0,Yes,No,2,Yes,No,No,No internet service,No internet service,No internet service,No internet service,No internet service,No internet service,One year,Yes,Electronic check,18.25,27.76,1
7032-JGKOB,Female,0,No,Yes,8,Yes,No,Fiber optic,No,No,No,Yes,Yes,No,Month-to-month,Yes,Mailed check,91.68,747.44,1
6822-EKHMK,Female,0,Yes,No,25,Yes,No,DSL,No,Yes,Yes,No,No,Yes,Two year,No,Bank transfer (automatic),64.63,1606.03,0
6957-QOASP,Male,0,No,Yes,35,Yes,No,Fiber optic,Yes,No,No,No,Yes,Yes,One year,Yes,Credit card (automatic),114.79,4003.47,1
8050-SMWVW,Male,0,Yes,No,3,Yes,Yes,DSL,No,No,No,No,Yes,No,Two year,Yes,Electronic check,64.05,185.18,1
7445-DKRRJ,Female,0,No,No,6,Yes,Yes,Fiber optic,No,Yes,No,No,Yes,No,Month-to-month,Yes,Mailed check,101.57,605.29,0
6504-QMYNG,Male,0,Yes,No,12,Yes,No,DSL,No,Yes,No,Yes,No,No,One year,Yes,Mailed check,58.3,696.67,0
2003-JCBSG,Female,0,No,Yes,70,Yes,Yes,Fiber optic,No,No,No,Yes,No,No,Month-to-month,No,Electronic check,85.35,5946.24,1
5367-ECYBW,Male,0,No,No,7,Yes,Yes,No,No internet service,No internet service,No internet service,No internet service,No internet service,No internet service,Month-to-month,Yes,Electronic check,18.25,141.43,1
6839-ZVFNG,Female,0,No,Yes,1,Yes,Yes,DSL,Yes,No,No,Yes,Yes,Yes,One year,Yes,Bank transfer (automatic),88.13,88.13,1
9590-VBKUC,Female,0,No,No,1,Yes,Yes,No,No internet service,No internet service,No internet service,No internet service,No internet service,No internet service,One year,Yes,Electronic check,19.29,43.04,0
4470-IHZKR,Male,0,Yes,No,2,Yes,No,DSL,No,Yes,Yes,No,No,Yes,Month-to-month,No,Mailed check,69.37,138.38,1
5269-AODDJ,Male,0,No,Yes,71,Yes,No,Fiber optic,No,Yes,No,No,Yes,No,Month-to-month,Yes,Credit card (automatic),91.91,6483.61,1
1555-KRWOC,Female,1,No,No,9,Yes,Yes,DSL,No,No,Yes,No,No,No,Month-to-month,No,Credit card (automatic),46.42,428.7,1
4887-GGQVT,Male,0,Yes,Yes,68,Yes,No,DSL,Yes,No,No,No,Yes,No,One year,Yes,Mailed check,72.97,4972.42,0
5275-XPPHC,Male,0,No,No,61,Yes,Yes,Fiber optic,Yes,No,No,No,No,Yes,Month-to-month,No,Electronic check,103.65,6324.35,1
9213-TOAJB,Female,0,Yes,No,8,Yes,No,Fiber optic,Yes,Yes,No,Yes,Yes,No,Two year,No,Credit card (automatic),107.46,864.62,0
2485-GNPOG,Female,1,Yes,No,8,Yes,No,Fiber optic,No,No,No,Yes,Yes,No,Month-to-month,No,Electronic check,110.03,857.46,1
9372-MYJII,Male,0,No,Yes,20,Yes,No,DSL,No,No,No,Yes,No,No,Two year,Yes,Credit card (automatic),58.12,1147.29,0
2272-FXYLW,Male,1,Yes,No,8,Yes,Yes,Fiber optic,Yes,No,No,No,No,Yes,One year,No,Credit card (automatic),110.34,886.34,1
5769-TTVNT,Female,1,Yes,No,68,Yes,Yes,DSL,Yes,No,Yes,Yes,Yes,No,Two year,Yes,Credit card (automatic),79.25,5386.31,0
2411-GHHHB,Female,0,Yes,No,12,Yes,No,Fiber optic,Yes,Yes,No,No,No,No,Month-to-month,Yes,Mailed check,96.3,1156.12,1
9417-NJRRR,Female,0,No,No,67,Yes,Yes,Fiber optic,Yes,No,No,Yes,Yes,Yes,One year,Yes,Mailed check,118.75,7958.41,0
1753-PTETE,Male,0,No,Yes,63,Yes,Yes,No,No internet service,No internet service,No internet service,No internet service,No internet service,No internet service,Month-to-month,Yes,Bank transfer (automatic),30.52,1955.04,0
2471-TWJQM,Female,0,Yes,No,66,Yes,No,Fiber optic,Yes,No,No,No,Yes,No,Month-to-month,Yes,Mailed check,108.15,7123.87,1
5325-QRMQO,Male,0,No,No,14,Yes,No,DSL,No,Yes,Yes,No,Yes,No,Month-to-month,Yes,Electronic check,57.59,805.83,1
8646-ZLJMK,Female,1,Yes,Yes,4,Yes,No,No,No internet service,No internet service,No internet service,No internet service,No internet service,No internet service,Month-to-month,No,Electronic check,20.76,85.13,1
5220-CVJKF,Male,0,No,No,3,Yes,No,DSL,No,No,No,No,No,No,One year,Yes,Electronic check,50.83,170.36,1
6799-AFEGV,Male,1,Yes,No,12,Yes,No,Fiber optic,No,No,No,No,No,No,Two year,Yes,Electronic check,83.86,999.63,1
4076-LLGBA,Female,0,Yes,Yes,5,Yes,No,DSL,No,No,Yes,Yes,No,Yes,Month-to-month,Yes,Electronic check,74.0,399.79,1
6650-WYRLG,Male,0,No,No,2,Yes,Yes,Fiber optic,No,No,Yes,Yes,No,Yes,Two year,No,Mailed check,110.94,220.26,1
9619-SVCJK,Female,0,No,No,11,Yes,Yes,DSL,Yes,No,No,No,No,Yes,Month-to-month,No,Credit card (automatic),72.28,785.59,1
4288-EBHNH,Male,0,No,No,66,Yes,Yes,Fiber optic,No,Yes,No,No,Yes,No,Month-to-month,Yes,Bank transfer (automatic),86.28,5692.42,1
7568-WFAXA,Male,1,No,No,2,Yes,Yes,Fiber optic,No,No,Yes,Yes,No,No,Month-to-month,Yes,Electronic check,80.89,146.12,1
5132-HKRXJ,Male,0,Yes,Yes,10,Yes,Yes,No,No internet service,No internet service,No internet service,No internet service,No internet service,No internet service,Two year,Yes,Credit card (automatic),18.25,190.27,0
1981-LTWPE,Female,0,No,No,69,Yes,No,DSL,No,Yes,No,No,No,Yes,Month-to-month,Yes,Electronic check,66.16,4574.68,1
9240-PXLFE,Female,0,Yes,No,35,Yes,No,DSL,No,No,Yes,No,No,No,Month-to-month,No,Mailed check,50.98,1779.89,0
7198-ASJYN,Male,0,No,No,6,Yes,No,DSL,No,No,Yes,No,Yes,No,One year,No,Bank transfer (automatic),63.29,376.74,1
3722-YUCFE,Female,0,No,No,29,Yes,Yes,No,No internet service,No internet service,No internet service,No internet service,No internet service,No internet service,One year,No,Mailed check,28.12,802.27,0
9418-QRLEI,Male,0,Yes,No,57,Yes,No,No,No internet service,No internet service,No internet service,No internet service,No internet service,No internet service,Month-to-month,Yes,Credit card (automatic),20.3,1180.42,0
2268-LTICA,Female,0,No,Yes,39,Yes,No,DSL,No,Yes,No,Yes,No,No,Two year,No,Electronic check,51.24,1972.76,0
3462-VOJNG,Female,0,No,No,17,Yes,No,Fiber optic,No,No,No,No,No,Yes,Month-to-month,No,Mailed check,90.41,1564.71,0
5404-DZETP,Male,0,Yes,No,54,Yes,No,Fiber optic,No,No,No,No,No,No,Month-to-month,Yes,Electronic check,80.2,4306.88,1
1268-CQMFZ,Male,1,No,No,32,Yes,No,Fiber optic,Yes,No,Yes,No,No,No,Month-to-month,No,Electronic check,92.42,2966.19,1
1654-EPKQE,Male,0,No,No,23,Yes,No,Fiber optic,Yes,No,No,Yes,Yes,No,Month-to-month,Yes,Mailed check,112.31,2567.42,1
5304-FJUAU,Female,0,Yes,Yes,4,No,No phone service,Fiber optic,No,No,No,Yes,Yes,No,Two year,Yes,Mailed check,94.39,373.47,0
4862-JQCBQ,Male,0,No,No,26,Yes,No,DSL,No,No,No,Yes,No,No,Month-to-month,Yes,Electronic check,63.31,1650.01,1
5151-DBEJA,Male,0,Yes,No,60,Yes,No,DSL,Yes,No,No,No,No,No,One year,Yes,Mailed check,64.03,3843.92,1
3413-ZAZDG,Female,0,No,Yes,29,Yes,Yes,Fiber optic,No,No,No,No,No,No,Two year,Yes,Electronic check,78.61,2296.8,1
7001-NNRBA,Female,1,No,No,11,Yes,Yes,No,No internet service,No internet service,No internet service,No internet service,No internet service,No internet service,Two year,Yes,Mailed check,19.67,206.81,0
3821-UVPVR,Male,1,No,No,66,Yes,Yes,No,No internet service,No internet service,No internet service,No internet service,No internet service,No internet service,Month-to-month,Yes,Mailed check,18.25,1193.03,1
1428-PWVXF,Male,0,Yes,No,17,Yes,No,Fiber optic,Yes,No,No,No,No,No,Month-to-month,Yes,Bank transfer (automatic),89.79,1503.45,1
1589-YJBGU,Female,0,Yes,No,4,Yes,Yes,No,No internet service,No internet service,No internet service,No internet service,No internet service,No internet service,One year,Yes,Electronic check,20.36,105.78,0
1495-QCTLB,Female,0,Yes,No,46,Yes,Yes,DSL,No,Yes,Yes,No,No,Yes,Month-to-month,No,Electronic check,57.79,2652.69,1
5028-GQSLI,Female,1,No,No,63,Yes,Yes,DSL,Yes,No,No,No,No,Yes,Month-to-month,Yes,Bank transfer (automatic),76.16,4803.97,1
6842-NBUDS,Female,0,No,No,13,Yes,No,DSL,No,Yes,Yes,No,Yes,Yes,Two year,Yes,Bank transfer (automatic),68.46,890.21,1
6366-UPVQB,Male,0,No,No,72,Yes,No,Fiber optic,No,Yes,No,No,No,No,One year,Yes,Electronic check,83.77,6016.84,1
6649-QSHXT,Male,1,No,No,51,Yes,No,No,No internet service,No internet service,No internet service,No internet service,No internet service,No internet service,Two year,Yes,Mailed check,20.14,1010.26,0
8170-FLYWR,Female,1,No,No,58,Yes,No,Fiber optic,No,No,No,No,No,No,Two year,No,Mailed check,78.7,4545.53,0
8370-BSXJY,Male,0,No,Yes,1,Yes,No,Fiber optic,No,No,No,Yes,No,No,Month-to-month,Yes,Mailed check,84.06,106.46,1
1528-CYLZP,Male,0,No,No,50,Yes,Yes,Fiber optic,Yes,Yes,No,No,No,No,One year,No,Electronic check,88.5,4455.79,0
2808-LHEKJ,Male,0,No,Yes,40,Yes,No,No,No internet service,No internet service,No internet service,No internet service,No internet service,No internet service,One year,Yes,Mailed check,18.25,735.76,0
6605-CWILF,Female,0,No,Yes,51,Yes,Yes,Fiber optic,Yes,No,No,Yes,No,No,Month-to-month,Yes,Bank transfer (automatic),104.43,5330.89,1
3055-SPUWX,Male,0,Yes,No,4,Yes,Yes,Fiber optic,No,No,No,Yes,No,No,One year,Yes,Credit card (automatic),86.71,355.87,1
2231-NDRJR,Female,0,No,No,24,Yes,Yes,Fiber optic,No,No,Yes,No,Yes,No,Month-to-month,No,Bank transfer (automatic),83.14,1995.58,1
3028-LSHAN,Male,0,No,Yes,69,Yes,Yes,Fiber optic,No,No,No,Yes,No,No,Two year,No,Electronic check,93.84,6470.33,0
8733-WFNBI,Female,0,Yes,No,6,Yes,No,Fiber optic,No,No,No,No,Yes,Yes,Two year,Yes,Credit card (automatic),93.79,559.19,1
1677-LEBSG,Female,0,Yes,No,60,Yes,Yes,DSL,Yes,No,Yes,No,No,No,Month-to-month,No,Electronic check,63.97,3811.41,0
9099-GJQZN,Female,0,No,No,6,Yes,Yes,DSL,No,Yes,No,No,No,No,One year,Yes,Mailed check,50.55,303.21,0
7590-KTFHS,Male,0,No,No,4,Yes,No,Fiber optic,No,Yes,No,No,Yes,Yes,One year,Yes,Electronic check,104.91,405.18,1
5516-SXXXQ,Male,0,No,No,31,Yes,No,DSL,No,Yes,No,No,Yes,No,Month-to-month,No,Bank transfer (automatic),70.46,2186.49,1
9405-XXRLI,Male,0,Yes,No,18,Yes,Yes,DSL,No,No,No,No,No,No,Month-to-month,Yes,Credit card (automatic),52.45,949.7,1
9694-WXPRP,Male,0,No,Yes,1,Yes,No,DSL,No,Yes,No,No,No,No,Two year,Yes,Credit card (automatic),45.97,66.84,1
3741-PDWVG,Male,0,No,No,47,Yes,Yes,No,No internet service,No internet service,No internet service,No internet service,No internet service,No internet service,Month-to-month,Yes,Electronic check,18.25,859.74,1
5087-AXWTA,Female,0,Yes,Yes,20,Yes,Yes,DSL,No,No,Yes,Yes,Yes,Yes,One year,Yes,Mailed check,88.73,1777.23,1
5007-HZWHJ,Male,0,No,Yes,2,Yes,Yes,Fiber optic,No,No,Yes,Yes,Yes,No,One year,Yes,Mailed check,104.52,200.53,1
9337-AUYUN,Male,1,No,No,2,Yes,Yes,Fiber optic,No,No,Yes,No,Yes,Yes,One year,No,Electronic check,104.41,211.97,1
3432-NJSYP,Male,0,No,No,72,Yes,Yes,Fiber optic,No,Yes,No,No,Yes,No,Month-to-month,Yes,Credit card (automatic),88.53,6395.62,1
6377-ITPTH,Male,0,Yes,No,67,Yes,No,DSL,No,No,Yes,Yes,No,Yes,Two year,No,Mailed check,80.63,5403.25,1
7880-GKUFO,Female,0,No,No,62,Yes,No,Fiber optic,Yes,No,No,No,Yes,Yes,Month-to-month,Yes,Mailed check,111.53,6915.45,1
1551-SNOFX,Female,0,No,No,8,Yes,Yes,Fiber optic,No,No,No,No,No,No,Two year,Yes,Bank transfer (automatic),82.31,660.42,1
6021-JNPMK,Female,0,Yes,No,1,Yes,Yes,No,No internet service,No internet service,No internet service,No internet service,No internet service,No internet service,Month-to-month,No,Bank transfer (automatic),23.02,27.85,1
5038-YCHCB,Female,1,Yes,Yes,37,Yes,No,DSL,No,Yes,No,No,No,No,Month-to-month,Yes,Credit card (automatic),50.35,1840.75,0
8416-UNTUV,Male,0,Yes,Yes,70,Yes,Yes,Fiber optic,No,No,No,No,No,No,Month-to-month,No,Mailed check,89.78,6270.73,1
2611-OCAOT,Female,0,Yes,Yes,8,Yes,No,No,No internet service,No internet service,No internet service,No internet service,No internet service,No internet service,Month-to-month,No,Credit card (automatic),19.03,135.4,1
7465-VBRAI,Male,0,Yes,No,38,Yes,Yes,DSL,No,Yes,Yes,No,No,Yes,Two year,No,Credit card (automatic),63.31,2434.47,0
6210-CBDPV,Female,0,No,No,70,Yes,Yes,No,No internet service,No internet service,No internet service,No internet service,No internet service,No internet service,Month-to-month,No,Mailed check,20.53,1421.29,0
9244-AIYHF,Female,0,Yes,No,10,Yes,Yes,DSL,Yes,No,No,Yes,No,No,Two year,No,Electronic check,74.27,761.03,0
4790-TRPHW,Male,0,No,No,64,Yes,No,DSL,No,No,Yes,Yes,Yes,No,One year,Yes,Electronic check,68.91,4427.6,0
1673-DCOFA,Male,1,No,Yes,25,Yes,No,No,No internet service,No internet service,No internet service,No internet service,No internet service,No internet service,One year,No,Mailed check,22.39,580.1,1
8174-RWKCM,Female,0,Yes,No,13,Yes,No,DSL,No,Yes,No,No,No,No,Two year,No,Mailed check,48.46,655.03,0
4782-QRZZN,Male,0,Yes,No,22,Yes,Yes,Fiber optic,Yes,No,Yes,Yes,Yes,Yes,Month-to-month,No,Credit card (automatic),118.75,2622.92,1
5393-YGGNZ,Male,1,No,No,13,Yes,No,Fiber optic,No,No,Yes,No,Yes,No,Month-to-month,No,Credit card (automatic),88.36,1145.31,1
6070-XOLLH,Male,0,No,Yes,10,Yes,Yes,DSL,Yes,Yes,No,Yes,No,Yes,Two year,Yes,Credit card (automatic),85.84,864.65,1
5845-PIBNX,Female,0,Yes,No,33,Yes,No,No,No internet service,No internet service,No internet service,No internet service,No internet service,No internet service,Month-to-month,Yes,Bank transfer (automatic),22.66,775.4,1
5461-XPEET,Female,1,No,Yes,6,Yes,Yes,DSL,Yes,No,Yes,No,No,Yes,Month-to-month,Yes,Electronic check,66.4,400.54,1
1605-URREK,Female,0,No,No,65,No,No phone service,DSL,No,No,No,No,No,Yes,One year,Yes,Electronic check,59.26,3844.79,1
6834-MCQYR,Female,0,No,No,44,Yes,No,Fiber optic,No,No,No,No,No,Yes,Month-to-month,No,Credit card (automatic),95.81,4178.91,1
9756-NLNZR,Male,0,Yes,No,6,Yes,No,Fiber optic,Yes,Yes,Yes,Yes,No,No,One year,Yes,Mailed check,90.84,545.22,1
6775-TBGOJ,Male,0,No,No,65,Yes,No,DSL,No,No,No,No,Yes,No,Month-to-month,No,Bank transfer (automatic),64.03,4143.0,1
2468-OQKBU,Male,0,No,No,9,Yes,No,Fiber optic,No,Yes,No,No,No,Yes,Month-to-month,No,Bank transfer (automatic),88.75,794.62,1
8711-RYDIQ,Male,0,Yes,No,18,Yes,No,Fiber optic,No,No,Yes,Yes,No,No,Month-to-month,Yes,Credit card (automatic),96.65,1746.35,1
2982-QQPTY,Female,1,No,Yes,63,Yes,No,DSL,No,Yes,Yes,No,No,Yes,Month-to-month,Yes,Mailed check,61.19,3848.45,1
9410-HWOAS,Male,0,Yes,No,2,Yes,No,Fiber optic,No,Yes,Yes,Yes,No,Yes,Month-to-month,No,Bank transfer (automatic),105.04,195.79,1
1890-YOIEP,Female,0,No,No,10,Yes,Yes,Fiber optic,Yes,No,No,Yes,No,No,Month-to-month,Yes,Electronic check,99.57,997.24,1
4949-MPVKM,Female,0,Yes,Yes,5,Yes,No,No,No internet service,No internet service,No internet service,No internet service,No internet service,No internet service,Month-to-month,No,Mailed check,19.08,100.78,1
7027-FZTQE,Female,0,Yes,Yes,63,Yes,No,No,No internet service,No internet service,No internet service,No internet service,No internet service,No internet service,Month-to-month,Yes,Credit card (automatic),18.25,1167.98,0
1843-QAEEG,Male,0,Yes,Yes,39,Yes,Yes,No,No internet service,No internet service,No internet service,No internet service,No internet service,No internet service,One year,No,Bank transfer (automatic),27.1,1090.76,0
3155-PRFBM,Male,0,No,Yes,63,Yes,No,DSL,No,Yes,Yes,No,No,No,Month-to-month,Yes,Mailed check,58.07,3665.75,1
5104-JUTKZ,Female,1,Yes,No,56,Yes,Yes,Fiber optic,No,Yes,No,No,No,Yes,Month-to-month,No,Bank transfer (automatic),93.58,5261.09,1
9793-UBHXV,Female,0,Yes,No,6,Yes,No,Fiber optic,Yes,No,No,No,No,Yes,Two year,No,Electronic check,104.59,596.98,0
3077-STQPY,Male,1,Yes,No,51,Yes,Yes,DSL,No,No,No,Yes,No,Yes,Month-to-month,Yes,Credit card (automatic),73.47,3738.41,1
6581-JENXS,Female,0,Yes,Yes,56,Yes,Yes,No,No internet service,No internet service,No internet service,No internet service,No internet service,No internet service,Month-to-month,No,Credit card (automatic),18.25,1038.96,1
9523-DTPXO,Male,1,No,No,31,Yes,No,DSL,No,No,No,No,Yes,No,Two year,Yes,Bank transfer (automatic),55.56,1718.43,1
6471-ICWIR,Female,0,No,No,23,Yes,Yes,Fiber optic,No,No,No,Yes,Yes,No,Month-to-month,Yes,Mailed check,105.23,2417.47,1
4520-DSXDI,Female,0,No,No,13,Yes,Yes,DSL,No,No,No,No,Yes,No,Month-to-month,Yes,Electronic check,56.03,720.01,1
5693-AATSC,Male,0,No,Yes,45,Yes,No,Fiber optic,No,Yes,No,No,No,Yes,Month-to-month,Yes,Credit card (automatic),92.12,4119.38,1
3799-JLRNJ,Male,0,Yes,No,34,Yes,No,Fiber optic,No,Yes,No,No,No,No,Month-to-month,Yes,Electronic check,75.42,2563.44,1
6829-JRXAO,Female,0,Yes,Yes,13,Yes,Yes,No,No internet service,No internet service,No internet service,No internet service,No internet service,No internet service,One year,No,Credit card (automatic),18.61,235.69,0
1584-HZCRI,Female,0,No,Yes,29,Yes,Yes,Fiber optic,Yes,No,Yes,No,No,No,Month-to-month,No,Bank transfer (automatic),88.2,2583.18,1
4268-PUOEM,Male,0,No,No,46,Yes,Yes,Fiber optic,No,Yes,Yes,No,Yes,No,One year,No,Electronic check,93.78,4302.68,1
8344-VTGPG,Female,1,No,No,8,Yes,Yes,Fiber optic,No,No,Yes,Yes,Yes,No,Month-to-month,Yes,Electronic check,102.16,814.77,1
8363-YVPMQ,Female,0,No,Yes,65,Yes,No,No,No internet service,No internet service,No internet service,No internet service,No internet service,No internet service,Two year,No,Bank transfer (automatic),18.25,1184.16,0
6785-ILMZI,Female,0,Yes,Yes,11,Yes,No,DSL,No,No,No,No,Yes,Yes,Two year,No,Credit card (automatic),75.76,825.35,1
8558-EGADZ,Female,0,No,No,5,Yes,No,Fiber optic,No,Yes,No,Yes,No,Yes,Month-to-month,No,Electronic check,97.86,475.45,1
5528-DPEVD,Female,1,Yes,No,52,Yes,Yes,DSL,No,No,No,No,No,Yes,One year,Yes,Electronic check,55.89,2905.61,0
8573-FZWCY,Female,0,Yes,Yes,9,No,No phone service,No,No internet service,No internet service,No internet service,No internet service,No internet service,No internet service,Two year,No,Bank transfer (automatic),19.55,181.2,0
7258-HQRRZ,Male,0,Yes,No,60,Yes,No,DSL,Yes,No,No,No,Yes,Yes,Month-to-month,No,Bank transfer (automatic),80.17,4808.75,1
6898-YLYYA,Female,0,No,No,9,Yes,Yes,DSL,No,No,No,Yes,No,No,One year,No,Credit card (automatic),66.94,606.49,0
8540-WLKMC,Male,0,Yes,No,55,Yes,Yes,No,No internet service,No internet service,No internet service,No internet service,No internet service,No internet service,Two year,No,Credit card (automatic),18.25,999.54,0
5997-YHCQY,Female,0,Yes,No,70,Yes,No,Fiber optic,No,No,No,No,No,No,Month-to-month,No,Bank transfer (automatic),79.83,5586.55,1
8010-MJQCM,Female,0,Yes,Yes,11,Yes,Yes,No,No internet service,No internet service,No internet service,No internet service,No internet service,No internet service,One year,No,Electronic check,18.25,199.17,1
5209-VFNJT,Male,0,Yes,Yes,65,Yes,Yes,Fiber optic,No,No,No,No,Yes,No,Two year,No,Bank transfer (automatic),92.84,6042.17,0
9823-PRMJF,Male,0,No,No,6,Yes,Yes,Fiber optic,No,No,Yes,Yes,No,No,One year,Yes,Electronic check,100.21,610.35,1
3550-JEFGK,Male,0,No,Yes,33,Yes,No,Fiber optic,No,No,No,No,Yes,No,Two year,Yes,Electronic check,93.84,3088.5,1
7903-PYLLW,Male,0,No,No,12,Yes,Yes,DSL,No,No,Yes,No,No,Yes,Two year,Yes,Bank transfer (automatic),66.25,784.05,0
5397-TZEPF,Male,0,No,Yes,15,Yes,No,DSL,No,No,No,No,Yes,Yes,Two year,Yes,Mailed check,72.75,1110.01,0
1344-IEUWP,Female,0,No,Yes,3,Yes,Yes,Fiber optic,Yes,No,No,No,Yes,Yes,Month-to-month,Yes,Bank transfer (automatic),106.66,316.56,1
3185-RSLBZ,Male,0,No,Yes,7,Yes,Yes,Fiber optic,Yes,No,Yes,No,No,Yes,One year,No,Electronic check,98.05,688.75,1
7063-JLNRS,Male,0,Yes,No,11,Yes,No,No,No internet service,No internet service,No internet service,No internet service,No internet service,No internet service,Month-to-month,Yes,Credit card (automatic),18.25,192.93,1
8008-FEPNM,Male,0,No,No,9,Yes,No,DSL,No,Yes,Yes,No,No,No,One year,Yes,Mailed check,51.71,475.23,1
6668-UBBLA,Female,0,No,No,2,Yes,Yes,Fiber optic,No,Yes,Yes,No,No,Yes,Month-to-month,No,Credit card (automatic),95.87,201.78,1
4834-SPGUG,Female,0,No,No,63,Yes,No,DSL,No,No,No,No,Yes,No,Month-to-month,Yes,Mailed check,56.37,3559.76,1
9702-PYFRA,Female,0,No,No,68,Yes,Yes,Fiber optic,No,Yes,No,No,No,No,Month-to-month,No,Electronic check,79.5,5416.65,1
1871-AZYNF,Male,0,No,No,68,Yes,Yes,Fiber optic,Yes,No,No,Yes,No,Yes,Month-to-month,Yes,Electronic check,105.18,7138.9,0
5587-FDLRJ,Female,0,No,No,45,Yes,Yes,DSL,Yes,No,No,Yes,Yes,Yes,Month-to-month,No,Credit card (automatic),90.39,4098.67,0
8572-CCHVW,Female,0,Yes,No,65,Yes,Yes,Fiber optic,Yes,No,No,Yes,Yes,No,Two year,Yes,Bank transfer (automatic),114.59,7438.94,0
5868-YAROY,Female,0,No,No,2,No,No phone service,Fiber optic,Yes,No,No,Yes,No,No,One year,Yes,Electronic check,98.27,180.02,1
5075-UTQYK,Female,0,Yes,No,46,Yes,No,Fiber optic,Yes,No,No,No,No,No,Month-to-month,No,Mailed check,87.08,4006.98,1
1090-MYTYJ,Male,1,No,Yes,8,No,No phone service,Fiber optic,No,No,No,No,Yes,No,Month-to-month,No,Electronic check,89.83,721.72,1
5808-MQUAT,Male,0,No,No,9,Yes,Yes,DSL,No,No,No,No,No,Yes,Two year,No,Bank transfer (automatic),61.68,547.94,0
6170-PPUCB,Male,0,Yes,Yes,26,Yes,No,No,No internet service,No internet service,No internet service,No internet service,No internet service,No internet service,Two year,No,Mailed check,18.25,469.2,0
7073-FKCZA,Male,0,Yes,Yes,5,Yes,No,No,No internet service,No internet service,No internet service,No internet service,No internet service,No internet service,Two year,Yes,Electronic check,18.25,88.59,0
4891-KMERO,Male,0,Yes,Yes,35,Yes,Yes,Fiber optic,No,No,No,No,No,Yes,Two year,Yes,Credit card (automatic),98.93,3472.75,0
6570-ROTTT,Male,0,No,No,1,Yes,Yes,Fiber optic,No,No,Yes,Yes,No,Yes,Two year,Yes,Mailed check,99.17,99.17,0
6981-GQHMZ,Male,1,Yes,No,48,Yes,Yes,DSL,Yes,No,No,No,Yes,Yes,One year,Yes,Bank transfer (automatic),83.83,4015.77,0
7352-PYJNF,Male,0,Yes,Yes,63,Yes,Yes,DSL,No,No,No,No,Yes,Yes,Month-to-month,No,Bank transfer (automatic),79.56,5026.93,1
3117-TVZGF,Female,0,Yes,No,60,Yes,No,Fiber optic,Yes,Yes,Yes,No,No,No,Month-to-month,No,Mailed check,84.91,5116.25,1
3937-QUXHL,Female,0,Yes,No,65,Yes,No,DSL,No,Yes,Yes,Yes,No,No,Month-to-month,Yes,Electronic check,63.98,4155.49,0
6184-ZYDJF,Male,1,Yes,No,51,Yes,No,DSL,No,No,Yes,No,No,No,Two year,Yes,Bank transfer (automatic),53.14,2704.51,0
8432-GUHCH,Male,0,No,No,26,Yes,Yes,Fiber optic,Yes,Yes,No,No,No,Yes,Month-to-month,No,Mailed check,99.78,2580.94,1
3836-OUAMV,Female,0,No,No,7,Yes,Yes,DSL,No,Yes,Yes,Yes,Yes,No,Two year,Yes,Credit card (automatic),81.44,551.83,0
4096-ROGOY,Female,0,No,No,31,Yes,No,DSL,No,Yes,No,No,No,Yes,Month-to-month,No,Bank transfer (automatic),58.95,1833.62,1
8217-CZNTD,Female,0,No,No,29,No,No phone service,DSL,No,No,No,No,Yes,No,Month-to-month,No,Mailed check,53.64,1536.01,1
5273-DCEYK,Male,0,No,No,1,Yes,No,Fiber optic,No,Yes,No,No,No,No,Month-to-month,Yes,Credit card (automatic),77.75,77.75,1
1947-HZBPY,Female,0,Yes,No,19,Yes,No,Fiber optic,No,No,No,No,Yes,Yes,Month-to-month,Yes,Mailed check,106.09,2040.8,1
3925-JRGEG,Male,0,Yes,No,11,Yes,Yes,DSL,No,No,No,No,No,No,Month-to-month,Yes,Electronic check,67.6,757.17,1
8144-UFXAK,Female,0,Yes,No,39,Yes,Yes,Fiber optic,No,Yes,No,Yes,No,Yes,One year,Yes,Mailed check,104.3,4094.09,1
4214-MLAUO,Female,0,Yes,Yes,12,Yes,No,DSL,No,Yes,Yes,No,No,Yes,One year,No,Electronic check,62.12,773.42,1
5401-ACZOI,Male,0,Yes,Yes,43,Yes,Yes,DSL,No,Yes,Yes,No,No,No,Month-to-month,No,Mailed check,54.18,2336.67,1
7838-NWVXH,Female,1,No,No,62,Yes,Yes,DSL,No,Yes,No,No,No,No,Two year,No,Credit card (automatic),50.68,3138.74,0
1883-VDTTF,Male,0,No,No,11,Yes,No,DSL,No,No,No,No,Yes,Yes,Month-to-month,Yes,Electronic check,76.93,857.37,1
5429-ARFNK,Female,0,No,No,65,Yes,Yes,DSL,No,Yes,No,No,No,No,One year,No,Mailed check,47.91,3109.73,0
8845-QIVGN,Male,0,Yes,Yes,7,No,No phone service,No,No internet service,No internet service,No internet service,No internet service,No internet service,No internet service,One year,No,Mailed check,18.79,141.05,0
5963-QHPLL,Male,0,No,Yes,5,Yes,Yes,No,No internet service,No internet service,No internet service,No internet service,No internet service,No internet service,Two year,Yes,Electronic check,22.75,98.9,0
6674-EENFG,Male,0,No,No,61,Yes,Yes,Fiber optic,No,No,Yes,No,Yes,Yes,One year,Yes,Mailed check,109.17,6661.12,1
1627-WUQIV,Female,0,Yes,Yes,5,Yes,No,DSL,No,No,No,Yes,No,Yes,Month-to-month,No,Credit card (automatic),86.5,415.45,1
2456-MIPDB,Male,0,Yes,Yes,10,Yes,Yes,Fiber optic,No,No,Yes,No,No,No,One year,Yes,Credit card (automatic),85.15,854.28,1
9599-MMSLD,Female,0,No,No,55,Yes,No,Fiber optic,No,No,Yes,Yes,No,No,Two year,Yes,Electronic check,93.99,5156.9,0
8227-JPXSH,Female,0,Yes,Yes,34,Yes,Yes,DSL,No,No,No,No,Yes,Yes,Two year,No,Mailed check,70.5,2392.77,0
7552-FDGNM,Male,0,No,No,68,Yes,No,DSL,Yes,No,Yes,Yes,No,No,Month-to-month,No,Bank transfer (automatic),63.94,4348.3,0
6533-UEICJ,Male,0,Yes,No,25,Yes,No,Fiber optic,No,No,No,Yes,Yes,No,Month-to-month,Yes,Credit card (automatic),100.62,2530.91,1
6835-OTUQW,Female,0,No,No,47,Yes,No,DSL,No,No,Yes,Yes,No,Yes,One year,Yes,Bank transfer (automatic),73.45,3452.26,0
9140-XFYCR,Female,0,Yes,No,33,Yes,No,Fiber optic,No,No,No,No,No,No,Two year,Yes,Bank transfer (automatic),74.15,2445.26,0
9630-EMYAQ,Male,0,Yes,Yes,28,Yes,Yes,DSL,No,No,No,Yes,Yes,Yes,One year,No,Electronic check,87.07,2467.51,1
8013-ZCZSU,Female,0,Yes,Yes,37,Yes,Yes,Fiber optic,No,Yes,No,No,Yes,No,Month-to-month,Yes,Mailed check,89.64,3309.42,1
7870-TVLHH,Male,0,No,No,45,Yes,No,Fiber optic,No,Yes,No,No,Yes,No,One year,Yes,Mailed check,98.25,4429.21,0
3415-OKTAP,Male,0,Yes,Yes,5,Yes,No,Fiber optic,No,Yes,Yes,No,No,No,Month-to-month,Yes,Mailed check,75.14,370.62,1
5731-NGFUD,Male,0,No,No,29,Yes,No,DSL,No,No,No,No,Yes,No,Month-to-month,No,Electronic check,61.1,1776.62,1
9493-VHVSY,Female,0,No,No,33,Yes,Yes,No,No internet service,No internet service,No internet service,No internet service,No internet service,No internet service,Month-to-month,Yes,Electronic check,20.48,690.27,1
9649-CDMUB,Female,1,Yes,No,3,Yes,Yes,Fiber optic,No,No,Yes,No,No,No,Month-to-month,Yes,Bank transfer (automatic),86.81,252.02,1
7718-KPJOJ,Female,0,No,No,11,Yes,No,Fiber optic,No,Yes,No,No,Yes,No,One year,Yes,Mailed check,82.44,910.68,1
7587-BFNBJ,Female,0,Yes,Yes,58,Yes,Yes,Fiber optic,Yes,No,No,No,No,No,Two year,No,Electronic check,96.94,5613.52,0
5967-QHZPN,Male,0,Yes,No,61,No,No phone service,DSL,No,No,No,No,No,No,Month-to-month,Yes,Electronic check,51.36,3107.25,1
3899-JMAJV,Female,1,No,Yes,14,Yes,Yes,Fiber optic,No,No,No,No,No,No,Month-to-month,Yes,Electronic check,81.29,1143.83,1
1433-LQXNE,Male,0,Yes,No,1,Yes,Yes,DSL,No,Yes,No,No,No,Yes,Month-to-month,No,Electronic check,61.05,119.87,1
3398-SEOMQ,Male,0,No,No,6,Yes,Yes,Fiber optic,No,No,Yes,No,No,No,Two year,No,Credit card (automatic),76.76,444.2,1
3209-ANDYI,Female,0,Yes,No,4,Yes,Yes,Fiber optic,No,No,Yes,Yes,No,No,Two year,Yes,Bank transfer (automatic),95.63,372.07,0
2710-QCMLP,Female,0,No,No,12,Yes,No,No,No internet service,No internet service,No internet service,No internet service,No internet service,No internet service,Month-to-month,Yes,Credit card (automatic),28.67,340.21,1
4353-DRWCQ,Female,0,No,No,42,Yes,No,No,No internet service,No internet service,No internet service,No internet service,No internet service,No internet service,One year,No,Electronic check,20.59,859.95,1
9469-ASVDQ,Male,1,Yes,No,6,Yes,No,Fiber optic,Yes,Yes,No,No,Yes,Yes,One year,No,Electronic check,108.74,642.07,1
1104-GBLEP,Female,0,No,No,63,Yes,No,DSL,No,No,No,No,No,No,One year,Yes,Electronic check,46.39,2927.05,1
6753-HWHMZ,Male,1,Yes,No,61,Yes,No,Fiber optic,Yes,Yes,Yes,No,No,Yes,Two year,No,Bank transfer (automatic),102.58,6260.11,0
2186-NKFPW,Male,0,No,No,45,Yes,Yes,DSL,Yes,No,Yes,No,Yes,Yes,One year,Yes,Bank transfer (automatic),77.64,3478.37,1
5840-YVYOP,Female,1,No,No,2,Yes,No,Fiber optic,Yes,No,No,Yes,No,No,Month-to-month,Yes,Mailed check,102.75,198.24,1
4184-MLRRN,Female,0,Yes,Yes,25,Yes,No,Fiber optic,Yes,No,No,No,No,No,One year,Yes,Electronic check,94.67,2366.63,1
9810-BVBCX,Female,0,No,No,9,No,No phone service,Fiber optic,No,No,No,No,No,No,Month-to-month,No,Mailed check,72.72,640.0,1
5836-HKLDI,Male,1,Yes,No,8,Yes,Yes,Fiber optic,No,Yes,No,No,Yes,No,Month-to-month,No,Mailed check,100.38,815.57,1
8042-XQXPQ,Male,0,No,Yes,1,Yes,No,Fiber optic,No,Yes,No,No,No,Yes,One year,Yes,Electronic check,86.05,98.26,1
8445-OTZVG,Female,0,No,No,8,Yes,No,DSL,Yes,No,No,No,No,Yes,Month-to-month,Yes,Mailed check,71.29,588.25,1
9896-JDXXN,Female,0,No,No,65,Yes,Yes,DSL,No,Yes,No,No,No,Yes,One year,Yes,Credit card (automatic),62.51,4050.79,0
1151-NNYNV,Male,0,Yes,No,60,Yes,No,DSL,No,Yes,No,Yes,No,No,Two year,Yes,Credit card (automatic),63.39,3779.18,0
4282-TROWZ,Female,1,Yes,No,49,Yes,No,Fiber optic,Yes,No,No,No,Yes,Yes,Month-to-month,Yes,Electronic check,116.27,5690.67,1
9069-SMLSS,Female,0,No,No,63,Yes,No,No,No internet service,No internet service,No internet service,No internet service,No internet service,No internet service,Month-to-month,No,Electronic check,18.52,1148.44,1
6012-TBUCJ,Male,0,Yes,No,40,Yes,Yes,Fiber optic,Yes,No,No,No,No,Yes,Month-to-month,Yes,Electronic check,102.48,4094.71,1
1915-ELGIB,Male,0,No,Yes,33,Yes,No,No,No internet service,No internet service,No internet service,No internet service,No internet service,No internet service,Two year,Yes,Bank transfer (automatic),21.31,696.05,0
2305-YJFLF,Female,0,Yes,Yes,19,Yes,No,DSL,Yes,No,No,No,No,No,Month-to-month,Yes,Mailed check,55.73,1085.55,1
5603-CJITE,Male,0,Yes,No,71,Yes,Yes,Fiber optic,No,No,No,Yes,No,No,Two year,Yes,Bank transfer (automatic),96.27,6834.54,0
4049-CEHHN,Female,0,No,No,72,Yes,No,No,No internet service,No internet service,No internet service,No internet service,No internet service,No internet service,Two year,No,Electronic check,23.74,1689.38,0
5467-XVQKZ,Male,1,Yes,No,63,Yes,No,DSL,Yes,Yes,No,No,No,No,Month-to-month,No,Bank transfer (automatic),68.22,4305.93,1
8768-PFKJW,Male,0,Yes,No,65,No,No phone service,No,No internet service,No internet service,No internet service,No internet service,No internet service,No internet service,Month-to-month,Yes,Mailed check,24.75,1605.15,0
9565-IXXOG,Male,0,Yes,No,64,Yes,Yes,Fiber optic,Yes,No,No,No,Yes,No,One year,No,Bank transfer (automatic),105.51,6743.51,0
8269-RAOBV,Male,0,No,Yes,70,Yes,No,No,No internet service,No internet service,No internet service,No internet service,No internet service,No internet service,Month-to-month,Yes,Credit card (automatic),26.4,1854.57,0
8688-BJTOJ,Female,0,Yes,Yes,37,Yes,No,Fiber optic,No,Yes,No,Yes,No,No,Month-to-month,No,Credit card (automatic),85.48,3138.81,1
6909-SVMXK,Male,0,Yes,No,4,Yes,No,Fiber optic,Yes,Yes,No,No,Yes,Yes,Month-to-month,Yes,Mailed check,111.53,444.05,1
9025-VBUMV,Female,0,No,No,45,Yes,Yes,DSL,No,No,No,No,No,Yes,Month-to-month,No,Electronic check,66.51,2994.27,1
7470-YVZUA,Male,0,No,No,33,Yes,No,DSL,Yes,No,No,No,No,No,Month-to-month,Yes,Credit card (automatic),49.1,1630.24,1
3796-ZEUVG,Female,0,No,No,10,Yes,No,No,No internet service,No internet service,No internet service,No internet service,No internet service,No internet service,One year,Yes,Mailed check,28.34,300.93,0
3701-MMTWU,Male,0,No,No,18,Yes,Yes,Fiber optic,No,Yes,No,Yes,Yes,No,Month-to-month,Yes,Mailed check,99.15,1773.15,1
2398-FTLHI,Male,0,No,Yes,4,Yes,No,Fiber optic,No,No,No,No,No,No,Two year,Yes,Electronic check,83.29,344.77,0
3519-RKTKX,Female,0,Yes,No,12,No,No phone service,Fiber optic,Yes,No,No,No,No,No,Month-to-month,Yes,Credit card (automatic),90.18,1058.02,1
4358-XOICQ,Male,0,Yes,No,9,Yes,Yes,Fiber optic,Yes,No,Yes,Yes,No,No,Two year,No,Credit card (automatic),99.46,897.04,0
6654-YQCSI,Female,0,No,No,70,Yes,Yes,No,No internet service,No internet service,No internet service,No internet service,No internet service,No internet service,One year,No,Credit card (automatic),18.25,1296.9,0
1183-QWRWO,Female,0,No,No,7,Yes,Yes,No,No internet service,No internet service,No internet service,No internet service,No internet service,No internet service,One year,Yes,Mailed check,19.25,130.31,0
5039-AZJHJ,Male,1,Yes,Yes,10,Yes,Yes,Fiber optic,No,No,No,Yes,Yes,No,Two year,Yes,Credit card (automatic),109.74,1089.77,1
1366-ZBSNH,Male,0,No,No,11,Yes,No,No,No internet service,No internet service,No internet service,No internet service,No internet service,No internet service,Two year,Yes,Bank transfer (automatic),18.25,194.05,0
9304-SAPYX,Female,0,No,Yes,70,Yes,Yes,DSL,No,Yes,No,No,No,No,Month-to-month,No,Mailed check,53.21,3721.79,0
8862-OTXEC,Male,0,No,Yes,66,Yes,No,DSL,No,No,No,Yes,No,No,One year,Yes,Credit card (automatic),50.25,3328.94,0
5970-QJEKF,Male,0,No,No,32,Yes,No,DSL,Yes,Yes,No,Yes,No,No,Month-to-month,No,Mailed check,78.03,2489.85,0
7110-DGSGN,Female,1,Yes,Yes,3,Yes,No,No,No internet service,No internet service,No internet service,No internet service,No internet service,No internet service,Month-to-month,No,Bank transfer (automatic),24.69,99.99,1
3417-QWQMA,Male,0,No,No,63,Yes,No,Fiber optic,No,No,Yes,No,Yes,Yes,Month-to-month,Yes,Credit card (automatic),97.54,6129.72,1
1471-BRDMA,Male,0,No,No,10,Yes,No,No,No internet service,No internet service,No internet service,No internet service,No internet service,No internet service,Month-to-month,No,Bank transfer (automatic),22.26,214.58,1
1967-DBDPD,Male,0,Yes,No,12,Yes,No,DSL,No,No,No,No,No,Yes,Month-to-month,Yes,Credit card (automatic),63.24,753.36,1
7744-YIQUW,Male,0,No,No,20,Yes,No,DSL,No,Yes,No,No,No,No,Month-to-month,Yes,Mailed check,52.72,1053.34,1
9668-TUBCW,Male,0,Yes,Yes,1,Yes,Yes,Fiber optic,No,No,No,No,No,Yes,Month-to-month,Yes,Electronic check,97.82,129.21,1
3656-ZOGDL,Female,0,No,Yes,69,Yes,No,DSL,No,Yes,No,Yes,Yes,Yes,Month-to-month,Yes,Mailed check,83.52,5796.41,1
7774-AQDDV,Male,0,Yes,No,20,Yes,No,No,No internet service,No internet service,No internet service,No internet service,No internet service,No internet service,Two year,Yes,Mailed check,28.62,581.3,0
1209-WYIZU,Male,0,No,No,53,Yes,No,Fiber optic,No,No,Yes,No,No,No,Two year,Yes,Electronic check,82.7,4386.75,0
2961-JSSOV,Female,0,No,No,44,Yes,No,Fiber optic,No,No,Yes,No,No,No,Month-to-month,No,Bank transfer (automatic),72.2,3180.71,1
1896-QGCEP,Male,0,Yes,Yes,7,Yes,No,Fiber optic,No,Yes,No,Yes,No,Yes,One year,No,Electronic check,106.38,738.83,1
8417-WGPIA,Female,0,Yes,No,39,Yes,No,Fiber optic,No,No,No,No,No,No,One year,No,Mailed check,73.3,2871.76,1
4815-CYHRX,Female,0,Yes,Yes,69,Yes,Yes,Fiber optic,No,Yes,Yes,No,No,No,Two year,Yes,Electronic check,89.11,6161.49,1
8791-XRXSG,Male,0,No,No,65,No,No phone service,DSL,No,Yes,No,Yes,No,No,One year,Yes,Credit card (automatic),60.01,3902.37,0
2773-YTFYK,Male,1,Yes,No,67,Yes,No,No,No internet service,No internet service,No internet service,No internet service,No internet service,No internet service,Month-to-month,Yes,Electronic check,18.58,1255.5,0
6145-ELASK,Female,0,No,Yes,67,Yes,No,Fiber optic,Yes,Yes,No,Yes,Yes,Yes,One year,Yes,Credit card (automatic),118.75,7964.72,0
3299-OYPCK,Male,0,No,Yes,4,Yes,No,Fiber optic,No,No,No,Yes,No,Yes,Month-to-month,No,Credit card (automatic),101.84,418.87,1
2209-KJBTE,Female,0,No,No,24,No,No phone service,Fiber optic,No,No,Yes,No,Yes,Yes,One year,No,Mailed check,104.4,2523.05,0
6241-WWYHM,Male,0,Yes,No,72,Yes,No,Fiber optic,No,Yes,Yes,No,No,No,One year,Yes,Electronic check,73.76,5321.46,0
6576-OBLXH,Male,0,No,Yes,67,Yes,Yes,No,No internet service,No internet service,No internet service,No internet service,No internet service,No internet service,Month-to-month,Yes,Bank transfer (automatic),18.25,1235.94,1
9973-USYWA,Female,0,No,Yes,2,Yes,Yes,No,No internet service,No internet service,No internet service,No internet service,No internet service,No internet service,Month-to-month,No,Electronic check,24.61,59.57,0
2270-HJMEV,Female,0,Yes,No,11,Yes,Yes,DSL,No,No,Yes,Yes,No,No,Month-to-month,Yes,Bank transfer (automatic),66.17,746.09,0
2251-IJNXK,Female,0,Yes,No,6,No,No phone service,DSL,No,Yes,Yes,Yes,No,Yes,Two year,Yes,Electronic check,71.47,441.02,1
4176-NCUPT,Female,0,No,Yes,12,Yes,Yes,DSL,Yes,No,No,No,No,No,Two year,Yes,Electronic check,51.8,621.01,0
5775-QEZGQ,Female,1,Yes,No,20,Yes,No,Fiber optic,Yes,No,Yes,Yes,Yes,Yes,Month-to-month,No,Electronic check,118.75,2364.04,1
8149-TVKLY,Female,0,No,No,68,Yes,Yes,Fiber optic,No,Yes,Yes,No,No,Yes,One year,Yes,Bank transfer (automatic),88.77,6044.78,0
7450-XBSZE,Female,0,No,No,63,Yes,Yes,Fiber optic,No,No,Yes,No,No,No,Month-to-month,No,Credit card (automatic),82.1,5167.01,1
4969-KWSGU,Female,0,Yes,Yes,5,Yes,No,No,No internet service,No internet service,No internet service,No internet service,No internet service,No internet service,Month-to-month,Yes,Credit card (automatic),18.25,101.37,0
2292-ZVFKN,Female,0,No,No,9,Yes,No,No,No internet service,No internet service,No internet service,No internet service,No internet service,No internet service,Month-to-month,No,Bank transfer (automatic),18.25,158.97,1
6899-DHIBY,Female,0,Yes,Yes,11,Yes,Yes,Fiber optic,No,No,Yes,Yes,No,No,One year,Yes,Electronic check,84.39,932.85,1
6262-KTVGD,Male,0,Yes,No,63,Yes,No,Fiber optic,No,No,Yes,No,Yes,Yes,Two year,No,Bank transfer (automatic),94.44,5962.52,1
4370-XNZXA,Male,0,Yes,No,55,Yes,No,Fiber optic,Yes,Yes,No,Yes,No,Yes,Two year,Yes,Bank transfer (automatic),111.0,6114.8,0
7440-XZLSE,Female,0,Yes,No,7,Yes,No,Fiber optic,No,No,No,No,No,Yes,Month-to-month,Yes,Bank transfer (automatic),87.43,630.05,1
5057-ZHKVD,Male,0,Yes,No,7,No,No phone service,DSL,No,Yes,No,No,No,Yes,One year,Yes,Electronic check,60.72,396.48,1
7141-OTLTV,Female,1,Yes,No,7,Yes,No,DSL,No,No,Yes,Yes,No,Yes,Two year,Yes,Bank transfer (automatic),61.84,457.56,1
4651-WUJXP,Male,0,Yes,No,4,Yes,No,No,No internet service,No internet service,No internet service,No internet service,No internet service,No internet service,Month-to-month,Yes,Mailed check,22.57,103.62,1
4315-WHTHF,Male,0,Yes,No,35,Yes,Yes,Fiber optic,No,No,No,No,Yes,No,Month-to-month,No,Mailed check,91.46,3207.45,1
5074-CHWJE,Male,0,No,No,21,Yes,Yes,Fiber optic,No,No,No,Yes,No,No,Month-to-month,No,Bank transfer (automatic),95.47,2006.72,1
1292-KDQZC,Male,0,No,Yes,67,Yes,Yes,No,No internet service,No internet service,No internet service,No internet service,No internet service,No internet service,One year,Yes,Bank transfer (automatic),24.67,1640.19,0
7118-RHXLU,Male,0,No,Yes,70,Yes,No,DSL,No,No,No,Yes,Yes,No,Two year,Yes,Electronic check,80.26,5642.77,0
5550-PNUPD,Female,0,Yes,Yes,19,Yes,Yes,Fiber optic,No,Yes,No,No,No,No,Month-to-month,Yes,Electronic check,75.53,1421.22,1
2051-AAVOT,Male,0,Yes,No,7,Yes,No,DSL,Yes,No,Yes,Yes,Yes,No,Month-to-month,Yes,Credit card (automatic),91.43,646.66,0
8512-TCNIS,Male,0,Yes,Yes,41,Yes,No,Fiber optic,No,No,No,No,No,Yes,Month-to-month,Yes,Bank transfer (automatic),92.68,3779.98,1
5847-HBDAK,Female,0,Yes,No,4,Yes,Yes,DSL,Yes,No,No,No,No,No,One year,No,Credit card (automatic),58.93,250.32,1
5472-EBMQQ,Male,0,No,No,60,Yes,Yes,Fiber optic,No,Yes,No,Yes,Yes,Yes,Month-to-month,No,Electronic check,108.07,6490.81,1
1272-RUIFT,Male,0,No,No,39,Yes,No,Fiber optic,Yes,No,Yes,No,Yes,No,Month-to-month,No,Credit card (automatic),102.76,4004.88,1
3042-CHCAT,Male,0,Yes,No,25,Yes,No,Fiber optic,No,No,Yes,No,No,No,Month-to-month,Yes,Mailed check,86.61,2153.35,1
8771-MUEPU,Male,0,Yes,Yes,64,Yes,No,No,No internet service,No internet service,No internet service,No internet service,No internet service,No internet service,Month-to-month,No,Credit card (automatic),19.87,1272.87,0
4914-XPXLM,Male,0,Yes,Yes,5,Yes,No,Fiber optic,No,No,No,No,No,Yes,Two year,No,Bank transfer (automatic),93.51,489.96,0
5184-DIPAE,Male,0,No,Yes,25,No,No phone service,DSL,No,No,Yes,Yes,No,No,Month-to-month,No,Electronic check,56.35,1420.32,1
1103-UEXYS,Male,0,Yes,No,14,No,No phone service,No,No internet service,No internet service,No internet service,No internet service,No internet service,No internet service,Month-to-month,Yes,Electronic check,23.55,343.24,0
2086-IHSRO,Female,0,No,No,7,Yes,Yes,Fiber optic,Yes,Yes,No,No,Yes,No,One year,Yes,Bank transfer (automatic),103.28,710.49,1
5663-DOMRT,Female,0,Yes,Yes,69,Yes,No,Fiber optic,No,No,No,No,No,No,Month-to-month,Yes,Bank transfer (automatic),84.74,5842.68,1
8803-ERHAS,Female,0,No,No,55,Yes,No,Fiber optic,No,Yes,No,Yes,No,No,Month-to-month,Yes,Mailed check,96.2,5276.35,1
9879-WZQBS,Male,0,Yes,No,7,Yes,No,Fiber optic,Yes,No,Yes,Yes,Yes,No,Month-to-month,No,Credit card (automatic),118.75,851.64,1
5407-PRBFG,Male,0,Yes,No,26,Yes,Yes,Fiber optic,No,No,No,No,No,No,Two year,Yes,Bank transfer (automatic),78.04,2020.88,0
3903-FFIHX,Female,1,No,Yes,22,No,No phone service,DSL,No,No,Yes,No,No,No,Month-to-month,Yes,Electronic check,48.47,1067.79,1
6378-VUILR,Female,0,No,No,31,Yes,No,No,No internet service,No internet service,No internet service,No internet service,No internet service,No internet service,One year,Yes,Electronic check,21.5,674.67,0
8015-WFWDY,Female,0,No,No,30,Yes,No,Fiber optic,No,No,No,No,No,No,Two year,No,Credit card (automatic),80.75,2411.29,0
5042-GRTER,Male,0,No,No,62,No,No phone service,Fiber optic,No,Yes,No,No,No,Yes,Two year,Yes,Electronic check,91.79,5688.86,1
7793-JHAOC,Female,0,No,No,51,Yes,Yes,Fiber optic,Yes,Yes,No,Yes,No,Yes,Month-to-month,No,Credit card (automatic),118.75,6037.44,1
7225-ONAUH,Male,0,No,No,72,Yes,No,DSL,No,No,No,No,No,Yes,Month-to-month,No,Bank transfer (automatic),72.34,5198.82,1
7636-GIRLH,Female,0,Yes,Yes,70,Yes,Yes,DSL,Yes,Yes,No,No,No,No,Month-to-month,No,Electronic check,54.46,3808.46,1
9557-HFCBN,Female,1,No,Yes,6,Yes,Yes,Fiber optic,No,No,No,Yes,No,Yes,Month-to-month,Yes,Credit card (automatic),108.62,669.24,1
5446-HFDEU,Male,0,Yes,No,67,Yes,No,DSL,No,No,No,Yes,Yes,Yes,Month-to-month,Yes,Electronic check,85.76,5750.63,0
5121-MIMIX,Male,0,No,No,71,No,No phone service,Fiber optic,Yes,Yes,No,No,No,Yes,Month-to-month,Yes,Mailed check,106.45,7563.84,0
5978-XPLBS,Male,1,No,No,6,Yes,No,No,No internet service,No internet service,No internet service,No internet service,No internet service,No internet service,Month-to-month,Yes,Electronic check,21.58,110.1,1
1613-PXMEW,Male,0,No,No,29,Yes,Yes,No,No internet service,No internet service,No internet service,No internet service,No internet service,No internet service,Two year,Yes,Credit card (automatic),18.25,526.83,1
6138-XFUXQ,Male,0,Yes,No,8,Yes,No,Fiber optic,Yes,Yes,Yes,Yes,No,No,Month-to-month,Yes,Electronic check,92.18,724.61,1
9397-QQCZM,Male,0,Yes,No,72,Yes,No,No,No internet service,No internet service,No internet service,No internet service,No internet service,No internet service,Two year,Yes,Bank transfer (automatic),22.31,1616.72,0
5705-LFVUM,Female,0,No,No,21,Yes,Yes,DSL,No,No,No,No,Yes,Yes,Month-to-month,Yes,Credit card (automatic),74.09,1553.45,1
6460-NGENR,Male,0,Yes,No,11,No,No phone service,Fiber optic,No,No,No,No,Yes,No,One year,Yes,Electronic check,94.89,1035.3,1
4478-DAGTM,Male,0,Yes,No,20,Yes,Yes,DSL,No,No,No,Yes,No,No,Two year,Yes,Bank transfer (automatic),53.68,1071.78,0
8563-DMDCH,Male,0,Yes,No,30,Yes,No,DSL,No,No,No,No,No,Yes,Two year,Yes,Electronic check,60.32,1794.9,0
2748-THYQO,Female,0,No,No,46,Yes,No,Fiber optic,No,No,No,Yes,No,No,Two year,Yes,Electronic check,96.89,4461.69,0
1732-DFXVF,Female,0,Yes,No,2,Yes,Yes,DSL,No,Yes,Yes,Yes,Yes,No,Month-to-month,Yes,Credit card (automatic),65.73,135.53,1
8485-JDIPG,Male,0,No,Yes,4,Yes,No,DSL,No,Yes,No,No,Yes,No,Month-to-month,No,Electronic check,60.38,256.54,1
8716-NFARL,Male,0,Yes,No,3,Yes,Yes,Fiber optic,Yes,Yes,Yes,No,Yes,No,Two year,Yes,Electronic check,109.78,304.46,1
6529-VOAOO,Male,0,Yes,No,31,Yes,Yes,DSL,No,Yes,No,No,Yes,No,One year,No,Credit card (automatic),62.19,1914.65,1
7119-PUACL,Male,0,Yes,No,52,Yes,No,DSL,No,No,No,Yes,No,No,Month-to-month,Yes,Electronic check,49.39,2592.65,1
3910-GEZAA,Male,0,Yes,Yes,35,Yes,Yes,DSL,Yes,No,Yes,No,Yes,No,Month-to-month,Yes,Mailed check,71.63,2513.68,0
7195-OHKNY,Male,0,No,No,56,Yes,Yes,DSL,No,No,No,No,No,No,One year,Yes,Electronic check,46.61,2611.48,0
3662-WMSLV,Female,1,Yes,Yes,68,Yes,Yes,No,No internet service,No internet service,No internet service,No internet service,No internet service,No internet service,Two year,Yes,Bank transfer (automatic),20.49,1385.2,0
8011-SZDDC,Male,0,Yes,No,9,Yes,Yes,DSL,No,No,No,Yes,Yes,No,Month-to-month,Yes,Credit card (automatic),72.33,693.99,0
5691-ZFEKY,Male,0,No,No,4,Yes,No,DSL,No,No,No,No,No,Yes,Two year,No,Electronic check,57.82,228.1,1
5127-ICILC,Male,0,Yes,No,21,Yes,No,DSL,No,No,Yes,No,Yes,Yes,Month-to-month,No,Credit card (automatic),81.74,1715.47,1
4113-TQULY,Male,1,Yes,Yes,11,Yes,No,DSL,No,No,No,No,No,Yes,One year,Yes,Bank transfer (automatic),52.46,574.37,1
4303-RDJRH,Female,1,Yes,No,15,Yes,Yes,DSL,Yes,Yes,No,No,No,No,Month-to-month,Yes,Mailed check,49.34,732.74,0
3154-ISMYF,Male,0,Yes,No,30,Yes,Yes,Fiber optic,No,No,No,No,No,Yes,Two year,No,Bank transfer (automatic),94.49,2824.87,0
2344-VGUFK,Female,0,No,No,33,Yes,No,No,No internet service,No internet service,No internet service,No internet service,No internet service,No internet service,Month-to-month,Yes,Credit card (automatic),22.47,734.79,1
9843-QSYLU,Male,0,No,No,56,Yes,Yes,Fiber optic,No,Yes,Yes,No,Yes,No,Month-to-month,Yes,Bank transfer (automatic),97.48,5466.49,0
4261-UXMRG,Male,0,No,No,17,Yes,Yes,No,No internet service,No internet service,No internet service,No internet service,No internet service,No internet service,Two year,No,Mailed check,18.46,298.72,0
8351-YWEPV,Male,0,No,No,9,Yes,Yes,No,No internet service,No internet service,No internet service,No internet service,No internet service,No internet service,One year,Yes,Electronic check,18.25,168.66,1
7845-DWADC,Female,0,No,No,67,Yes,Yes,DSL,No,No,No,No,Yes,No,Month-to-month,No,Mailed check,63.22,4245.45,1
7180-DALMB,Female,1,No,No,5,Yes,No,Fiber optic,No,No,No,No,No,No,Month-to-month,Yes,Credit card (automatic),82.1,423.85,1
1952-IGMVB,Male,1,Yes,Yes,25,Yes,Yes,Fiber optic,No,No,No,No,Yes,Yes,Month-to-month,Yes,Bank transfer (automatic),99.95,2498.54,1
5022-ARGRS,Male,0,Yes,No,67,Yes,No,DSL,Yes,No,No,No,Yes,No,Month-to-month,Yes,Mailed check,73.67,4926.9,0
4021-HWLKI,Male,0,No,Yes,55,Yes,No,No,No internet service,No internet service,No internet service,No internet service,No internet service,No internet service,One year,Yes,Electronic check,18.25,1004.95,0
4308-DGQKB,Male,0,Yes,Yes,12,Yes,No,No,No internet service,No internet service,No internet service,No internet service,No internet service,No internet service,Month-to-month,No,Credit card (automatic),18.25,191.9,0
2504-WRVZL,Male,0,Yes,No,36,Yes,Yes,Fiber optic,No,Yes,No,No,Yes,Yes,Month-to-month,Yes,Electronic check,99.18,3562.87,1
6577-IKEZG,Male,0,No,No,4,Yes,Yes,DSL,No,Yes,No,Yes,No,Yes,Month-to-month,No,Bank transfer (automatic),68.93,280.31,0
2806-AXYEF,Male,0,Yes,No,48,Yes,Yes,Fiber optic,No,No,No,Yes,Yes,No,Month-to-month,Yes,Bank transfer (automatic),101.52,4864.92,1
6022-MKHTB,Female,0,No,No,71,Yes,No,Fiber optic,No,No,No,Yes,No,Yes,Two year,Yes,Electronic check,106.67,7590.83,0
5323-OJHBU,Female,0,Yes,No,50,No,No phone service,DSL,No,Yes,No,No,Yes,Yes,Month-to-month,No,Electronic check,78.47,3918.59,1
4791-OFEVV,Male,0,No,No,29,Yes,Yes,DSL,No,No,No,No,Yes,No,Two year,No,Credit card (automatic),61.86,1807.98,0
2121-CKKPC,Male,1,Yes,No,35,Yes,Yes,DSL,No,No,Yes,Yes,No,Yes,One year,Yes,Credit card (automatic),74.53,2598.01,0
9607-ICSKN,Male,0,Yes,No,38,Yes,Yes,Fiber optic,Yes,No,No,No,Yes,No,One year,No,Mailed check,100.86,3835.06,0
9564-BGJJT,Male,0,No,Yes,43,Yes,No,Fiber optic,No,No,Yes,No,No,No,One year,No,Mailed check,82.54,3555.63,1
7046-AFUNB,Male,1,No,No,65,Yes,Yes,Fiber optic,No,Yes,Yes,No,No,Yes,One year,No,Mailed check,87.14,5659.91,0
6651-FACDM,Male,0,No,No,51,Yes,No,DSL,Yes,Yes,Yes,No,No,No,Month-to-month,No,Electronic check,68.13,3476.92,1
7394-COMVK,Female,0,No,No,11,Yes,Yes,No,No internet service,No internet service,No internet service,No internet service,No internet service,No internet service,Month-to-month,No,Credit card (automatic),20.9,234.42,1
6168-DQEUY,Female,1,No,No,64,No,No phone service,Fiber optic,Yes,No,Yes,Yes,No,No,Month-to-month,Yes,Electronic check,96.91,6220.89,1
6843-XHUXJ,Female,0,Yes,No,11,Yes,No,Fiber optic,Yes,No,No,No,No,No,One year,No,Mailed check,90.11,984.59,1
7372-GQGXS,Male,1,Yes,Yes,69,Yes,No,Fiber optic,No,No,Yes,No,Yes,No,One year,Yes,Credit card (automatic),92.21,6394.73,1
2848-IXBVT,Female,0,Yes,Yes,67,Yes,No,Fiber optic,No,Yes,No,No,No,Yes,Month-to-month,Yes,Bank transfer (automatic),75.81,5095.92,1
1416-SFJMY,Male,0,Yes,No,69,Yes,No,No,No internet service,No internet service,No internet service,No internet service,No internet service,No internet service,Month-to-month,No,Electronic check,18.25,1295.39,0
3973-BJJZE,Female,0,No,Yes,2,Yes,Yes,Fiber optic,No,Yes,No,No,No,No,Month-to-month,Yes,Electronic check,76.1,154.1,1
6790-VDWBG,Male,0,No,Yes,62,Yes,No,Fiber optic,No,No,No,No,No,No,Month-to-month,No,Electronic check,82.63,5121.19,0
3431-RQKUR,Female,0,No,No,56,Yes,Yes,Fiber optic,No,Yes,No,No,Yes,No,Two year,No,Mailed check,94.59,5297.74,1
3518-HLXAT,Male,0,No,No,12,Yes,No,DSL,No,Yes,Yes,No,Yes,No,Two year,Yes,Mailed check,59.14,706.79,1
1564-YULZF,Female,0,No,Yes,2,Yes,No,DSL,No,No,Yes,Yes,No,Yes,Month-to-month,No,Mailed check,66.89,120.43,1
3526-CENLM,Female,1,Yes,Yes,65,Yes,No,Fiber optic,Yes,No,No,No,Yes,No,Two year,Yes,Electronic check,105.09,6829.57,0
7693-MQXOF,Female,0,No,No,68,Yes,No,DSL,No,No,No,No,No,No,Month-to-month,Yes,Electronic check,51.79,3523.3,0
6597-LBDTY,Male,0,Yes,No,11,Yes,No,DSL,Yes,No,No,No,No,No,One year,Yes,Bank transfer (automatic),55.97,601.14,1
4251-YULCQ,Male,0,No,No,8,Yes,No,Fiber optic,No,No,No,No,No,Yes,Month-to-month,Yes,Electronic check,97.84,796.7,1
2224-FXQQK,Male,0,No,No,10,Yes,Yes,Fiber optic,No,Yes,No,No,No,Yes,One year,Yes,Bank transfer (automatic),94.31,936.16,1
1142-WGBSB,Male,0,No,Yes,4,Yes,Yes,Fiber optic,No,No,No,No,No,No,One year,Yes,Electronic check,78.62,341.33,1
5852-VMXXP,Male,1,Yes,No,44,Yes,Yes,Fiber optic,No,No,No,No,Yes,No,Month-to-month,No,Mailed check,101.79,4495.26,1
2490-QKIXI,Female,0,Yes,No,27,Yes,Yes,Fiber optic,No,Yes,Yes,No,No,No,Month-to-month,Yes,Electronic check,85.42,2337.74,1
8594-NMYKL,Male,0,No,Yes,60,Yes,No,DSL,No,No,Yes,Yes,No,Yes,Month-to-month,Yes,Electronic check,73.98,4439.31,1
8653-VCAHZ,Male,0,No,No,2,No,No phone service,No,No internet service,No internet service,No internet service,No internet service,No internet service,No internet service,Two year,Yes,Electronic check,18.95,43.01,0
2590-SMGMZ,Male,0,Yes,No,6,Yes,No,DSL,No,No,Yes,Yes,No,Yes,Month-to-month,No,Mailed check,69.43,410.67,1
8347-FCFCM,Female,0,Yes,No,38,Yes,No,Fiber optic,No,No,Yes,No,Yes,No,Two year,No,Mailed check,87.77,3352.24,1
5785-MYMAH,Female,0,Yes,No,60,No,No phone service,DSL,No,No,Yes,No,No,Yes,Month-to-month,Yes,Credit card (automatic),61.51,3697.28,1
3653-ETQIM,Female,0,Yes,No,9,Yes,Yes,No,No internet service,No internet service,No internet service,No internet service,No internet service,No internet service,One year,Yes,Bank transfer (automatic),24.53,210.83,0
3004-YMENK,Male,0,No,No,8,Yes,No,Fiber optic,No,Yes,Yes,No,No,Yes,Month-to-month,Yes,Electronic check,98.57,786.56,1
2194-YZNYG,Male,0,Yes,Yes,8,No,No phone service,DSL,No,Yes,Yes,No,No,No,Month-to-month,Yes,Mailed check,43.8,336.74,1
5381-XQDJJ,Female,1,No,No,69,No,No phone service,DSL,No,Yes,Yes,No,No,Yes,Two year,Yes,Electronic check,57.25,3994.71,0
4409-OTLIC,Male,0,Yes,No,8,Yes,Yes,No,No internet service,No internet service,No internet service,No internet service,No internet service,No internet service,Month-to-month,Yes,Bank transfer (automatic),19.31,160.02,1
2117-OLZOZ,Male,0,Yes,No,61,Yes,Yes,Fiber optic,No,Yes,No,Yes,No,Yes,Two year,Yes,Bank transfer (automatic),97.8,5986.06,0
6869-AOKEG,Male,0,Yes,No,72,Yes,No,Fiber optic,No,Yes,Yes,Yes,Yes,No,Month-to-month,Yes,Bank transfer (automatic),100.58,7225.51,1
2756-LTYFV,Male,0,No,No,4,Yes,No,Fiber optic,No,Yes,No,Yes,Yes,No,One year,No,Electronic check,96.99,410.36,1
1497-CJZUZ,Male,0,No,Yes,62,Yes,Yes,Fiber optic,No,No,No,No,Yes,No,Month-to-month,Yes,Mailed check,84.6,5259.59,1
8639-VDMSE,Female,0,No,No,11,Yes,No,No,No internet service,No internet service,No internet service,No internet service,No internet service,No internet service,One year,Yes,Credit card (automatic),18.25,187.14,0
1012-WVRAU,Female,0,No,No,5,Yes,Yes,DSL,No,Yes,No,Yes,No,No,Two year,Yes,Electronic check,60.75,289.84,0
1870-UPPPV,Female,0,Yes,Yes,8,Yes,Yes,No,No internet service,No internet service,No internet service,No internet service,No internet service,No internet service,Month-to-month,Yes,Electronic check,22.19,163.36,1
4357-SPATT,Male,0,Yes,No,55,Yes,No,Fiber optic,No,No,No,No,No,No,Two year,Yes,Electronic check,85.43,4718.93,0
1912-JBNHF,Female,0,Yes,No,4,Yes,No,No,No internet service,No internet service,No internet service,No internet service,No internet service,No internet service,One year,No,Electronic check,19.09,96.99,1
4582-CPQLS,Male,0,Yes,Yes,10,Yes,No,DSL,No,No,Yes,Yes,Yes,No,Month-to-month,Yes,Electronic check,67.23,661.65,1
1721-XTCMP,Female,0,No,No,6,Yes,No,DSL,No,Yes,No,Yes,No,No,Two year,Yes,Electronic check,62.18,381.0,0
4997-KTPTB,Male,0,Yes,Yes,9,Yes,Yes,DSL,Yes,No,Yes,No,No,Yes,Month-to-month,Yes,Mailed check,66.87,603.07,1
9946-DYDQA,Male,0,Yes,No,50,Yes,No,Fiber optic,No,Yes,Yes,No,No,No,Two year,Yes,Bank transfer (automatic),79.59,3986.35,0
8628-AEVLF,Female,0,Yes,No,3,No,No phone service,DSL,No,No,Yes,No,No,No,Month-to-month,No,Electronic check,59.67,175.21,1
9628-FYQZV,Female,0,Yes,No,63,Yes,No,No,No internet service,No internet service,No internet service,No internet service,No internet service,No internet service,One year,Yes,Credit card (automatic),18.29,1150.54,0
9521-MHXLO,Female,0,No,Yes,12,Yes,No,Fiber optic,Yes,No,No,No,Yes,Yes,One year,No,Electronic check,108.08,1317.79,1
2496-SUZTQ,Male,0,Yes,No,72,Yes,No,No,No internet service,No internet service,No internet service,No internet service,No internet service,No internet service,Month-to-month,No,Credit card (automatic),26.45,1913.88,0
6770-IURBK,Female,0,Yes,Yes,8,Yes,Yes,Fiber optic,No,Yes,No,Yes,Yes,No,Two year,Yes,Electronic check,102.43,815.31,1
2520-WTQUR,Female,0,No,No,9,Yes,No,Fiber optic,No,Yes,Yes,No,No,No,Month-to-month,No,Electronic check,85.91,756.62,1
7181-OGPYA,Female,0,Yes,Yes,12,Yes,Yes,DSL,No,Yes,No,Yes,Yes,No,Two year,No,Credit card (automatic),74.43,905.94,0
8135-RVHGY,Female,0,No,No,4,Yes,Yes,No,No internet service,No internet service,No internet service,No internet service,No internet service,No internet service,One year,No,Mailed check,21.42,89.69,1
3746-BLPIT,Male,0,No,No,42,Yes,No,Fiber optic,No,No,No,Yes,No,No,Month-to-month,Yes,Mailed check,86.79,3660.79,1
5568-KOCWU,Male,0,No,Yes,3,Yes,No,Fiber optic,No,No,No,Yes,No,No,Month-to-month,No,Bank transfer (automatic),89.38,243.92,1
5645-MUMBF,Male,0,Yes,No,6,Yes,No,No,No internet service,No internet service,No internet service,No internet service,No internet service,No internet service,Two year,Yes,Bank transfer (automatic),18.25,110.54,0
1314-FLDEW,Female,0,No,No,56,Yes,Yes,No,No internet service,No internet service,No internet service,No internet service,No internet service,No internet service,Month-to-month,Yes,Credit card (automatic),18.82,1065.28,0
7868-HFUCW,Female,0,No,No,34,Yes,No,DSL,No,No,Yes,No,No,Yes,One year,No,Credit card (automatic),59.8,2025.5,1
8885-HSUKR,Female,0,No,No,7,Yes,Yes,No,No internet service,No internet service,No internet service,No internet service,No internet service,No internet service,Month-to-month,Yes,Bank transfer (automatic),18.25,106.76,1
5685-JZTLT,Male,0,Yes,Yes,5,No,No phone service,Fiber optic,No,No,Yes,No,Yes,No,Month-to-month,No,Electronic check,90.8,464.24,1
4350-HSUPU,Female,0,Yes,Yes,68,Yes,Yes,Fiber optic,No,No,No,No,No,Yes,Two year,Yes,Electronic check,89.12,6039.76,0
1108-RIDIY,Male,0,No,No,46,Yes,No,DSL,No,No,Yes,No,Yes,No,Month-to-month,No,Electronic check,61.71,2818.81,1
2754-BIIRK,Female,0,No,No,4,Yes,No,No,No internet service,No internet service,No internet service,No internet service,No internet service,No internet service,One year,Yes,Electronic check,20.48,84.39,1
7872-MFIPD,Male,0,No,No,7,Yes,No,Fiber optic,No,Yes,No,Yes,Yes,No,Month-to-month,Yes,Electronic check,96.16,666.72,1
2351-BGOYF,Male,0,No,No,4,Yes,No,No,No internet service,No internet service,No internet service,No internet service,No internet service,No internet service,Month-to-month,Yes,Electronic check,26.58,124.13,1
4129-KTQDS,Female,0,Yes,No,60,Yes,No,No,No internet service,No internet service,No internet service,No internet service,No internet service,No internet service,Two year,Yes,Electronic check,26.2,1582.07,0
8201-GKMZU,Female,1,No,No,44,Yes,No,No,No internet service,No internet service,No internet service,No internet service,No internet service,No internet service,Month-to-month,Yes,Bank transfer (automatic),18.25,803.03,1
6523-CNBRE,Male,0,Yes,Yes,70,Yes,Yes,No,No internet service,No internet service,No internet service,No internet service,No internet service,No internet service,One year,Yes,Electronic check,19.8,1379.05,0
8122-MMXXN,Male,0,No,No,2,Yes,Yes,No,No internet service,No internet service,No internet service,No internet service,No internet service,No internet service,Month-to-month,Yes,Credit card (automatic),22.07,73.57,1
1480-LUMRM,Female,1,Yes,Yes,2,Yes,No,DSL,Yes,Yes,No,No,Yes,No,Month-to-month,No,Credit card (automatic),78.43,152.56,1
5442-DWVJW,Male,0,No,No,72,Yes,No,DSL,No,No,Yes,No,Yes,No,Month-to-month,No,Bank transfer (automatic),65.86,4735.26,1
2973-ERHNB,Female,0,Yes,No,2,Yes,Yes,Fiber optic,No,Yes,No,Yes,No,Yes,Two year,Yes,Electronic check,104.0,224.17,0
1336-HPGCD,Female,0,No,No,8,Yes,Yes,DSL,No,No,No,Yes,No,Yes,Month-to-month,Yes,Credit card (automatic),74.16,607.67,1
3764-GDIWQ,Male,0,Yes,Yes,32,Yes,No,No,No internet service,No internet service,No internet service,No internet service,No internet service,No internet service,One year,No,Bank transfer (automatic),18.25,590.44,0
7157-QTNNY,Male,0,No,No,3,Yes,No,No,No internet service,No internet service,No internet service,No internet service,No internet service,No internet service,Month-to-month,Yes,Mailed check,18.25,62.48,1
9084-MDMUQ,Female,0,Yes,No,68,No,No phone service,DSL,No,Yes,No,No,No,Yes,Two year,Yes,Mailed check,60.92,4127.25,0
9188-ORKDT,Male,0,No,Yes,66,Yes,Yes,DSL,No,Yes,No,No,No,No,Two year,No,Electronic check,45.88,3039.72,0
3985-KJVMV,Male,0,No,No,16,Yes,No,Fiber optic,No,Yes,No,No,Yes,Yes,One year,Yes,Credit card (automatic),99.68,1581.75,1
8422-HMIAA,Female,1,Yes,No,61,Yes,No,Fiber optic,No,No,No,No,No,No,Two year,No,Mailed check,86.78,5279.82,0
6571-OVDTA,Male,0,Yes,No,71,Yes,Yes,Fiber optic,No,No,No,Yes,Yes,No,One year,No,Electronic check,103.29,7328.63,1
1524-YLKSO,Male,0,No,No,8,Yes,No,Fiber optic,No,No,No,No,Yes,No,Two year,No,Electronic check,104.53,842.65,1
5271-UJAXC,Male,0,Yes,No,70,Yes,Yes,DSL,No,No,Yes,No,Yes,Yes,Two year,No,Electronic check,79.36,5566.33,0
4477-NOAJV,Male,0,Yes,No,6,Yes,No,Fiber optic,Yes,No,Yes,No,Yes,Yes,Two year,No,Credit card (automatic),114.26,669.28,1
6391-AOCUT,Female,1,No,No,1,Yes,No,Fiber optic,No,Yes,No,No,No,Yes,Month-to-month,Yes,Mailed check,95.86,95.86,1
4558-WVLSP,Male,0,No,No,64,Yes,Yes,DSL,No,Yes,No,Yes,No,Yes,Two year,No,Credit card (automatic),69.46,4464.2,0
7824-HXNRW,Male,0,Yes,No,67,Yes,Yes,DSL,Yes,No,No,Yes,No,Yes,Month-to-month,No,Electronic check,82.89,5581.13,0
3809-ABXLQ,Male,0,No,Yes,10,Yes,Yes,Fiber optic,No,No,No,No,No,No,Month-to-month,Yes,Credit card (automatic),90.4,906.39,1
1724-BQUGF,Male,0,No,No,28,Yes,Yes,Fiber optic,No,No,No,No,No,No,Month-to-month,No,Credit card (automatic),74.09,2079.09,1
1765-FVHEO,Female,0,No,No,53,Yes,Yes,No,No internet service,No internet service,No internet service,No internet service,No internet service,No internet service,One year,No,Bank transfer (automatic),18.25,996.44,0
6304-ZGCYJ,Female,0,No,No,34,Yes,No,Fiber optic,No,No,No,Yes,No,No,Month-to-month,Yes,Bank transfer (automatic),97.0,3294.51,1
8706-CNVCA,Female,0,Yes,No,10,Yes,Yes,No,No internet service,No internet service,No internet service,No internet service,No internet service,No internet service,Month-to-month,No,Electronic check,24.18,256.23,1
6496-ASDBY,Male,0,No,Yes,2,Yes,Yes,DSL,No,Yes,No,Yes,Yes,Yes,One year,No,Electronic check,81.88,170.88,1
7715-KXLMP,Female,0,Yes,No,67,Yes,No,Fiber optic,No,Yes,No,No,Yes,No,Month-to-month,Yes,Electronic check,94.87,6356.28,1
1307-PSWTU,Female,0,Yes,No,39,Yes,No,Fiber optic,No,Yes,Yes,Yes,No,Yes,Month-to-month,Yes,Credit card (automatic),100.91,3915.05,1
4773-TIPGM,Male,0,Yes,No,42,Yes,No,Fiber optic,Yes,Yes,No,No,No,Yes,One year,Yes,Mailed check,100.24,4184.46,0
4908-DMHBG,Male,0,No,No,5,Yes,Yes,Fiber optic,No,Yes,No,Yes,No,No,One year,Yes,Bank transfer (automatic),91.17,455.65,1
2278-KQXNM,Female,0,No,No,5,Yes,No,DSL,Yes,Yes,Yes,No,Yes,No,Two year,No,Electronic check,79.61,402.54,1
1348-OVUYI,Female,0,No,No,66,Yes,Yes,Fiber optic,Yes,No,Yes,No,Yes,No,Two year,Yes,Electronic check,103.02,6787.12,1
5891-CYMMI,Male,1,No,Yes,60,No,No phone service,Fiber optic,Yes,No,No,No,No,Yes,Month-to-month,No,Mailed check,97.22,5819.69,1
8694-REKBQ,Male,1,Yes,Yes,60,No,No phone service,DSL,No,Yes,Yes,Yes,Yes,No,Month-to-month,Yes,Electronic check,71.44,4302.51,0
5478-WTUDV,Male,0,Yes,No,11,Yes,No,DSL,No,No,No,No,No,Yes,One year,No,Bank transfer (automatic),56.98,621.8,1
9514-RXTHS,Female,0,Yes,Yes,58,Yes,No,No,No internet service,No internet service,No internet service,No internet service,No internet service,No internet service,Month-to-month,Yes,Bank transfer (automatic),22.17,1316.63,0
9546-LKPEC,Male,1,No,No,62,Yes,Yes,No,No internet service,No internet service,No internet service,No internet service,No internet service,No internet service,Two year,Yes,Bank transfer (automatic),25.53,1588.79,0
2791-LOPMG,Female,0,No,No,26,Yes,No,DSL,No,No,Yes,Yes,No,No,Month-to-month,Yes,Mailed check,59.33,1544.07,1
6092-OCLHY,Female,0,Yes,Yes,10,Yes,No,No,No internet service,No internet service,No internet service,No internet service,No internet service,No internet service,One year,Yes,Credit card (automatic),20.18,192.41,0
8425-LRCLW,Female,0,No,Yes,52,Yes,No,Fiber optic,Yes,No,Yes,No,Yes,No,One year,Yes,Electronic check,106.06,5520.49,1
4682-UZWBN,Male,0,No,No,63,Yes,No,Fiber optic,Yes,Yes,No,No,Yes,No,Two year,Yes,Bank transfer (automatic),101.8,6406.59,0
6513-NDQOP,Female,0,No,No,15,Yes,Yes,DSL,No,Yes,No,Yes,Yes,Yes,Two year,No,Electronic check,75.99,1136.18,0
7901-EXQWG,Female,0,Yes,No,11,No,No phone service,Fiber optic,No,Yes,No,No,Yes,Yes,Two year,Yes,Bank transfer (automatic),102.83,1124.54,1
3053-WOQLK,Female,0,No,No,11,Yes,No,No,No internet service,No internet service,No internet service,No internet service,No internet service,No internet service,Two year,No,Credit card (automatic),18.25,199.97,0
3232-SKBOE,Female,0,Yes,Yes,62,Yes,No,DSL,Yes,No,No,No,No,No,Month-to-month,No,Electronic check,55.53,3427.18,0
5334-RUUPD,Male,0,Yes,No,11,Yes,Yes,Fiber optic,No,Yes,Yes,No,Yes,No,Month-to-month,Yes,Credit card (automatic),95.11,1028.38,1
1071-WJVBO,Female,1,Yes,No,35,Yes,No,No,No internet service,No internet service,No internet service,No internet service,No internet service,No internet service,Month-to-month,No,Electronic check,27.64,964.99,0
5438-DPGYY,Male,1,Yes,No,50,Yes,Yes,No,No internet service,No internet service,No internet service,No internet service,No internet service,No internet service,Two year,Yes,Credit card (automatic),22.3,1142.01,0
3759-LCQIH,Male,0,No,No,23,Yes,No,DSL,No,No,No,No,No,No,One year,No,Electronic check,49.58,1145.83,1
5993-WFOJW,Female,0,No,No,15,Yes,No,No,No internet service,No internet service,No internet service,No internet service,No internet service,No internet service,One year,Yes,Electronic check,19.67,311.02,0
9121-YFONZ,Female,0,No,No,24,Yes,No,DSL,No,No,No,Yes,No,Yes,Month-to-month,Yes,Bank transfer (automatic),75.07,1783.09,0
6026-SMNCD,Male,0,No,No,49,Yes,No,Fiber optic,No,No,No,Yes,No,No,Month-to-month,Yes,Credit card (automatic),79.35,3887.04,1
6648-ZNNZH,Male,0,Yes,No,60,Yes,No,No,No internet service,No internet service,No internet service,No internet service,No internet service,No internet service,Month-to-month,Yes,Electronic check,25.84,1536.96,1
9855-JINHK,Male,1,No,No,12,Yes,No,Fiber optic,No,No,No,Yes,Yes,No,One year,No,Credit card (automatic),101.92,1203.0,1
7813-JRDDL,Male,0,No,Yes,62,Yes,Yes,DSL,No,No,No,No,Yes,No,Month-to-month,Yes,Electronic check,54.93,3388.6,1
3805-RHCRG,Female,0,No,Yes,52,Yes,No,Fiber optic,No,No,No,Yes,No,No,One year,Yes,Credit card (automatic),95.48,4929.83,1
2260-AVMCC,Female,0,Yes,Yes,11,Yes,No,DSL,No,No,No,No,No,No,Month-to-month,Yes,Credit card (automatic),45.9,480.34,1
2666-OUSDM,Female,0,Yes,Yes,71,Yes,No,Fiber optic,No,No,No,No,No,Yes,Month-to-month,Yes,Bank transfer (automatic),84.44,6011.75,0
6011-MOSPG,Female,0,No,Yes,1,Yes,No,Fiber optic,No,No,No,No,No,No,Month-to-month,Yes,Credit card (automatic),81.36,86.32,1
5237-CZTBR,Male,0,Yes,No,70,Yes,No,No,No internet service,No internet service,No internet service,No internet service,No internet service,No internet service,Two year,Yes,Electronic check,20.24,1416.06,0
5982-YKAPQ,Male,0,Yes,Yes,9,Yes,No,Fiber optic,No,No,No,Yes,No,Yes,One year,Yes,Credit card (automatic),101.77,915.36,0
8150-PJQCR,Female,0,Yes,No,69,Yes,Yes,DSL,Yes,No,No,No,No,Yes,One year,Yes,Mailed check,72.21,4988.58,0
8490-SNUYB,Female,1,Yes,No,10,Yes,Yes,No,No internet service,No internet service,No internet service,No internet service,No internet service,No internet service,One year,Yes,Electronic check,18.25,190.75,0
3167-LKQFS,Female,0,No,No,6,Yes,No,DSL,Yes,No,No,No,Yes,Yes,Month-to-month,Yes,Electronic check,90.07,542.43,1
2445-MGVKG,Male,0,No,No,70,Yes,No,Fiber optic,Yes,Yes,Yes,No,No,Yes,Month-to-month,Yes,Bank transfer (automatic),109.16,7616.79,1
5204-MMUAS,Female,0,Yes,No,67,Yes,No,Fiber optic,No,No,No,No,No,No,Two year,Yes,Electronic check,84.64,5677.51,0
3533-SWONC,Male,0,Yes,No,34,Yes,No,Fiber optic,No,No,No,No,No,No,Two year,No,Electronic check,76.74,2604.09,1
6155-UTDGA,Male,0,Yes,Yes,70,Yes,Yes,Fiber optic,No,No,No,No,Yes,No,Month-to-month,Yes,Mailed check,95.19,6654.1,1
2695-WXSCT,Male,0,Yes,No,55,Yes,No,Fiber optic,Yes,No,Yes,No,No,Yes,Month-to-month,Yes,Electronic check,110.33,6052.77,1
3892-OMVNG,Male,0,Yes,Yes,40,Yes,No,Fiber optic,Yes,Yes,No,No,Yes,No,Month-to-month,Yes,Credit card (automatic),95.7,3847.56,1
6823-AMDLG,Female,0,No,No,11,Yes,No,Fiber optic,No,No,Yes,No,No,No,Month-to-month,Yes,Electronic check,83.9,971.23,1
2095-BQAZN,Male,0,Yes,No,68,Yes,No,DSL,No,Yes,No,No,No,Yes,One year,Yes,Mailed check,54.21,3680.16,0
8364-VUAZC,Male,0,No,No,29,Yes,No,No,No internet service,No internet service,No internet service,No internet service,No internet service,No internet service,Month-to-month,No,Mailed check,18.25,528.17,0
8834-KGYIV,Female,0,Yes,No,32,Yes,Yes,DSL,No,No,No,No,Yes,Yes,Two year,Yes,Mailed check,73.66,2385.02,1
4203-CASZB,Female,0,Yes,No,23,Yes,No,Fiber optic,Yes,No,No,No,No,Yes,Month-to-month,No,Electronic check,98.93,2285.18,1
5786-UXEQS,Male,0,Yes,No,44,Yes,No,DSL,No,No,No,No,Yes,No,Month-to-month,No,Credit card (automatic),65.76,2890.75,1
2630-EWUNJ,Female,0,No,No,11,Yes,Yes,DSL,Yes,Yes,No,Yes,No,No,Two year,No,Bank transfer (automatic),74.35,818.6,0
6998-UGHHG,Female,0,Yes,Yes,25,Yes,Yes,DSL,No,No,No,No,No,No,One year,No,Bank transfer (automatic),53.45,1333.78,0
2881-MNSKB,Male,0,No,Yes,3,Yes,Yes,DSL,No,No,Yes,No,Yes,No,Month-to-month,Yes,Credit card (automatic),54.95,164.39,1
6266-QFISE,Female,0,Yes,No,23,Yes,No,No,No internet service,No internet service,No internet service,No internet service,No internet service,No internet service,Month-to-month,Yes,Credit card (automatic),30.42,701.52,1
7577-IYGDR,Male,0,No,No,7,Yes,No,No,No internet service,No internet service,No internet service,No internet service,No internet service,No internet service,Month-to-month,Yes,Bank transfer (automatic),20.67,172.97,1
2612-RTQDV,Male,0,No,No,9,Yes,Yes,Fiber optic,Yes,No,Yes,Yes,Yes,Yes,Two year,Yes,Bank transfer (automatic),116.0,1044.41,1
1978-PVWEI,Female,0,No,No,9,Yes,Yes,Fiber optic,Yes,No,Yes,No,No,No,Month-to-month,Yes,Electronic check,82.66,732.2,1
2413-BBDTT,Female,0,No,Yes,6,Yes,No,DSL,Yes,No,Yes,Yes,No,Yes,Two year,Yes,Electronic check,82.23,513.44,0
7968-QTUYS,Female,0,Yes,No,34,Yes,Yes,No,No internet service,No internet service,No internet service,No internet service,No internet service,No internet service,Month-to-month,No,Bank transfer (automatic),18.25,626.42,0
9927-CEJFC,Male,0,No,Yes,4,Yes,Yes,DSL,No,No,No,No,Yes,No,Two year,No,Electronic check,60.6,253.53,0
1848-QJXLA,Female,0,No,No,69,Yes,Yes,DSL,Yes,No,No,No,Yes,Yes,Two year,Yes,Mailed check,88.28,6114.54,0
5825-RSVTD,Male,0,Yes,Yes,67,No,No phone service,Fiber optic,No,No,No,No,No,No,Month-to-month,Yes,Electronic check,83.01,5570.5,1
5984-OIFLR,Female,1,Yes,No,22,Yes,No,Fiber optic,No,No,No,No,No,No,Month-to-month,No,Electronic check,80.43,1802.89,1
5718-WOSIV,Male,1,No,Yes,41,Yes,Yes,DSL,No,No,No,No,No,No,Two year,No,Mailed check,51.81,2122.78,0
3877-XMPMA,Female,0,Yes,No,34,Yes,Yes,DSL,No,No,No,No,No,Yes,One year,Yes,Electronic check,68.61,2346.96,1
3271-RVCQV,Male,0,No,Yes,10,Yes,No,No,No internet service,No internet service,No internet service,No internet service,No internet service,No internet service,Two year,No,Credit card (automatic),18.25,197.25,0
3392-EYFUQ,Female,1,Yes,No,27,Yes,Yes,Fiber optic,No,No,No,No,No,No,One year,Yes,Electronic check,75.37,2046.43,1
9586-QAGVP,Female,0,No,No,8,Yes,No,Fiber optic,Yes,No,Yes,No,Yes,No,Month-to-month,Yes,Bank transfer (automatic),96.38,772.04,1
4779-EPDKN,Female,0,Yes,No,56,No,No phone service,DSL,No,No,Yes,No,Yes,No,Two year,Yes,Mailed check,66.77,3740.1,0
2830-MXHUT,Female,1,No,No,10,Yes,Yes,Fiber optic,No,Yes,No,Yes,No,Yes,Two year,Yes,Electronic check,97.8,946.58,1
5085-ORGUS,Female,0,Yes,No,52,Yes,No,Fiber optic,No,No,Yes,No,Yes,Yes,One year,Yes,Mailed check,103.2,5377.63,0
7753-YIKJN,Male,0,No,No,31,Yes,Yes,No,No internet service,No internet service,No internet service,No internet service,No internet service,No internet service,One year,Yes,Mailed check,24.79,789.26,0
6196-PHALC,Male,0,No,Yes,10,Yes,No,No,No internet service,No internet service,No internet service,No internet service,No internet service,No internet service,Month-to-month,Yes,Electronic check,20.05,208.33,1
1047-BPDBL,Female,0,No,No,52,Yes,No,DSL,No,No,No,No,No,Yes,Two year,Yes,Credit card (automatic),59.0,3055.02,0
9160-XQTUJ,Male,1,Yes,No,69,No,No phone service,DSL,Yes,Yes,No,No,Yes,No,Month-to-month,Yes,Mailed check,64.9,4484.5,0
6328-THRYR,Male,0,No,No,54,Yes,No,Fiber optic,No,No,Yes,No,No,Yes,One year,No,Mailed check,94.09,5077.53,1
2350-RBLJH,Female,0,Yes,No,65,Yes,No,No,No internet service,No internet service,No internet service,No internet service,No internet service,No internet service,Month-to-month,No,Electronic check,26.72,1730.29,1
9664-SJKNZ,Female,0,No,No,4,Yes,No,Fiber optic,No,No,No,No,No,No,One year,Yes,Electronic check,91.19,351.87,1
2234-OXWJD,Male,0,No,Yes,70,Yes,Yes,Fiber optic,No,Yes,No,No,Yes,No,Month-to-month,Yes,Electronic check,91.14,6374.85,1
9650-GKXVV,Male,0,Yes,No,46,Yes,No,DSL,No,Yes,Yes,Yes,No,Yes,Month-to-month,Yes,Credit card (automatic),74.79,3440.43,1
8525-CEZBL,Female,0,Yes,No,70,Yes,No,No,No internet service,No internet service,No internet service,No internet service,No internet service,No internet service,Month-to-month,No,Credit card (automatic),18.25,1249.08,1
4915-UEGDK,Female,0,No,Yes,55,Yes,Yes,Fiber optic,No,No,Yes,No,No,No,Month-to-month,No,Electronic check,83.85,4591.09,1
1446-VIDVI,Female,1,Yes,No,10,Yes,Yes,Fiber optic,No,Yes,Yes,Yes,No,Yes,Month-to-month,No,Mailed check,98.59,995.23,1
3248-ZLPAH,Male,0,No,No,11,Yes,No,Fiber optic,No,No,No,No,Yes,Yes,Month-to-month,No,Electronic check,106.43,1151.62,1
2743-ATSDN,Female,0,No,No,71,Yes,No,Fiber optic,Yes,Yes,No,Yes,No,Yes,One year,No,Bank transfer (automatic),109.03,7760.0,0
1844-WNIIZ,Male,0,No,No,6,Yes,Yes,DSL,No,No,No,No,No,Yes,Month-to-month,Yes,Electronic check,61.19,384.18,0
5886-QOJQI,Female,0,Yes,No,6,Yes,No,Fiber optic,No,No,No,No,Yes,No,Month-to-month,Yes,Credit card (automatic),81.05,482.34,1
8747-DNCYU,Female,0,No,Yes,28,Yes,No,DSL,No,No,Yes,No,Yes,No,Two year,No,Electronic check,58.24,1618.81,0
7009-LVAAM,Male,0,Yes,Yes,9,Yes,Yes,No,No internet service,No internet service,No internet service,No internet service,No internet service,No internet service,Month-to-month,Yes,Electronic check,18.25,189.9,1
4289-NPGJO,Female,0,No,Yes,11,No,No phone service,DSL,No,No,No,Yes,No,Yes,Month-to-month,No,Credit card (automatic),72.29,768.03,1
3707-HKXNM,Male,0,Yes,Yes,16,Yes,No,DSL,No,Yes,Yes,Yes,No,No,Month-to-month,No,Electronic check,60.07,953.2,1
1039-WMIQR,Male,0,Yes,No,11,Yes,Yes,Fiber optic,No,No,No,No,No,No,Month-to-month,Yes,Credit card (automatic),83.23,917.63,1
3440-SMLUT,Male,0,Yes,Yes,72,Yes,No,Fiber optic,No,No,Yes,Yes,No,No,Two year,No,Electronic check,87.83,6352.16,1
4103-THXKG,Female,0,Yes,No,66,Yes,Yes,DSL,Yes,No,Yes,No,Yes,No,Month-to-month,Yes,Bank transfer (automatic),73.75,4868.09,1
8259-AJODA,Female,0,No,No,8,Yes,Yes,No,No internet service,No internet service,No internet service,No internet service,No internet service,No internet service,One year,Yes,Electronic check,22.23,163.56,1
6100-KESSD,Female,0,No,No,63,Yes,No,DSL,No,No,No,No,No,No,Month-to-month,No,Electronic check,46.58,2956.66,1
1678-BGMTU,Male,0,No,No,12,No,No phone service,Fiber optic,No,No,Yes,No,No,No,Month-to-month,Yes,Credit card (automatic),75.4,889.09,1
5553-LBVIP,Female,1,No,No,1,Yes,No,Fiber optic,No,No,No,No,Yes,No,One year,Yes,Bank transfer (automatic),85.67,85.67,1
9307-HXRDX,Female,0,Yes,No,12,Yes,No,DSL,No,No,No,No,Yes,Yes,One year,Yes,Electronic check,80.99,962.94,1
6501-KQHSH,Female,0,No,No,69,Yes,No,DSL,No,Yes,No,No,No,Yes,Month-to-month,No,Credit card (automatic),69.38,4795.88,1
2294-FWBOA,Female,0,No,No,32,Yes,No,No,No internet service,No internet service,No internet service,No internet service,No internet service,No internet service,Month-to-month,No,Mailed check,18.25,566.69,0
5084-FSDMO,Female,0,Yes,No,38,Yes,No,Fiber optic,No,No,No,Yes,Yes,Yes,Two year,No,Credit card (automatic),109.5,4186.49,0
9430-ICBPR,Male,1,Yes,Yes,7,Yes,No,No,No internet service,No internet service,No internet service,No internet service,No internet service,No internet service,Month-to-month,Yes,Credit card (automatic),24.18,148.11,1
4984-RFRKG,Female,1,No,No,69,Yes,No,DSL,No,Yes,No,No,Yes,No,One year,No,Mailed check,60.66,4193.98,1
6538-WWNRG,Female,0,No,No,57,Yes,No,Fiber optic,No,No,No,No,No,No,One year,No,Mailed check,76.52,4386.42,0
1971-JHXNR,Female,0,No,No,64,Yes,No,Fiber optic,Yes,No,Yes,No,Yes,No,Month-to-month,Yes,Mailed check,102.94,6602.25,1
4442-ENVYV,Male,1,No,No,8,Yes,No,Fiber optic,No,No,No,Yes,No,Yes,Month-to-month,No,Bank transfer (automatic),108.37,860.17,1
9427-ZVJZO,Female,0,Yes,No,63,Yes,No,Fiber optic,Yes,No,No,Yes,No,Yes,Month-to-month,No,Electronic check,118.75,7484.62,1
7163-FIJWQ,Male,0,Yes,Yes,65,Yes,Yes,No,No internet service,No internet service,No internet service,No internet service,No internet service,No internet service,Two year,Yes,Electronic check,21.92,1427.41,0
2112-ANDBC,Male,0,No,No,60,Yes,No,DSL,No,No,Yes,No,No,Yes,Two year,No,Electronic check,61.74,3692.99,0
4980-GWNLS,Female,0,No,No,1,Yes,Yes,Fiber optic,No,No,No,No,Yes,Yes,Month-to-month,Yes,Mailed check,108.16,110.16,1
5920-ROAYZ,Male,1,No,No,22,Yes,Yes,No,No internet service,No internet service,No internet service,No internet service,No internet service,No internet service,Month-to-month,Yes,Bank transfer (automatic),18.67,404.77,1
1776-CYODO,Male,1,Yes,No,3,Yes,No,DSL,No,No,No,No,Yes,Yes,Month-to-month,Yes,Electronic check,73.85,232.61,1
9741-JFMGZ,Male,0,No,Yes,1,Yes,No,Fiber optic,Yes,No,No,No,Yes,No,Two year,Yes,Electronic check,105.3,134.78,1
3231-VAVKN,Female,0,No,No,2,Yes,Yes,Fiber optic,No,No,Yes,No,Yes,No,Month-to-month,No,Mailed check,91.7,173.76,1
3228-FESZS,Male,0,Yes,No,11,Yes,No,Fiber optic,Yes,No,No,No,No,No,Month-to-month,No,Electronic check,91.08,1014.67,1
3153-ZMGHN,Female,0,Yes,No,60,Yes,No,Fiber optic,Yes,No,Yes,No,No,Yes,One year,Yes,Mailed check,105.25,6320.02,1
9609-SSWZL,Female,0,Yes,No,5,Yes,Yes,Fiber optic,Yes,Yes,Yes,No,Yes,No,Two year,No,Electronic check,103.77,503.75,0
9184-WINFO,Male,0,Yes,No,36,Yes,Yes,No,No internet service,No internet service,No internet service,No internet service,No internet service,No internet service,Month-to-month,No,Electronic check,22.6,804.87,0
8606-MGKJA,Male,0,No,Yes,9,Yes,Yes,DSL,No,No,Yes,Yes,Yes,Yes,Month-to-month,Yes,Electronic check,83.58,753.03,1
5634-GRWCI,Male,0,Yes,Yes,31,Yes,No,No,No internet service,No internet service,No internet service,No internet service,No internet service,No internet service,Two year,Yes,Electronic check,19.31,607.51,0
9537-EWXMP,Female,0,No,No,33,Yes,No,Fiber optic,No,No,No,No,No,Yes,Month-to-month,No,Bank transfer (automatic),90.39,2975.9,1
5454-PLRKQ,Female,0,No,No,10,Yes,Yes,Fiber optic,No,No,No,No,No,No,One year,No,Bank transfer (automatic),79.88,812.47,0
6659-GOFFR,Male,0,No,No,7,Yes,No,DSL,No,No,No,No,Yes,Yes,Month-to-month,No,Bank transfer (automatic),71.25,527.76,1
7974-STSBC,Male,0,Yes,Yes,51,Yes,No,DSL,No,No,No,No,No,Yes,One year,Yes,Credit card (automatic),63.38,3221.26,0
2366-NVYDV,Female,0,Yes,No,49,Yes,No,Fiber optic,No,No,Yes,No,No,Yes,Month-to-month,Yes,Mailed check,92.02,4510.28,1
2469-QFSID,Female,0,No,No,49,Yes,No,DSL,No,No,Yes,No,No,No,Month-to-month,No,Electronic check,46.37,2258.75,1
2851-GDKVW,Female,0,No,No,57,Yes,No,Fiber optic,No,No,No,Yes,Yes,No,One year,Yes,Credit card (automatic),108.39,6182.34,1
4183-BJFHO,Male,0,Yes,No,5,Yes,Yes,DSL,No,No,No,No,No,No,Two year,Yes,Bank transfer (automatic),47.44,197.84,1
6466-MVBTA,Male,0,Yes,No,38,No,No phone service,Fiber optic,Yes,No,Yes,No,Yes,No,Two year,No,Credit card (automatic),103.0,3898.61,1
4199-OGXZR,Female,1,Yes,No,2,Yes,Yes,Fiber optic,No,Yes,Yes,Yes,No,Yes,Month-to-month,No,Electronic check,97.0,198.77,1
8988-JOEXK,Female,0,No,Yes,15,Yes,Yes,No,No internet service,No internet service,No internet service,No internet service,No internet service,No internet service,Two year,No,Credit card (automatic),18.25,259.05,0
2289-HUHFO,Male,0,No,No,64,Yes,Yes,No,No internet service,No internet service,No internet service,No internet service,No internet service,No internet service,Month-to-month,No,Credit card (automatic),20.92,1353.52,1
5988-OEMNK,Female,0,Yes,No,15,Yes,No,Fiber optic,Yes,No,Yes,No,No,No,Month-to-month,Yes,Credit card (automatic),86.5,1322.09,1
8873-TULTA,Male,0,No,No,7,Yes,No,DSL,No,No,No,No,Yes,No,One year,Yes,Credit card (automatic),54.09,364.96,1
9898-CHWLO,Female,0,Yes,No,29,No,No phone service,Fiber optic,No,No,No,No,Yes,No,Month-to-month,No,Credit card (automatic),82.4,2377.59,1
8927-WCYVH,Female,0,No,Yes,2,Yes,No,Fiber optic,Yes,No,No,Yes,Yes,No,Month-to-month,No,Credit card (automatic),105.26,189.74,1
7610-XSTFR,Female,1,No,No,21,Yes,Yes,DSL,Yes,Yes,No,No,No,No,Two year,No,Electronic check,57.52,1199.81,0
4966-KLWBE,Female,1,No,No,2,Yes,No,No,No internet service,No internet service,No internet service,No internet service,No internet service,No internet service,Month-to-month,Yes,Mailed check,18.25,44.64,1
2879-DIMMO,Male,1,No,No,66,No,No phone service,No,No internet service,No internet service,No internet service,No internet service,No internet service,No internet service,Month-to-month,Yes,Credit card (automatic),18.25,1221.66,1
8193-BWMGW,Female,1,Yes,No,68,Yes,No,DSL,No,No,Yes,No,No,Yes,Two year,No,Mailed check,63.94,4339.81,0
9578-QHROO,Female,0,No,Yes,11,Yes,Yes,No,No internet service,No internet service,No internet service,No internet service,No internet service,No internet service,Month-to-month,Yes,Credit card (automatic),18.25,198.19,1
8586-EBPEW,Male,0,No,No,5,Yes,Yes,No,No internet service,No internet service,No internet service,No internet service,No internet service,No internet service,Month-to-month,No,Bank transfer (automatic),27.5,161.4,1
7642-FLETH,Male,0,No,No,45,Yes,Yes,No,No internet service,No internet service,No internet service,No internet service,No internet service,No internet service,Two year,No,Credit card (automatic),18.25,833.34,0
9859-KNXQJ,Male,0,Yes,No,25,Yes,Yes,DSL,No,No,No,No,No,Yes,Two year,Yes,Bank transfer (automatic),56.66,1405.33,1
7324-BCMQC,Female,0,Yes,No,4,Yes,No,DSL,No,No,Yes,Yes,No,Yes,One year,No,Mailed check,78.41,304.0,1
2036-JHDMG,Male,1,Yes,Yes,60,Yes,No,Fiber optic,Yes,No,No,No,No,No,One year,Yes,Electronic check,87.79,5272.3,0
1636-GPEQJ,Female,0,Yes,Yes,4,Yes,No,DSL,Yes,Yes,Yes,No,Yes,Yes,Two year,No,Bank transfer (automatic),82.41,333.5,1
7847-DWNEB,Male,0,Yes,No,64,No,No phone service,Fiber optic,No,Yes,No,No,No,No,One year,No,Electronic check,76.89,4936.59,1
5294-NXRXK,Female,0,Yes,No,46,Yes,No,DSL,No,No,Yes,No,Yes,Yes,Two year,Yes,Electronic check,70.72,3281.45,1
2083-PRPUD,Male,0,No,No,10,Yes,Yes,No,No internet service,No internet service,No internet service,No internet service,No internet service,No internet service,Month-to-month,No,Electronic check,20.56,206.47,1
1861-ANLXJ,Male,0,No,No,41,Yes,No,DSL,Yes,No,No,No,No,No,Month-to-month,Yes,Electronic check,59.79,2466.76,1
1903-SDTUC,Male,1,Yes,No,13,Yes,No,Fiber optic,Yes,No,No,Yes,No,No,Month-to-month,Yes,Electronic check,96.17,1243.66,1
1191-YDZOK,Female,0,Yes,No,1,No,No phone service,No,No internet service,No internet service,No internet service,No internet service,No internet service,No internet service,Month-to-month,Yes,Credit card (automatic),25.01,25.01,1
1109-PDFHM,Female,0,No,Yes,71,Yes,Yes,No,No internet service,No internet service,No internet service,No internet service,No internet service,No internet service,Two year,Yes,Bank transfer (automatic),21.1,1499.79,0
2942-WTDEJ,Male,1,Yes,No,68,Yes,Yes,Fiber optic,No,Yes,No,No,No,No,Month-to-month,Yes,Bank transfer (automatic),77.74,5280.07,1
5252-ELAXJ,Female,0,No,Yes,69,No,No phone service,Fiber optic,No,No,No,No,No,Yes,One year,Yes,Credit card (automatic),100.28,6930.55,0
8930-ESSTL,Female,0,No,No,59,Yes,Yes,Fiber optic,No,Yes,Yes,Yes,No,No,Month-to-month,No,Bank transfer (automatic),96.46,5669.22,1
9686-WPEQN,Female,0,Yes,No,67,Yes,No,Fiber optic,No,No,No,No,Yes,No,Month-to-month,Yes,Electronic check,95.82,6434.38,1
9910-LMUNE,Female,0,No,Yes,63,Yes,Yes,DSL,No,No,No,No,No,No,Month-to-month,Yes,Credit card (automatic),51.93,3250.86,1
6516-VWERN,Female,1,No,Yes,1,Yes,No,DSL,No,No,No,No,No,Yes,Two year,Yes,Electronic check,72.97,87.6,1
3775-RTAGQ,Male,0,Yes,No,6,Yes,Yes,No,No internet service,No internet service,No internet service,No internet service,No internet service,No internet service,Month-to-month,No,Electronic check,30.54,160.05,1
3323-CJGLV,Female,0,No,Yes,33,Yes,Yes,Fiber optic,No,No,Yes,No,No,No,Month-to-month,No,Electronic check,85.51,2817.3,1
9047-OWUPH,Male,0,No,Yes,7,Yes,Yes,DSL,Yes,No,Yes,Yes,Yes,No,One year,Yes,Credit card (automatic),79.95,555.99,1
3617-FDKQB,Male,0,No,Yes,59,Yes,Yes,Fiber optic,Yes,No,No,No,No,Yes,Month-to-month,No,Mailed check,104.96,6178.18,1
7755-FDCGG,Male,0,No,Yes,39,Yes,Yes,Fiber optic,Yes,No,No,No,No,No,Month-to-month,Yes,Mailed check,84.64,3287.88,1
2094-PBHOP,Female,0,No,No,61,Yes,No,DSL,No,Yes,No,No,No,Yes,Month-to-month,Yes,Electronic check,60.74,3703.08,1
5972-AJGPJ,Female,0,No,No,9,Yes,No,Fiber optic,No,No,No,No,No,No,Month-to-month,Yes,Credit card (automatic),79.31,719.81,1
5502-LQMLO,Male,0,No,No,70,Yes,No,Fiber optic,Yes,No,No,No,Yes,Yes,Month-to-month,Yes,Bank transfer (automatic),118.75,8325.18,1
4135-NSSZN,Male,0,No,No,68,Yes,No,Fiber optic,No,Yes,Yes,No,No,No,One year,Yes,Electronic check,84.64,5750.93,1
5580-RZETF,Male,0,Yes,No,34,Yes,No,Fiber optic,No,No,No,Yes,Yes,Yes,Month-to-month,No,Mailed check,112.68,3833.04,1
4805-RNDWA,Male,1,No,Yes,49,Yes,No,Fiber optic,No,Yes,Yes,No,No,No,Month-to-month,Yes,Mailed check,77.35,3799.24,1
8496-MKCQR,Female,0,Yes,Yes,6,Yes,No,DSL,No,No,No,No,Yes,No,Month-to-month,Yes,Electronic check,62.92,375.99,0
3654-YJPUM,Male,0,Yes,No,56,Yes,No,DSL,No,Yes,Yes,No,No,Yes,Month-to-month,Yes,Electronic check,65.67,3691.06,1
6940-TLDHL,Male,0,Yes,No,44,Yes,No,Fiber optic,No,Yes,Yes,No,No,Yes,Month-to-month,Yes,Credit card (automatic),84.36,3694.96,1
5983-SOPLT,Female,0,Yes,No,1,Yes,Yes,DSL,No,No,Yes,No,No,Yes,Two year,Yes,Mailed check,66.92,75.74,0
7379-RVLPY,Male,0,Yes,No,60,Yes,Yes,No,No internet service,No internet service,No internet service,No internet service,No internet service,No internet service,Month-to-month,No,Mailed check,26.52,1599.32,1
6428-TKVTN,Female,0,Yes,No,69,Yes,Yes,Fiber optic,Yes,Yes,No,Yes,No,No,Month-to-month,Yes,Electronic check,107.78,7448.0,0
7130-BMNFL,Male,0,No,No,3,No,No phone service,Fiber optic,Yes,No,No,Yes,No,Yes,Month-to-month,No,Electronic check,116.2,357.68,1
5574-GDGMK,Female,0,Yes,Yes,1,Yes,No,Fiber optic,No,No,No,No,Yes,No,One year,Yes,Bank transfer (automatic),97.09,97.09,1
9715-HSBUR,Female,0,Yes,No,31,Yes,Yes,DSL,No,No,No,Yes,No,Yes,Month-to-month,Yes,Credit card (automatic),74.82,2319.43,1
3202-ZUJFX,Female,1,No,No,10,Yes,No,DSL,Yes,Yes,No,No,No,No,Month-to-month,Yes,Credit card (automatic),60.98,597.63,1
5921-VDSNN,Male,0,No,No,44,Yes,Yes,DSL,No,Yes,No,No,No,No,Two year,Yes,Electronic check,53.26,2347.89,0
8547-RQRRE,Female,0,Yes,No,29,Yes,Yes,Fiber optic,No,No,No,No,No,No,One year,Yes,Bank transfer (automatic),78.33,2274.78,0
5298-IADZG,Male,0,No,Yes,11,Yes,Yes,Fiber optic,Yes,No,No,Yes,No,Yes,One year,Yes,Electronic check,118.75,1319.41,1
1975-KNJSH,Female,0,No,No,2,Yes,No,No,No internet service,No internet service,No internet service,No internet service,No internet service,No internet service,Two year,Yes,Electronic check,22.96,29.21,0
7244-CHRET,Female,0,Yes,No,38,Yes,Yes,Fiber optic,Yes,No,Yes,No,Yes,Yes,Month-to-month,Yes,Mailed check,108.22,4104.47,1
1941-KISLE,Female,0,No,No,60,Yes,Yes,No,No internet service,No internet service,No internet service,No internet service,No internet service,No internet service,Two year,Yes,Bank transfer (automatic),18.25,1091.95,0
3387-PZYMF,Male,0,No,No,34,Yes,No,No,No internet service,No internet service,No internet service,No internet service,No internet service,No internet service,One year,Yes,Credit card (automatic),22.18,733.88,0
4221-PRQLA,Female,0,No,No,52,Yes,No,No,No internet service,No internet service,No internet service,No internet service,No internet service,No internet service,Month-to-month,No,Credit card (automatic),18.57,958.95,0
4882-GNRWA,Female,0,Yes,No,22,Yes,No,Fiber optic,No,No,No,Yes,Yes,No,Month-to-month,No,Electronic check,89.88,1956.84,1
9489-TJOKD,Female,0,Yes,No,52,Yes,No,DSL,No,No,No,Yes,Yes,Yes,One year,Yes,Mailed check,73.04,3809.05,1
6335-OUPZO,Female,0,Yes,Yes,12,Yes,No,DSL,No,No,Yes,No,Yes,No,Month-to-month,No,Bank transfer (automatic),60.08,712.56,1
6340-QWKRP,Male,0,Yes,No,67,Yes,No,No,No internet service,No internet service,No internet service,No internet service,No internet service,No internet service,Month-to-month,Yes,Bank transfer (automatic),22.15,1503.57,1
3789-OKMRH,Male,0,Yes,No,3,Yes,Yes,DSL,Yes,No,Yes,No,Yes,No,Two year,No,Mailed check,80.41,223.98,0
1944-IVKQA,Female,0,No,No,50,Yes,Yes,DSL,No,No,No,No,No,No,Month-to-month,Yes,Electronic check,52.04,2622.76,1
8782-KGHSY,Female,0,No,No,69,Yes,No,Fiber optic,No,No,No,No,No,No,Month-to-month,Yes,Credit card (automatic),88.76,6121.74,1
9113-DDSXI,Female,0,Yes,No,12,No,No phone service,Fiber optic,Yes,No,No,Yes,Yes,Yes,One year,No,Credit card (automatic),118.75,1410.05,0
9420-QRAND,Female,0,Yes,Yes,71,Yes,No,No,No internet service,No internet service,No internet service,No internet service,No internet service,No internet service,Month-to-month,Yes,Credit card (automatic),19.1,1365.62,1
5108-JWNGL,Male,0,Yes,Yes,62,Yes,No,Fiber optic,No,Yes,No,No,Yes,Yes,Two year,Yes,Credit card (automatic),98.51,6094.2,0
8130-VPEKD,Female,0,Yes,No,11,No,No phone service,DSL,No,No,No,No,Yes,Yes,One year,Yes,Bank transfer (automatic),74.2,811.4,1
4255-MHGKK,Female,0,No,No,12,Yes,No,Fiber optic,No,No,Yes,No,Yes,No,One year,Yes,Mailed check,86.67,1060.85,0
3690-ZQVNB,Male,0,No,No,4,Yes,Yes,Fiber optic,No,No,Yes,No,No,No,One year,No,Electronic check,71.71,273.64,1
7084-TUHVB,Female,0,Yes,No,60,Yes,No,DSL,No,Yes,No,No,Yes,No,Two year,No,Electronic check,57.59,3437.86,0
2319-UOEFQ,Female,0,Yes,No,58,No,No phone service,No,No internet service,No internet service,No internet service,No internet service,No internet service,No internet service,Month-to-month,No,Bank transfer (automatic),29.31,1728.08,1
9890-HSEWS,Male,0,Yes,No,44,Yes,Yes,Fiber optic,No,No,Yes,No,No,No,Two year,Yes,Bank transfer (automatic),76.88,3388.74,0
5686-NJMVE,Female,0,No,Yes,52,Yes,Yes,DSL,Yes,No,Yes,No,Yes,Yes,Month-to-month,No,Bank transfer (automatic),84.15,4384.52,1
6467-GJKCM,Male,0,No,No,68,Yes,Yes,DSL,Yes,No,No,No,No,No,One year,No,Bank transfer (automatic),66.76,4527.35,0
9316-BDCOD,Female,0,Yes,No,12,Yes,No,DSL,No,No,Yes,No,No,Yes,One year,No,Bank transfer (automatic),59.93,759.92,1
4475-WUDOF,Male,0,Yes,No,2,Yes,No,No,No internet service,No internet service,No internet service,No internet service,No internet service,No internet service,One year,Yes,Electronic check,18.25,31.21,1
4505-WELGC,Male,0,Yes,No,62,Yes,Yes,Fiber optic,No,No,No,Yes,No,No,Month-to-month,Yes,Electronic check,83.71,5219.17,1
3477-GLOSF,Female,0,Yes,No,24,Yes,No,DSL,Yes,No,No,No,Yes,Yes,One year,Yes,Electronic check,80.76,1955.36,0
6327-HFZCE,Female,1,No,No,68,No,No phone service,DSL,Yes,Yes,Yes,No,No,No,One year,Yes,Mailed check,53.15,3610.75,0
6903-IXPVP,Female,0,Yes,No,5,No,No phone service,Fiber optic,No,No,No,Yes,No,Yes,Two year,No,Electronic check,104.92,489.66,1
5299-IRMKY,Female,0,No,No,1,Yes,No,DSL,Yes,No,No,No,No,No,Two year,Yes,Electronic check,53.85,53.85,0
9873-JJFPY,Male,0,No,No,3,Yes,No,Fiber optic,No,No,No,No,Yes,No,Month-to-month,No,Credit card (automatic),91.0,286.03,1
2874-LDEBS,Female,0,Yes,Yes,65,Yes,No,Fiber optic,Yes,Yes,Yes,No,Yes,Yes,One year,Yes,Electronic check,113.1,7304.42,1
8134-ADLBL,Female,0,No,No,11,Yes,No,No,No internet service,No internet service,No internet service,No internet service,No internet service,No internet service,Month-to-month,Yes,Mailed check,18.25,220.85,0
8127-PBQZB,Female,0,Yes,No,3,Yes,No,Fiber optic,No,No,Yes,No,Yes,No,Month-to-month,Yes,Electronic check,94.86,278.34,1
3904-DFWGW,Male,0,No,No,72,Yes,No,DSL,No,No,No,Yes,No,No,Month-to-month,No,Mailed check,64.47,4650.38,1
1570-OTLEN,Male,0,Yes,No,8,Yes,No,DSL,No,Yes,Yes,No,No,No,Month-to-month,No,Electronic check,45.64,391.67,1
2448-PKLSQ,Male,0,Yes,Yes,53,Yes,Yes,Fiber optic,Yes,Yes,Yes,Yes,Yes,No,Month-to-month,Yes,Electronic check,102.02,5416.23,1
5800-XZGIN,Male,0,No,Yes,5,Yes,No,Fiber optic,No,No,No,Yes,Yes,No,Month-to-month,Yes,Electronic check,105.45,528.96,1
6028-ZTLOL,Male,1,Yes,Yes,25,Yes,Yes,Fiber optic,Yes,No,Yes,Yes,Yes,No,Month-to-month,Yes,Mailed check,106.48,2661.07,1
6117-UUWMI,Female,0,Yes,No,70,Yes,No,No,No internet service,No internet service,No internet service,No internet service,No internet service,No internet service,Month-to-month,No,Credit card (automatic),19.37,1356.53,0
6492-XGAJF,Female,0,No,No,46,Yes,No,DSL,Yes,No,No,No,Yes,Yes,Two year,Yes,Credit card (automatic),79.02,3628.76,0
7135-ZOOIM,Female,1,No,No,5,Yes,No,DSL,No,No,Yes,Yes,No,Yes,Month-to-month,Yes,Electronic check,74.93,360.05,1
4226-WAICI,Male,0,No,Yes,21,Yes,No,Fiber optic,No,Yes,No,Yes,No,No,Month-to-month,No,Credit card (automatic),81.95,1704.61,1
9765-TYOXG,Female,0,No,No,37,Yes,Yes,Fiber optic,Yes,No,No,Yes,No,No,One year,No,Electronic check,93.86,3471.03,1
4978-DYTQV,Male,0,Yes,No,12,Yes,Yes,No,No internet service,No internet service,No internet service,No internet service,No internet service,No internet service,Month-to-month,No,Credit card (automatic),23.53,280.87,1
9182-DZSEP,Male,0,Yes,No,62,Yes,No,DSL,No,Yes,No,Yes,No,No,Month-to-month,Yes,Mailed check,65.49,4057.21,0
4539-CKYVO,Male,0,No,No,28,Yes,No,No,No internet service,No internet service,No internet service,No internet service,No internet service,No internet service,Two year,No,Electronic check,23.36,646.69,0
5622-SUXNP,Male,1,No,Yes,63,Yes,Yes,DSL,No,No,No,No,Yes,No,Month-to-month,Yes,Electronic check,61.6,3881.02,0
3827-XFEUQ,Male,0,Yes,No,8,Yes,Yes,DSL,No,No,No,No,No,Yes,Month-to-month,No,Electronic check,62.54,519.83,1
6427-PBKDF,Female,0,No,No,20,Yes,Yes,DSL,No,Yes,No,Yes,No,No,One year,Yes,Electronic check,56.84,1142.66,1
2338-GQHAY,Female,0,No,No,64,Yes,No,DSL,No,No,Yes,Yes,No,Yes,Month-to-month,Yes,Bank transfer (automatic),66.08,4216.36,1
4262-OTLOW,Female,0,No,No,72,Yes,No,No,No internet service,No internet service,No internet service,No internet service,No internet service,No internet service,Two year,Yes,Bank transfer (automatic),18.25,1295.98,0
6147-VOIPB,Female,0,No,No,71,Yes,Yes,DSL,No,No,Yes,No,Yes,No,Month-to-month,No,Credit card (automatic),59.19,4198.93,1
1650-OOGUM,Male,1,Yes,No,14,No,No phone service,Fiber optic,No,Yes,Yes,No,No,Yes,Month-to-month,No,Mailed check,91.84,1305.9,1
3902-WQKJY,Female,0,Yes,Yes,55,Yes,Yes,DSL,Yes,No,No,Yes,No,Yes,One year,No,Bank transfer (automatic),89.52,4906.92,0
3258-ANEHA,Female,1,No,No,7,Yes,No,DSL,No,No,Yes,No,Yes,Yes,Two year,Yes,Electronic check,69.0,474.94,0
6944-GBGGI,Male,0,No,No,12,Yes,Yes,No,No internet service,No internet service,No internet service,No internet service,No internet service,No internet service,Month-to-month,No,Mailed check,25.08,299.04,1
9876-VDWGT,Male,0,No,Yes,69,No,No phone service,No,No internet service,No internet service,No internet service,No internet service,No internet service,No internet service,Month-to-month,Yes,Electronic check,18.44,1282.2,1
9457-RMKIN,Male,0,No,No,35,Yes,Yes,Fiber optic,No,No,No,No,No,Yes,Month-to-month,Yes,Mailed check,105.21,3658.97,0
5428-HUNUQ,Female,0,Yes,Yes,71,Yes,Yes,Fiber optic,No,Yes,No,No,Yes,No,Month-to-month,Yes,Credit card (automatic),88.53,6277.87,1
8471-YNZXE,Female,0,Yes,No,12,Yes,No,No,No internet service,No internet service,No internet service,No internet service,No internet service,No internet service,One year,Yes,Bank transfer (automatic),18.25,209.27,0
6689-JFJKZ,Female,0,No,Yes,40,Yes,No,No,No internet service,No internet service,No internet service,No internet service,No internet service,No internet service,Month-to-month,Yes,Electronic check,18.25,744.17,1
3584-XFJNT,Male,0,Yes,No,67,Yes,No,Fiber optic,No,No,No,No,No,No,One year,No,Credit card (automatic),74.38,4976.77,0
4196-CGBGQ,Male,0,Yes,Yes,59,Yes,Yes,Fiber optic,No,Yes,No,Yes,Yes,Yes,Two year,Yes,Electronic check,118.75,7009.41,1
7175-MZUIM,Male,1,No,No,26,Yes,No,Fiber optic,No,No,No,Yes,Yes,No,One year,No,Mailed check,98.88,2547.16,1
5328-OMQHI,Male,0,No,Yes,10,Yes,No,Fiber optic,No,Yes,Yes,No,Yes,Yes,Two year,No,Mailed check,101.19,1013.74,0
2258-IHPTG,Male,0,No,No,67,Yes,Yes,Fiber optic,Yes,No,Yes,No,No,Yes,Month-to-month,Yes,Bank transfer (automatic),101.76,6820.99,0
5245-QGFEQ,Male,0,Yes,No,30,Yes,No,Fiber optic,No,No,No,No,No,No,One year,Yes,Credit card (automatic),81.83,2443.43,1
1991-HZAPQ,Female,0,Yes,No,63,Yes,No,No,No internet service,No internet service,No internet service,No internet service,No internet service,No internet service,One year,Yes,Electronic check,18.25,1138.21,0
4504-CMHPX,Male,1,Yes,No,68,Yes,No,DSL,No,Yes,No,No,No,No,Month-to-month,Yes,Electronic check,52.93,3580.89,1
1113-GUOXB,Male,0,No,Yes,47,Yes,No,DSL,No,Yes,Yes,No,No,No,One year,Yes,Electronic check,43.25,2050.46,1
1919-XBJED,Male,0,No,No,4,Yes,Yes,DSL,No,Yes,No,No,No,No,Month-to-month,Yes,Bank transfer (automatic),54.1,227.0,1
3509-OMQUW,Male,0,Yes,No,71,Yes,No,Fiber optic,No,No,No,Yes,Yes,Yes,One year,Yes,Bank transfer (automatic),112.14,7964.3,0
9459-ARONI,Male,0,Yes,No,10,No,No phone service,Fiber optic,No,No,Yes,Yes,No,No,One year,No,Electronic check,88.26,867.3,1
8172-LEWBW,Male,1,Yes,No,62,Yes,Yes,DSL,No,No,No,No,No,No,Month-to-month,No,Mailed check,40.62,2508.02,1
5233-WGUIR,Male,1,No,No,60,Yes,Yes,Fiber optic,No,Yes,Yes,Yes,No,Yes,Month-to-month,Yes,Mailed check,92.94,5584.03,1
1949-DBXAY,Male,0,Yes,No,8,Yes,No,Fiber optic,No,Yes,Yes,No,No,Yes,Two year,Yes,Mailed check,90.4,722.38,1
7865-LMNEC,Male,1,Yes,No,32,Yes,No,DSL,No,No,Yes,Yes,No,No,Month-to-month,Yes,Credit card (automatic),66.8,2122.29,1
4770-DQSKH,Female,0,Yes,Yes,71,Yes,Yes,DSL,No,No,No,Yes,Yes,No,One year,No,Credit card (automatic),80.99,5750.65,1
9542-LRRIE,Female,0,No,Yes,45,Yes,No,No,No internet service,No internet service,No internet service,No internet service,No internet service,No internet service,One year,No,Electronic check,21.1,950.25,0
3850-UQMFX,Female,0,Yes,No,57,Yes,No,Fiber optic,No,No,No,No,No,No,Two year,No,Bank transfer (automatic),77.38,4406.05,0
7724-VNOWN,Female,0,Yes,No,7,Yes,No,Fiber optic,Yes,No,Yes,No,No,Yes,Month-to-month,Yes,Credit card (automatic),99.97,690.17,1
5742-DRALV,Male,0,Yes,No,10,Yes,No,No,No internet service,No internet service,No internet service,No internet service,No internet service,No internet service,Month-to-month,Yes,Electronic check,27.26,278.6,1
6972-IJURQ,Female,0,Yes,No,33,Yes,Yes,DSL,No,No,Yes,Yes,No,Yes,One year,No,Mailed check,77.32,2544.34,1
6478-SDPGI,Female,0,No,Yes,12,Yes,No,Fiber optic,No,Yes,No,No,No,No,One year,No,Electronic check,84.6,1040.91,1
3505-HYGJH,Male,0,Yes,Yes,71,No,No phone service,Fiber optic,Yes,No,Yes,No,Yes,No,One year,Yes,Mailed check,106.23,7538.37,1
2114-XQLNL,Male,0,Yes,Yes,5,Yes,No,DSL,Yes,No,No,No,No,No,Month-to-month,Yes,Electronic check,65.43,333.08,1
7920-YBLNG,Male,0,No,No,43,Yes,No,No,No internet service,No internet service,No internet service,No internet service,No internet service,No internet service,Month-to-month,Yes,Mailed check,32.81,1411.98,0
1298-ZZMUD,Male,0,No,No,3,Yes,No,DSL,Yes,No,No,No,No,No,One year,No,Credit card (automatic),65.69,184.35,1
2675-AQCQH,Female,0,Yes,No,4,Yes,Yes,DSL,No,No,No,No,Yes,Yes,Month-to-month,Yes,Credit card (automatic),75.41,309.5,1
4347-CJBVD,Male,0,Yes,No,22,Yes,No,DSL,No,No,Yes,Yes,No,Yes,Month-to-month,Yes,Mailed check,78.26,1720.08,0
3735-NKNMD,Male,0,No,Yes,5,Yes,Yes,No,No internet service,No internet service,No internet service,No internet service,No internet service,No internet service,Month-to-month,Yes,Bank transfer (automatic),18.25,90.67,1
7691-BBKVE,Male,0,No,Yes,65,Yes,No,Fiber optic,No,No,No,No,No,Yes,Two year,Yes,Bank transfer (automatic),86.22,5614.86,0
8980-ITUQL,Female,0,No,Yes,4,Yes,Yes,Fiber optic,No,No,Yes,No,No,Yes,Month-to-month,Yes,Electronic check,89.12,356.02,1
6267-RCEUT,Female,0,No,No,33,Yes,Yes,DSL,No,Yes,Yes,No,No,No,Two year,No,Mailed check,53.22,1739.72,0
9675-NPZSI,Male,0,No,Yes,6,Yes,Yes,DSL,No,No,No,No,No,No,Month-to-month,Yes,Mailed check,53.56,319.08,1
7217-QVGJD,Female,0,Yes,No,22,Yes,No,No,No internet service,No internet service,No internet service,No internet service,No internet service,No internet service,One year,Yes,Mailed check,19.98,442.26,0
5339-JCXIM,Male,0,Yes,Yes,1,Yes,No,Fiber optic,No,Yes,Yes,No,Yes,No,Month-to-month,Yes,Mailed check,83.99,101.29,1
7307-AOOKJ,Female,0,No,No,33,Yes,No,DSL,Yes,No,Yes,No,No,No,Month-to-month,Yes,Bank transfer (automatic),61.73,2034.46,1
3103-YGAGE,Male,0,No,No,48,Yes,Yes,Fiber optic,No,No,Yes,No,Yes,Yes,Month-to-month,No,Mailed check,99.39,4781.6,1
9371-ZWPYH,Female,0,No,Yes,27,Yes,No,Fiber optic,No,No,Yes,No,No,No,Two year,No,Credit card (automatic),84.16,2257.92,1
6882-VBHND,Female,0,No,No,9,Yes,No,DSL,No,Yes,Yes,Yes,No,No,One year,No,Credit card (automatic),59.37,496.58,0
8105-XOGTH,Female,0,No,No,2,Yes,Yes,Fiber optic,No,Yes,No,No,Yes,No,Two year,No,Credit card (automatic),94.95,204.47,0
2837-KBIFW,Male,0,No,Yes,10,Yes,No,DSL,No,No,No,No,No,No,One year,Yes,Electronic check,51.89,493.9,1
7348-ZACJE,Female,0,Yes,No,20,Yes,Yes,No,No internet service,No internet service,No internet service,No internet service,No internet service,No internet service,One year,No,Bank transfer (automatic),18.25,348.25,0
7795-LWAIU,Female,0,Yes,No,9,Yes,No,Fiber optic,Yes,Yes,Yes,No,No,No,Month-to-month,Yes,Electronic check,86.67,801.31,1
7559-MSGZP,Female,0,Yes,Yes,28,Yes,No,No,No internet service,No internet service,No internet service,No internet service,No internet service,No internet service,Month-to-month,No,Electronic check,30.25,843.24,0
1607-HZZSG,Male,0,No,No,16,Yes,Yes,Fiber optic,No,No,Yes,Yes,No,No,Month-to-month,No,Mailed check,82.55,1291.18,1
2093-WDJYA,Female,0,Yes,Yes,45,Yes,No,Fiber optic,Yes,No,No,No,No,Yes,Month-to-month,Yes,Credit card (automatic),98.92,4420.74,1
9783-QUMSZ,Male,0,No,No,62,Yes,No,Fiber optic,Yes,No,Yes,Yes,No,No,Month-to-month,Yes,Electronic check,102.2,6356.52,1
8234-MIEWA,Male,0,No,No,21,Yes,No,Fiber optic,No,Yes,No,No,No,No,Month-to-month,Yes,Mailed check,85.6,1813.57,1
8928-BKDIE,Male,1,No,No,4,Yes,Yes,Fiber optic,No,No,Yes,No,Yes,Yes,One year,Yes,Bank transfer (automatic),114.81,465.68,1
1160-EYHBG,Male,0,Yes,Yes,10,Yes,No,Fiber optic,No,No,No,No,Yes,No,Two year,Yes,Credit card (automatic),90.69,912.66,1
1203-QZKOY,Male,0,Yes,No,61,Yes,No,Fiber optic,No,No,No,No,No,Yes,Two year,Yes,Electronic check,80.79,4910.72,0
6669-CMRTT,Female,0,Yes,Yes,37,Yes,No,No,No internet service,No internet service,No internet service,No internet service,No internet service,No internet service,One year,No,Bank transfer (automatic),18.25,689.03,0
6744-CBETE,Male,0,No,No,72,Yes,No,Fiber optic,No,No,No,No,No,No,Month-to-month,No,Electronic check,74.1,5327.96,1
3934-MHPRY,Female,0,No,No,64,Yes,No,No,No internet service,No internet service,No internet service,No internet service,No internet service,No internet service,Month-to-month,Yes,Bank transfer (automatic),22.76,1465.16,0
6885-ZPAHU,Female,0,Yes,No,6,Yes,Yes,No,No internet service,No internet service,No internet service,No internet service,No internet service,No internet service,Two year,Yes,Electronic check,18.25,103.38,0
3435-BXEZO,Male,0,Yes,No,66,No,No phone service,Fiber optic,No,Yes,No,No,No,No,Month-to-month,Yes,Bank transfer (automatic),76.72,5099.77,1
2230-NZCGD,Male,1,No,No,10,Yes,No,No,No internet service,No internet service,No internet service,No internet service,No internet service,No internet service,One year,Yes,Bank transfer (automatic),23.93,228.42,0
8430-KZLOF,Male,1,Yes,Yes,65,Yes,Yes,Fiber optic,No,Yes,No,No,No,No,Two year,Yes,Credit card (automatic),81.43,5288.24,0
7613-ZXARN,Female,0,Yes,No,62,Yes,No,No,No internet service,No internet service,No internet service,No internet service,No internet service,No internet service,Month-to-month,Yes,Mailed check,18.25,1151.6,0
9924-XGJIB,Female,1,Yes,Yes,37,Yes,Yes,DSL,No,No,Yes,No,No,Yes,One year,No,Electronic check,59.55,2194.62,1
5609-HVATB,Female,0,Yes,No,2,Yes,No,DSL,Yes,No,No,No,Yes,No,Two year,Yes,Credit card (automatic),69.05,107.06,0
7162-GYPVD,Female,0,Yes,No,53,No,No phone service,Fiber optic,No,No,No,Yes,Yes,Yes,Month-to-month,Yes,Bank transfer (automatic),113.3,6017.74,1
9522-UQDZC,Female,0,No,No,17,Yes,No,DSL,No,Yes,No,No,No,No,Month-to-month,Yes,Credit card (automatic),49.04,838.24,0
5251-IVOTC,Female,0,Yes,No,62,Yes,Yes,Fiber optic,No,No,Yes,No,No,No,Two year,Yes,Mailed check,82.47,5130.07,1
8918-LOTHL,Female,0,Yes,No,6,Yes,No,DSL,No,No,No,No,Yes,No,Two year,Yes,Bank transfer (automatic),60.45,358.93,1
5034-UMOKQ,Female,0,Yes,No,67,Yes,Yes,No,No internet service,No internet service,No internet service,No internet service,No internet service,No internet service,Month-to-month,Yes,Credit card (automatic),18.29,1228.44,0
7510-UXLTR,Female,0,No,No,12,Yes,No,Fiber optic,No,Yes,No,No,No,Yes,Month-to-month,No,Electronic check,87.2,1059.88,1
8341-PCIGS,Male,0,Yes,Yes,64,Yes,Yes,DSL,No,No,Yes,No,No,Yes,One year,No,Bank transfer (automatic),60.93,3920.84,0
4877-ESJTL,Female,0,Yes,No,62,Yes,Yes,Fiber optic,No,Yes,Yes,Yes,No,No,Month-to-month,No,Mailed check,92.69,5740.05,0
5375-HCSKH,Male,1,Yes,Yes,4,Yes,No,No,No internet service,No internet service,No internet service,No internet service,No internet service,No internet service,Month-to-month,Yes,Mailed check,19.93,88.3,0
1857-ZMZWW,Male,1,No,No,57,Yes,Yes,No,No internet service,No internet service,No internet service,No internet service,No internet service,No internet service,Two year,No,Electronic check,28.77,1623.84,0
6956-JRLGZ,Female,0,No,No,6,Yes,Yes,Fiber optic,No,No,No,Yes,No,No,One year,No,Bank transfer (automatic),96.61,591.57,0
7885-KJCGD,Female,0,No,Yes,16,Yes,No,DSL,Yes,No,No,No,No,Yes,One year,Yes,Electronic check,75.13,1211.02,1
3561-HHFML,Female,0,No,Yes,28,Yes,No,No,No internet service,No internet service,No internet service,No internet service,No internet service,No internet service,One year,No,Electronic check,18.25,525.55,1
4801-CFVSK,Female,0,No,No,54,Yes,Yes,No,No internet service,No internet service,No internet service,No internet service,No internet service,No internet service,One year,Yes,Electronic check,25.39,1395.3,0
3640-DOBOQ,Female,1,No,No,52,Yes,Yes,DSL,No,Yes,No,No,Yes,No,Two year,Yes,Electronic check,62.93,3277.1,0
5618-BGZPE,Female,0,No,No,1,Yes,No,DSL,No,No,No,No,No,No,One year,No,Electronic check,53.94,55.6,0
3347-PYSBO,Male,0,No,No,6,Yes,No,Fiber optic,Yes,No,No,No,No,No,Month-to-month,Yes,Mailed check,87.89,538.45,1
7650-DBWJV,Male,0,Yes,No,11,Yes,No,Fiber optic,No,No,No,Yes,No,No,Month-to-month,Yes,Electronic check,89.66,998.24,1
3781-XERDA,Female,0,No,No,14,Yes,No,Fiber optic,No,Yes,Yes,No,No,No,Month-to-month,Yes,Electronic check,76.1,1057.43,1
7963-RTFTT,Male,0,Yes,No,15,Yes,Yes,DSL,No,Yes,No,No,No,Yes,Month-to-month,No,Credit card (automatic),67.36,1030.99,1
8188-NZJRI,Male,0,No,No,25,Yes,No,DSL,No,No,No,Yes,Yes,No,Two year,Yes,Mailed check,77.94,1953.9,0
8434-LJXXU,Male,0,No,No,34,Yes,No,Fiber optic,No,Yes,Yes,No,No,No,Month-to-month,Yes,Mailed check,82.73,2825.02,1
1615-SFNYH,Male,0,No,No,52,Yes,No,DSL,No,No,No,Yes,Yes,No,Month-to-month,Yes,Credit card (automatic),61.62,3196.44,0
8003-WNKXP,Male,0,No,No,13,Yes,Yes,Fiber optic,No,No,No,No,Yes,Yes,Two year,Yes,Bank transfer (automatic),111.19,1457.4,0
3575-TFOON,Male,0,Yes,No,66,Yes,Yes,Fiber optic,No,No,Yes,No,No,No,Month-to-month,Yes,Mailed check,71.58,4723.89,0
8480-ULBHS,Female,0,No,No,2,Yes,Yes,DSL,No,Yes,No,No,No,Yes,Month-to-month,Yes,Electronic check,58.72,123.27,1
4340-NEXIM,Male,0,No,No,1,Yes,No,Fiber optic,No,Yes,No,Yes,Yes,No,Month-to-month,No,Bank transfer (automatic),104.05,104.05,1
6666-INEBG,Male,0,No,Yes,51,Yes,No,Fiber optic,Yes,No,No,No,No,No,Month-to-month,No,Electronic check,100.93,5132.6,1
2705-PKKWL,Male,0,No,No,72,Yes,Yes,DSL,No,No,No,No,Yes,No,Month-to-month,Yes,Electronic check,64.74,4669.89,1
9282-MHXPU,Male,0,No,No,12,Yes,Yes,Fiber optic,No,No,Yes,No,Yes,Yes,Month-to-month,No,Bank transfer (automatic),109.26,1314.66,1
8859-AMKDD,Female,0,Yes,Yes,2,Yes,No,Fiber optic,No,Yes,No,No,Yes,No,Month-to-month,No,Bank transfer (automatic),93.51,156.6,1
2493-OCXSU,Male,0,Yes,No,6,No,No phone service,DSL,No,No,No,No,Yes,No,Month-to-month,Yes,Credit card (automatic),58.17,379.36,1
9964-BFVXH,Female,0,Yes,No,6,Yes,Yes,Fiber optic,No,No,Yes,Yes,No,Yes,Two year,No,Bank transfer (automatic),96.34,568.87,1
6614-QEBZL,Male,0,Yes,Yes,4,No,No phone service,DSL,No,Yes,No,No,No,No,Month-to-month,Yes,Bank transfer (automatic),41.57,170.12,1
1803-EJITH,Female,1,No,Yes,3,Yes,No,DSL,No,No,No,Yes,No,No,Month-to-month,No,Mailed check,58.04,167.76,1
9934-AXFXV,Male,1,No,Yes,19,Yes,No,DSL,No,No,Yes,Yes,No,No,Two year,No,Electronic check,56.26,1077.51,0
6719-KCOKX,Male,1,No,No,9,Yes,No,Fiber optic,No,Yes,No,No,Yes,Yes,Two year,Yes,Mailed check,108.86,979.66,1
1990-EZPUG,Male,0,Yes,Yes,68,Yes,Yes,Fiber optic,Yes,Yes,No,Yes,No,No,Two year,Yes,Electronic check,93.08,6332.31,0
7594-FIGCK,Female,0,Yes,No,19,Yes,No,DSL,Yes,No,No,Yes,No,No,One year,Yes,Credit card (automatic),78.59,1483.64,0
7177-LUYKZ,Female,1,Yes,No,4,Yes,No,No,No internet service,No internet service,No internet service,No internet service,No internet service,No internet service,Month-to-month,Yes,Mailed check,27.87,113.69,1
6171-BAXXB,Female,0,Yes,No,21,Yes,No,DSL,No,Yes,Yes,No,Yes,No,One year,Yes,Credit card (automatic),60.62,1262.6,0
4513-NMXEB,Female,0,No,No,9,Yes,No,DSL,No,Yes,No,No,No,Yes,One year,Yes,Credit card (automatic),65.26,578.15,1
6590-WWSQK,Male,0,No,No,51,Yes,No,DSL,No,No,No,Yes,Yes,No,One year,No,Electronic check,70.65,3594.92,0
7923-PTRTH,Male,0,Yes,No,68,Yes,No,DSL,No,Yes,Yes,No,No,Yes,Month-to-month,Yes,Bank transfer (automatic),60.06,4071.87,0
1219-BQKNP,Female,0,No,Yes,3,Yes,No,No,No internet service,No internet service,No internet service,No internet service,No internet service,No internet service,Two year,No,Credit card (automatic),22.45,67.67,0
5463-OOCZG,Male,0,No,Yes,4,Yes,No,Fiber optic,No,Yes,No,Yes,No,No,One year,Yes,Mailed check,84.41,325.36,1
2288-LVVWX,Male,0,Yes,No,67,Yes,No,No,No internet service,No internet service,No internet service,No internet service,No internet service,No internet service,One year,Yes,Electronic check,18.25,1239.77,0
4163-CSJHP,Male,0,No,Yes,41,Yes,Yes,Fiber optic,No,Yes,No,Yes,No,No,Month-to-month,Yes,Mailed check,90.98,3729.03,1
3618-PLWZE,Female,0,No,No,65,Yes,No,Fiber optic,Yes,No,Yes,Yes,No,Yes,Month-to-month,Yes,Electronic check,110.04,7148.17,0
4612-TFYFH,Female,0,No,No,64,Yes,Yes,No,No internet service,No internet service,No internet service,No internet service,No internet service,No internet service,Month-to-month,Yes,Credit card (automatic),21.24,1370.66,1
1043-QLVNB,Male,1,No,Yes,54,Yes,Yes,DSL,No,No,No,No,No,Yes,One year,No,Bank transfer (automatic),68.84,3732.29,0
6250-SFRDV,Female,0,Yes,No,34,Yes,No,DSL,No,Yes,No,Yes,Yes,No,Month-to-month,No,Electronic check,74.69,2501.96,1
4792-EFOFH,Female,0,No,No,11,Yes,Yes,DSL,Yes,No,Yes,No,Yes,Yes,Two year,No,Credit card (automatic),85.7,965.92,0
4571-IUVFV,Female,0,Yes,No,7,Yes,No,DSL,No,Yes,No,Yes,No,No,Month-to-month,No,Mailed check,62.92,442.24,1
9857-BPTAP,Female,1,No,No,6,Yes,No,Fiber optic,No,No,Yes,No,No,Yes,Two year,Yes,Credit card (automatic),83.65,489.94,1
2503-AAGPQ,Male,0,No,No,1,Yes,Yes,DSL,No,No,Yes,Yes,No,No,Month-to-month,No,Credit card (automatic),50.8,50.8,0
7984-PPFRV,Female,0,Yes,No,12,Yes,Yes,No,No internet service,No internet service,No internet service,No internet service,No internet service,No internet service,Month-to-month,No,Bank transfer (automatic),18.25,219.43,1
9845-VCHDW,Female,0,Yes,No,26,Yes,No,DSL,No,No,Yes,No,No,No,Month-to-month,Yes,Electronic check,49.84,1296.34,1
4439-DQVEY,Male,0,No,No,13,Yes,No,Fiber optic,No,Yes,Yes,No,No,No,Month-to-month,Yes,Bank transfer (automatic),81.06,1072.7,1
2892-NOYLM,Female,0,No,Yes,2,Yes,No,No,No internet service,No internet service,No internet service,No internet service,No internet service,No internet service,Month-to-month,Yes,Bank transfer (automatic),33.61,76.51,1
9383-XWRNX,Male,0,No,Yes,62,Yes,No,Fiber optic,No,No,No,No,No,Yes,Month-to-month,Yes,Credit card (automatic),97.83,6067.72,1
9083-SVZGF,Male,0,Yes,Yes,35,Yes,No,Fiber optic,No,No,No,Yes,Yes,No,Month-to-month,Yes,Electronic check,101.8,3563.47,1
6044-EDRYN,Female,0,No,No,6,Yes,Yes,DSL,Yes,No,Yes,No,Yes,Yes,Month-to-month,No,Bank transfer (automatic),85.62,514.97,1
2505-PWWTN,Male,0,Yes,No,2,Yes,No,Fiber optic,No,No,Yes,Yes,No,No,Month-to-month,Yes,Credit card (automatic),94.29,194.84,1
1670-EVKLR,Male,0,Yes,Yes,12,Yes,No,No,No internet service,No internet service,No internet service,No internet service,No internet service,No internet service,Month-to-month,No,Electronic check,23.25,262.58,0
8824-DMTMD,Female,0,Yes,No,64,Yes,No,Fiber optic,Yes,No,Yes,No,No,Yes,One year,No,Bank transfer (automatic),98.79,6326.65,0
6682-WWGWB,Female,0,No,Yes,19,Yes,No,Fiber optic,No,No,No,No,No,No,Month-to-month,Yes,Credit card (automatic),72.79,1358.81,1
1897-UZRUF,Female,0,No,No,63,Yes,No,DSL,Yes,Yes,No,No,No,Yes,Month-to-month,No,Mailed check,73.9,4679.67,0
5977-PCVOU,Male,0,Yes,No,17,Yes,No,DSL,No,Yes,Yes,No,No,No,Month-to-month,No,Electronic check,47.62,794.47,1
3666-TJIKN,Male,0,No,No,35,Yes,No,No,No internet service,No internet service,No internet service,No internet service,No internet service,No internet service,One year,No,Bank transfer (automatic),19.49,677.68,1
4193-XLGKQ,Male,0,No,No,10,Yes,No,Fiber optic,No,No,No,No,Yes,No,Two year,No,Electronic check,81.64,804.23,1
3890-YIVWM,Male,0,No,No,61,Yes,Yes,Fiber optic,No,Yes,Yes,No,No,No,Two year,Yes,Mailed check,75.01,4596.63,0
9177-PCEWQ,Male,0,No,No,16,Yes,No,Fiber optic,Yes,No,No,Yes,No,No,Month-to-month,Yes,Electronic check,99.76,1571.7,1
7085-AUIWQ,Male,0,No,No,44,Yes,No,No,No internet service,No internet service,No internet service,No internet service,No internet service,No internet service,One year,Yes,Mailed check,18.25,794.94,1
5794-MOUHH,Female,0,Yes,Yes,16,Yes,Yes,Fiber optic,No,No,No,No,Yes,No,Month-to-month,No,Credit card (automatic),88.41,1409.56,1
8463-BWJEP,Male,0,No,No,65,Yes,Yes,Fiber optic,No,Yes,No,No,No,No,Month-to-month,Yes,Credit card (automatic),87.01,5655.5,1
3370-YSAMD,Male,0,Yes,No,62,Yes,Yes,DSL,No,No,No,No,Yes,No,One year,No,Electronic check,61.46,3819.6,1
8464-GABPN,Female,0,No,No,37,Yes,Yes,Fiber optic,No,No,No,No,No,No,Month-to-month,Yes,Bank transfer (automatic),79.41,2928.43,1
2769-EYNQL,Male,1,No,No,30,Yes,Yes,DSL,No,No,No,No,No,Yes,Two year,Yes,Electronic check,60.71,1813.77,0
8117-TLCUU,Male,0,No,No,37,Yes,Yes,No,No internet service,No internet service,No internet service,No internet service,No internet service,No internet service,Month-to-month,No,Bank transfer (automatic),25.93,965.09,0
8016-ZBUYU,Male,0,No,No,37,Yes,No,DSL,No,No,No,No,No,No,Month-to-month,No,Bank transfer (automatic),61.6,2275.58,0
1531-OKJRW,Female,0,Yes,Yes,69,No,No phone service,DSL,No,Yes,Yes,Yes,No,Yes,Two year,Yes,Mailed check,73.37,5075.34,0
8431-VWXZU,Female,0,Yes,No,14,Yes,No,DSL,No,Yes,No,Yes,No,Yes,Month-to-month,Yes,Mailed check,68.52,960.01,0
8384-BGGXG,Female,0,No,No,8,No,No phone service,DSL,No,Yes,Yes,No,Yes,No,Month-to-month,No,Mailed check,64.74,547.65,1
6324-ZWNYX,Female,0,Yes,No,9,Yes,No,Fiber optic,No,Yes,No,No,No,Yes,One year,No,Electronic check,92.49,851.6,1
8963-BBWZO,Male,0,Yes,No,51,Yes,No,DSL,Yes,Yes,No,Yes,Yes,Yes,Two year,Yes,Mailed check,89.84,4573.42,0
9018-KJCQI,Male,1,No,No,7,No,No phone service,DSL,No,Yes,No,No,No,No,Month-to-month,Yes,Credit card (automatic),47.58,361.42,1
1731-ONSQV,Female,1,Yes,No,65,Yes,No,Fiber optic,No,No,Yes,No,Yes,No,Month-to-month,Yes,Electronic check,97.1,6318.73,1
4406-TQPTH,Male,0,Yes,No,39,Yes,No,No,No internet service,No internet service,No internet service,No internet service,No internet service,No internet service,Month-to-month,Yes,Mailed check,25.37,967.42,1
3339-GLAZL,Male,1,No,No,10,Yes,Yes,DSL,No,No,Yes,Yes,Yes,Yes,Month-to-month,No,Electronic check,82.61,830.78,1
5803-YFPRS,Male,0,No,No,65,Yes,No,DSL,No,No,No,No,Yes,No,One year,No,Bank transfer (automatic),57.12,3683.96,0
5700-WCCEC,Female,0,No,No,71,No,No phone service,Fiber optic,Yes,Yes,No,No,No,Yes,Month-to-month,No,Electronic check,96.05,6825.15,0
3565-SENUP,Male,0,No,No,9,Yes,Yes,No,No internet service,No internet service,No internet service,No internet service,No internet service,No internet service,One year,Yes,Credit card (automatic),23.48,211.05,1
7210-YAQKI,Female,1,Yes,Yes,5,Yes,No,DSL,No,No,No,Yes,No,No,One year,No,Mailed check,54.27,261.32,1
7285-UDBIV,Male,1,No,Yes,3,No,No phone service,Fiber optic,Yes,No,No,Yes,Yes,Yes,Two year,No,Bank transfer (automatic),118.75,354.33,0
6409-YEDWE,Male,0,No,No,27,Yes,Yes,No,No internet service,No internet service,No internet service,No internet service,No internet service,No internet service,One year,No,Bank transfer (automatic),36.79,999.73,0
6634-XXRME,Female,0,Yes,No,42,Yes,Yes,Fiber optic,No,No,No,No,No,No,Two year,No,Electronic check,78.27,3292.69,1
5416-ZXSWC,Female,1,No,No,1,No,No phone service,No,No internet service,No internet service,No internet service,No internet service,No internet service,No internet service,One year,Yes,Mailed check,30.28,30.28,0
9600-VRFFX,Male,0,Yes,No,62,Yes,No,Fiber optic,No,No,Yes,Yes,No,No,Month-to-month,Yes,Credit card (automatic),92.32,5734.75,1
9261-EAHYA,Female,0,No,Yes,4,Yes,Yes,Fiber optic,No,Yes,No,Yes,No,No,Two year,Yes,Mailed check,89.51,358.43,1
2255-UFTNK,Female,0,No,No,67,Yes,Yes,Fiber optic,Yes,No,Yes,Yes,Yes,No,Month-to-month,No,Mailed check,101.86,6838.44,0
3104-BUDMG,Male,0,Yes,No,39,Yes,No,DSL,Yes,No,Yes,No,Yes,Yes,Month-to-month,No,Bank transfer (automatic),83.83,3270.76,1
8604-FCINT,Female,0,No,No,6,Yes,Yes,Fiber optic,Yes,Yes,No,No,Yes,Yes,One year,Yes,Bank transfer (automatic),110.11,686.06,1
6013-KENSH,Female,0,Yes,No,11,Yes,Yes,DSL,No,Yes,No,No,No,Yes,Month-to-month,Yes,Electronic check,53.88,571.7,1
9222-GGXWC,Female,0,No,No,5,Yes,Yes,Fiber optic,No,No,No,Yes,No,No,Month-to-month,No,Bank transfer (automatic),90.78,456.15,1
6507-CRMAE,Female,1,Yes,No,54,Yes,No,No,No internet service,No internet service,No internet service,No internet service,No internet service,No internet service,Month-to-month,No,Credit card (automatic),18.25,998.1,1
5701-DPORQ,Female,0,No,No,38,Yes,Yes,DSL,No,No,No,No,No,Yes,Month-to-month,No,Electronic check,58.79,2236.72,1
4484-NNSFM,Female,0,No,No,54,Yes,No,DSL,No,Yes,Yes,No,No,Yes,Two year,No,Bank transfer (automatic),62.98,3408.55,0
9538-RZOWG,Male,0,No,No,5,Yes,Yes,Fiber optic,Yes,No,No,No,No,No,One year,Yes,Electronic check,91.93,452.24,1
4816-SQIKE,Female,1,No,Yes,6,Yes,Yes,Fiber optic,Yes,Yes,Yes,Yes,Yes,Yes,One year,No,Electronic check,118.75,711.54,1
5614-BOXLJ,Female,0,Yes,No,9,Yes,Yes,DSL,No,No,No,Yes,Yes,No,Month-to-month,No,Electronic check,75.4,660.34,1
9886-JTKJG,Male,0,No,No,69,Yes,No,No,No internet service,No internet service,No internet service,No internet service,No internet service,No internet service,Month-to-month,Yes,Bank transfer (automatic),21.93,1515.1,0
7301-NMESJ,Female,0,Yes,Yes,7,Yes,No,No,No internet service,No internet service,No internet service,No internet service,No internet service,No internet service,One year,No,Bank transfer (automatic),26.41,176.43,0
9448-HRAEK,Female,0,Yes,No,47,Yes,Yes,No,No internet service,No internet service,No internet service,No internet service,No internet service,No internet service,Month-to-month,Yes,Electronic check,28.35,1330.77,0
2621-TKPJO,Male,0,No,No,68,Yes,Yes,DSL,Yes,Yes,No,No,No,No,Month-to-month,Yes,Electronic check,43.49,2961.0,1
9478-GOYPF,Male,0,No,No,53,Yes,No,DSL,Yes,Yes,No,Yes,Yes,Yes,Month-to-month,Yes,Credit card (automatic),91.99,4873.96,0
7683-KQOPX,Female,0,No,Yes,2,Yes,No,Fiber optic,No,Yes,No,No,Yes,No,One year,Yes,Bank transfer (automatic),93.98,203.48,1
6027-BDSFR,Female,0,Yes,Yes,6,Yes,Yes,DSL,No,No,Yes,Yes,Yes,Yes,One year,No,Mailed check,97.91,570.5,0
8809-UKICB,Male,0,No,Yes,34,Yes,No,DSL,Yes,No,Yes,No,No,Yes,Month-to-month,No,Electronic check,78.0,2657.45,1
2096-ROYVR,Female,0,Yes,No,4,Yes,Yes,Fiber optic,Yes,Yes,No,No,No,No,Two year,No,Credit card (automatic),82.93,344.36,1
6130-SOQRR,Female,0,Yes,Yes,18,Yes,No,Fiber optic,No,No,No,No,No,No,One year,Yes,Mailed check,88.33,1579.9,1
9526-KRWCM,Male,0,No,No,70,Yes,No,Fiber optic,No,No,Yes,Yes,No,No,Month-to-month,Yes,Credit card (automatic),87.81,6175.64,1
3463-NDREN,Male,0,Yes,No,9,No,No phone service,DSL,Yes,No,Yes,Yes,Yes,No,Month-to-month,No,Electronic check,82.07,736.83,1
6756-YLYGL,Male,1,Yes,Yes,2,Yes,No,Fiber optic,Yes,Yes,No,No,Yes,No,Two year,Yes,Credit card (automatic),92.8,176.69,0
2788-HUUCV,Female,0,Yes,No,50,Yes,No,Fiber optic,No,No,Yes,No,No,No,Month-to-month,Yes,Mailed check,76.39,3842.69,0
8100-ACKRG,Male,0,Yes,Yes,4,Yes,No,DSL,Yes,Yes,No,Yes,Yes,No,Month-to-month,Yes,Credit card (automatic),75.58,305.08,1
9692-IDWXJ,Female,0,Yes,No,26,Yes,No,Fiber optic,No,No,No,No,No,Yes,One year,Yes,Electronic check,91.51,2362.19,1
9677-RWPLS,Male,0,No,No,45,Yes,No,Fiber optic,No,No,No,No,No,Yes,One year,Yes,Credit card (automatic),104.3,4716.44,1
1192-XVCHS,Male,0,No,Yes,57,Yes,No,DSL,No,No,Yes,Yes,No,Yes,One year,Yes,Electronic check,72.55,4164.5,0
1820-ISQMB,Female,0,No,No,4,Yes,No,Fiber optic,No,Yes,Yes,No,Yes,No,Month-to-month,No,Electronic check,85.32,351.75,1
5601-DKBDD,Male,0,Yes,Yes,70,Yes,Yes,Fiber optic,No,Yes,No,No,No,No,Month-to-month,Yes,Mailed check,68.67,4784.97,1
7791-TAYZK,Female,0,No,No,38,Yes,Yes,No,No internet service,No internet service,No internet service,No internet service,No internet service,No internet service,Month-to-month,No,Bank transfer (automatic),18.25,703.39,1
6672-WBSHW,Female,0,No,No,35,Yes,Yes,Fiber optic,No,No,No,No,No,No,Month-to-month,No,Mailed check,77.89,2731.73,1
5166-TDYPO,Female,0,Yes,Yes,46,Yes,Yes,Fiber optic,Yes,No,Yes,Yes,No,No,Two year,Yes,Bank transfer (automatic),98.94,4542.3,0
3687-EEOWQ,Female,0,No,No,54,Yes,No,DSL,Yes,Yes,No,No,No,Yes,Two year,No,Credit card (automatic),68.84,3726.61,0
8018-CRKZF,Female,0,No,Yes,12,Yes,Yes,No,No internet service,No internet service,No internet service,No internet service,No internet service,No internet service,Month-to-month,No,Credit card (automatic),24.59,275.19,1
5712-LVZQN,Male,0,No,No,70,Yes,Yes,No,No internet service,No internet service,No internet service,No internet service,No internet service,No internet service,Month-to-month,Yes,Credit card (automatic),26.63,1843.93,0
5812-FJPRT,Male,0,No,No,6,Yes,Yes,Fiber optic,No,No,No,No,No,Yes,Month-to-month,No,Credit card (automatic),87.48,537.09,1
7422-FSCLP,Female,0,No,Yes,29,Yes,No,No,No internet service,No internet service,No internet service,No internet service,No internet service,No internet service,Month-to-month,No,Electronic check,18.25,523.83,1
3607-CPDYT,Female,0,No,Yes,2,Yes,No,Fiber optic,Yes,No,No,No,No,No,One year,No,Bank transfer (automatic),90.39,207.58,1
6991-MDDGU,Female,1,Yes,Yes,4,Yes,No,No,No internet service,No internet service,No internet service,No internet service,No internet service,No internet service,Month-to-month,Yes,Bank transfer (automatic),20.39,79.55,1
1238-LBPGS,Female,0,Yes,Yes,54,Yes,No,DSL,No,Yes,No,No,Yes,No,Month-to-month,No,Electronic check,58.6,3177.95,1
5015-KAIEZ,Male,0,Yes,No,68,Yes,Yes,DSL,No,No,No,Yes,Yes,Yes,Two year,Yes,Mailed check,86.57,5888.95,0
9327-QAQLY,Male,1,No,No,17,Yes,No,Fiber optic,No,No,No,No,No,Yes,One year,Yes,Bank transfer (automatic),96.38,1633.07,1
3977-MXKMM,Male,0,No,Yes,60,Yes,Yes,DSL,No,Yes,No,No,No,Yes,Month-to-month,No,Electronic check,61.93,3724.62,0
8780-FZVFT,Male,0,Yes,No,18,Yes,Yes,No,No internet service,No internet service,No internet service,No internet service,No internet service,No internet service,Month-to-month,No,Bank transfer (automatic),18.25,321.75,1
6269-UJSCZ,Male,0,No,No,9,Yes,No,No,No internet service,No internet service,No internet service,No internet service,No internet service,No internet service,One year,No,Electronic check,24.69,222.27,0
1945-GEHEL,Male,0,Yes,Yes,12,Yes,Yes,Fiber optic,Yes,No,Yes,No,No,No,Month-to-month,Yes,Bank transfer (automatic),95.93,1161.38,1
6169-DSRCG,Female,1,No,Yes,58,Yes,No,DSL,No,No,No,No,No,No,Month-to-month,Yes,Electronic check,40.69,2351.19,0
7174-HOUQS,Male,0,No,Yes,26,Yes,Yes,Fiber optic,No,No,No,Yes,Yes,No,One year,Yes,Bank transfer (automatic),100.2,2595.28,1
7866-DPZML,Male,0,No,No,10,Yes,Yes,DSL,Yes,No,No,Yes,Yes,No,Two year,No,Bank transfer (automatic),79.5,808.09,0
5664-DLQZI,Female,0,Yes,No,50,No,No phone service,No,No internet service,No internet service,No internet service,No internet service,No internet service,No internet service,Month-to-month,Yes,Bank transfer (automatic),30.05,1527.8,0
4552-LZOTB,Female,1,Yes,No,43,No,No phone service,Fiber optic,No,Yes,No,No,Yes,No,Month-to-month,Yes,Electronic check,92.56,3980.95,1
9060-INDDF,Female,0,Yes,No,24,Yes,Yes,DSL,No,No,No,No,No,Yes,Two year,No,Bank transfer (automatic),67.86,1646.71,0
4360-XEXQM,Female,0,No,No,5,Yes,No,Fiber optic,No,No,Yes,No,Yes,No,Month-to-month,No,Mailed check,96.6,471.71,1
8209-TQSWA,Female,1,Yes,No,12,Yes,Yes,DSL,No,Yes,Yes,No,No,Yes,Month-to-month,Yes,Mailed check,60.17,730.12,1
3410-UQVYC,Male,0,No,No,45,Yes,No,DSL,No,No,No,No,No,No,One year,No,Bank transfer (automatic),52.56,2374.97,1
8034-NLOFT,Female,0,No,No,2,Yes,No,DSL,Yes,No,No,No,No,Yes,Month-to-month,No,Mailed check,73.13,138.52,1
4982-VBDMM,Female,1,Yes,Yes,63,Yes,No,No,No internet service,No internet service,No internet service,No internet service,No internet service,No internet service,Month-to-month,No,Credit card (automatic),18.25,1142.73,0
1146-WVYWQ,Female,0,Yes,No,28,Yes,Yes,Fiber optic,No,Yes,No,Yes,No,No,Month-to-month,Yes,Electronic check,91.67,2558.29,1
8199-FKSPH,Male,0,No,No,6,No,No phone service,DSL,No,Yes,No,No,Yes,Yes,Month-to-month,Yes,Bank transfer (automatic),73.28,444.16,1
3294-AJBSN,Female,0,Yes,No,69,Yes,No,DSL,No,No,No,No,Yes,No,One year,Yes,Electronic check,49.05,3433.82,0
8203-CWXIW,Female,0,Yes,Yes,22,Yes,No,Fiber optic,No,No,No,Yes,Yes,Yes,One year,No,Credit card (automatic),114.95,2512.53,1
4611-HKOFB,Male,0,No,No,40,Yes,Yes,Fiber optic,No,No,No,No,No,Yes,Month-to-month,No,Mailed check,89.4,3579.95,1
2736-ACYWR,Female,0,No,No,4,Yes,No,DSL,No,No,No,No,No,No,Month-to-month,Yes,Bank transfer (automatic),59.71,228.93,1
7156-NQBSV,Male,0,No,Yes,54,Yes,Yes,Fiber optic,No,No,No,No,No,Yes,Month-to-month,Yes,Electronic check,82.11,4433.02,1
1114-IHJIH,Male,0,Yes,Yes,10,Yes,Yes,DSL,No,No,Yes,No,Yes,No,Month-to-month,Yes,Credit card (automatic),61.36,604.58,1
8740-GVXFB,Female,0,No,No,5,Yes,Yes,No,No internet service,No internet service,No internet service,No internet service,No internet service,No internet service,One year,No,Credit card (automatic),24.45,116.29,0
6049-IISIB,Male,0,No,No,23,Yes,Yes,DSL,Yes,Yes,No,No,Yes,Yes,One year,No,Mailed check,81.46,1884.19,1
1498-SPVNT,Female,1,Yes,Yes,8,Yes,No,No,No internet service,No internet service,No internet service,No internet service,No internet service,No internet service,One year,No,Credit card (automatic),19.83,150.72,0
1720-XAMVB,Female,0,No,Yes,7,No,No phone service,Fiber optic,No,No,No,No,No,No,Month-to-month,No,Bank transfer (automatic),73.21,527.82,1
7460-VNAOR,Female,1,No,No,8,Yes,No,No,No internet service,No internet service,No internet service,No internet service,No internet service,No internet service,Two year,Yes,Electronic check,22.68,178.47,0
4089-IVHGI,Male,0,Yes,Yes,10,Yes,Yes,Fiber optic,No,No,No,No,No,No,One year,Yes,Credit card (automatic),85.47,833.71,1
6813-IKDGU,Male,0,Yes,Yes,11,Yes,No,No,No internet service,No internet service,No internet service,No internet service,No internet service,No internet service,Month-to-month,No,Bank transfer (automatic),26.3,294.72,0
8472-GDLZQ,Male,0,No,No,10,Yes,No,DSL,No,No,Yes,No,Yes,No,Month-to-month,No,Credit card (automatic),61.58,628.93,1
1596-TZCIE,Male,1,Yes,Yes,6,No,No phone service,DSL,No,No,Yes,Yes,No,Yes,Two year,No,Mailed check,78.68,467.15,0
9148-TPHUP,Male,0,No,No,22,Yes,Yes,Fiber optic,No,No,No,Yes,No,No,Month-to-month,No,Mailed check,88.01,1927.1,1
9103-SPROX,Female,0,No,No,56,No,No phone service,DSL,Yes,No,No,No,No,No,One year,Yes,Electronic check,58.2,3248.93,0
2647-RNXPE,Female,0,No,Yes,71,Yes,Yes,No,No internet service,No internet service,No internet service,No internet service,No internet service,No internet service,Month-to-month,No,Electronic check,29.51,2101.83,0
6572-HPUAK,Female,0,Yes,Yes,38,Yes,Yes,Fiber optic,No,Yes,Yes,No,No,No,Month-to-month,Yes,Electronic check,84.7,3202.68,1
3700-KBVSX,Male,1,No,Yes,4,Yes,No,No,No internet service,No internet service,No internet service,No internet service,No internet service,No internet service,Two year,No,Bank transfer (automatic),27.7,102.93,1
6960-ECZWH,Male,0,Yes,No,9,Yes,No,Fiber optic,No,No,No,No,No,No,Month-to-month,Yes,Mailed check,85.47,770.87,1
2700-DMYVN,Male,0,Yes,No,66,Yes,Yes,No,No internet service,No internet service,No internet service,No internet service,No internet service,No internet service,One year,Yes,Bank transfer (automatic),18.79,1257.22,1
8882-AEUGW,Female,1,No,No,6,Yes,No,Fiber optic,No,No,No,No,No,Yes,Month-to-month,No,Bank transfer (automatic),93.67,581.71,1
6807-FOOHB,Female,1,No,No,17,Yes,No,DSL,No,No,Yes,Yes,No,No,Month-to-month,Yes,Mailed check,57.7,976.24,1
5771-NPWJO,Male,0,Yes,Yes,63,Yes,No,DSL,Yes,No,No,No,Yes,No,Two year,No,Bank transfer (automatic),66.2,4166.62,0
3942-WDLJB,Female,0,Yes,No,5,Yes,No,Fiber optic,Yes,Yes,Yes,No,No,No,Month-to-month,Yes,Mailed check,89.08,455.58,1
9560-DTFNW,Male,0,Yes,No,69,Yes,Yes,No,No internet service,No internet service,No internet service,No internet service,No internet service,No internet service,Month-to-month,No,Bank transfer (automatic),19.6,1364.87,1
1086-COZAS,Female,0,No,No,6,Yes,Yes,DSL,Yes,No,No,No,No,No,One year,Yes,Electronic check,60.63,379.86,1
3308-YAMHR,Male,0,No,Yes,66,Yes,No,Fiber optic,No,Yes,No,No,Yes,No,One year,Yes,Bank transfer (automatic),93.64,6167.84,0
3677-VCWRT,Male,0,Yes,Yes,39,Yes,No,Fiber optic,No,Yes,Yes,No,No,Yes,Month-to-month,Yes,Electronic check,92.93,3649.96,1
9676-ZIFTB,Female,1,Yes,No,3,Yes,No,No,No internet service,No internet service,No internet service,No internet service,No internet service,No internet service,One year,Yes,Credit card (automatic),23.94,64.04,0
7213-ZYDYR,Female,0,Yes,No,70,Yes,Yes,No,No internet service,No internet service,No internet service,No internet service,No internet service,No internet service,Two year,No,Mailed check,20.41,1415.13,0
3594-GKEHK,Male,0,No,No,22,Yes,No,DSL,No,No,No,Yes,No,Yes,Two year,No,Electronic check,70.26,1562.8,1
6924-XTTOX,Female,0,Yes,Yes,62,Yes,No,Fiber optic,Yes,No,No,No,Yes,Yes,Month-to-month,No,Mailed check,106.13,6568.89,1
2029-CGXHK,Female,0,Yes,No,2,No,No phone service,Fiber optic,No,Yes,No,No,Yes,No,Month-to-month,Yes,Credit card (automatic),84.93,151.73,1
1136-JTIOZ,Female,0,No,No,63,Yes,No,Fiber optic,No,No,Yes,No,No,Yes,Month-to-month,Yes,Bank transfer (automatic),88.74,5587.47,1
6499-TXVEO,Male,0,No,No,71,Yes,No,DSL,No,No,No,No,No,No,Month-to-month,Yes,Electronic check,51.98,3688.16,1
5949-DEOQW,Female,0,No,No,40,Yes,No,No,No internet service,No internet service,No internet service,No internet service,No internet service,No internet service,Month-to-month,Yes,Electronic check,23.11,921.8,1
8722-HYSIJ,Female,0,No,No,66,Yes,Yes,DSL,No,Yes,No,No,No,No,Month-to-month,No,Mailed check,50.52,3328.97,1
5409-EJVAY,Female,0,No,No,43,Yes,Yes,Fiber optic,No,No,No,No,Yes,Yes,Two year,Yes,Electronic check,95.85,4104.59,0
2200-YVXDU,Female,0,No,No,5,Yes,No,DSL,No,No,No,No,No,No,Month-to-month,Yes,Bank transfer (automatic),45.21,228.75,1
9561-EWGWE,Male,0,Yes,No,31,Yes,Yes,Fiber optic,Yes,Yes,Yes,No,No,Yes,Month-to-month,Yes,Credit card (automatic),105.92,3291.89,1
6310-THQAV,Male,0,No,No,60,Yes,No,No,No internet service,No internet service,No internet service,No internet service,No internet service,No internet service,Month-to-month,Yes,Credit card (automatic),18.25,1109.98,0
1566-RLCTN,Male,0,Yes,No,1,Yes,Yes,DSL,No,No,No,No,No,No,One year,Yes,Credit card (automatic),51.42,51.42,1
7237-PRJWO,Female,0,Yes,No,67,Yes,No,No,No internet service,No internet service,No internet service,No internet service,No internet service,No internet service,Month-to-month,No,Electronic check,18.25,1209.13,1
4927-JASBM,Male,0,No,No,70,Yes,No,Fiber optic,No,No,No,No,Yes,No,Month-to-month,Yes,Credit card (automatic),95.36,6674.27,1
5877-YPHCU,Female,0,No,No,12,Yes,No,DSL,No,Yes,Yes,No,Yes,No,Month-to-month,Yes,Electronic check,53.98,630.77,1
9334-SNKLK,Male,0,Yes,No,61,Yes,No,DSL,Yes,No,Yes,No,Yes,No,Month-to-month,No,Bank transfer (automatic),73.74,4499.07,0
6866-KVURJ,Male,0,No,Yes,56,Yes,Yes,Fiber optic,No,No,Yes,Yes,No,Yes,One year,Yes,Credit card (automatic),104.73,5859.2,1
6292-PHFSM,Female,0,Yes,Yes,10,Yes,Yes,DSL,No,Yes,No,No,No,Yes,One year,Yes,Bank transfer (automatic),69.43,693.98,1
9914-OMAUB,Female,0,Yes,Yes,2,Yes,No,No,No internet service,No internet service,No internet service,No internet service,No internet service,No internet service,Month-to-month,No,Credit card (automatic),18.25,18.25,1
8501-MBYKM,Female,0,No,No,30,Yes,No,DSL,No,Yes,No,No,No,No,Month-to-month,Yes,Mailed check,51.41,1505.82,1
3330-JWVOA,Male,0,No,Yes,20,Yes,Yes,Fiber optic,Yes,No,Yes,No,No,No,Month-to-month,No,Electronic check,91.67,1828.22,1
4515-NJRKG,Female,0,No,No,65,Yes,No,Fiber optic,No,Yes,No,No,Yes,No,Month-to-month,Yes,Electronic check,84.04,5447.03,1
3187-OCBVH,Female,0,No,No,27,Yes,No,DSL,No,Yes,No,Yes,No,Yes,Two year,Yes,Electronic check,69.74,1891.07,0
1195-HKPBV,Female,0,Yes,No,42,No,No phone service,No,No internet service,No internet service,No internet service,No internet service,No internet service,No internet service,Month-to-month,Yes,Credit card (automatic),18.25,785.33,0
8831-EGTMB,Male,0,Yes,No,68,Yes,No,DSL,No,No,No,No,No,Yes,Month-to-month,Yes,Mailed check,65.15,4470.7,0
1802-ZCIJX,Female,1,No,No,67,No,No phone service,No,No internet service,No internet service,No internet service,No internet service,No internet service,No internet service,Two year,No,Mailed check,28.73,1950.12,0
6125-MYUME,Male,0,No,No,63,Yes,Yes,DSL,No,No,No,No,No,No,Month-to-month,No,Electronic check,48.34,3074.46,1
7340-WGQOE,Male,0,No,No,42,Yes,Yes,DSL,Yes,Yes,No,No,No,Yes,One year,No,Electronic check,80.11,3363.87,1
3068-XGBXR,Female,1,Yes,No,5,Yes,No,No,No internet service,No internet service,No internet service,No internet service,No internet service,No internet service,Two year,No,Credit card (automatic),23.21,106.0,0
7624-JANSP,Female,0,No,No,51,Yes,No,Fiber optic,No,No,No,Yes,Yes,Yes,Two year,Yes,Bank transfer (automatic),114.11,5817.56,0
8556-SFLCG,Female,0,Yes,No,67,Yes,No,Fiber optic,No,Yes,No,No,No,No,Two year,Yes,Electronic check,89.94,6011.5,1
1644-XCYQO,Female,0,Yes,Yes,27,Yes,No,DSL,No,Yes,No,Yes,No,Yes,Two year,Yes,Credit card (automatic),79.37,2142.14,0
9432-SSWKU,Male,0,No,No,3,Yes,Yes,DSL,No,Yes,Yes,No,Yes,Yes,One year,No,Electronic check,70.82,199.92,1
7816-TBGSG,Female,0,No,No,31,Yes,Yes,Fiber optic,No,No,No,No,No,No,Month-to-month,No,Electronic check,72.59,2256.84,1
1120-JLWRW,Female,0,No,No,10,Yes,Yes,Fiber optic,No,No,No,No,No,Yes,Month-to-month,Yes,Electronic check,95.95,971.73,1
3981-FZTUH,Male,0,Yes,No,5,Yes,No,DSL,Yes,Yes,No,No,No,Yes,Month-to-month,Yes,Bank transfer (automatic),78.53,404.88,1
4074-ECBVF,Male,0,Yes,Yes,7,No,No phone service,DSL,No,No,Yes,No,No,Yes,Two year,No,Bank transfer (automatic),62.4,429.88,0
9884-GHDLX,Female,0,No,No,18,Yes,No,No,No internet service,No internet service,No internet service,No internet service,No internet service,No internet service,Month-to-month,Yes,Credit card (automatic),18.25,324.53,0
4278-LQVVS,Female,0,Yes,No,36,Yes,No,No,No internet service,No internet service,No internet service,No internet service,No internet service,No internet service,Month-to-month,Yes,Credit card (automatic),21.3,777.61,0
3135-ILUQW,Female,1,No,Yes,51,Yes,Yes,DSL,Yes,No,No,No,Yes,No,One year,Yes,Mailed check,75.06,3802.13,0
5989-JSZZK,Female,0,Yes,Yes,7,Yes,No,No,No internet service,No internet service,No internet service,No internet service,No internet service,No internet service,Month-to-month,Yes,Bank transfer (automatic),18.25,114.95,1
1134-TVXMD,Female,0,Yes,No,20,Yes,Yes,DSL,No,Yes,No,No,Yes,Yes,One year,Yes,Credit card (automatic),72.88,1462.56,0
7215-OLYXZ,Male,0,Yes,No,4,Yes,No,No,No internet service,No internet service,No internet service,No internet service,No internet service,No internet service,One year,No,Electronic check,18.25,72.73,0
9672-JVGXB,Male,0,No,No,6,Yes,No,DSL,No,No,No,Yes,Yes,No,Month-to-month,No,Electronic check,70.76,426.8,1
3559-UGHUS,Male,0,No,Yes,2,No,No phone service,Fiber optic,Yes,Yes,No,No,Yes,No,Month-to-month,No,Credit card (automatic),100.0,177.31,1
1062-FUHYY,Female,0,No,Yes,7,Yes,Yes,Fiber optic,No,Yes,Yes,Yes,No,No,Month-to-month,Yes,Credit card (automatic),77.81,533.08,1
2358-VTDYT,Female,0,No,No,51,Yes,No,DSL,Yes,No,Yes,Yes,Yes,No,Month-to-month,Yes,Bank transfer (automatic),80.7,4111.16,0
5684-XIEFS,Female,1,Yes,No,9,Yes,Yes,Fiber optic,Yes,No,Yes,No,Yes,Yes,Month-to-month,Yes,Electronic check,118.08,1073.99,1
3467-LEERZ,Female,0,Yes,No,4,Yes,No,DSL,No,No,No,No,Yes,No,Month-to-month,No,Electronic check,52.1,195.24,1
1679-FIKWN,Male,0,Yes,Yes,4,Yes,Yes,DSL,Yes,No,No,Yes,No,No,One year,Yes,Bank transfer (automatic),73.13,307.11,0
6470-XBNYS,Male,0,No,No,9,Yes,No,Fiber optic,No,Yes,No,No,Yes,No,Two year,No,Mailed check,99.86,894.02,1
1741-JEWDG,Female,0,No,No,61,Yes,No,No,No internet service,No internet service,No internet service,No internet service,No internet service,No internet service,Month-to-month,No,Mailed check,18.25,1089.94,0
9049-XMJJD,Female,0,No,No,40,Yes,Yes,No,No internet service,No internet service,No internet service,No internet service,No internet service,No internet service,Month-to-month,Yes,Electronic check,18.51,718.83,0
4641-POUKS,Female,0,No,No,61,Yes,No,No,No internet service,No internet service,No internet service,No internet service,No internet service,No internet service,Month-to-month,No,Mailed check,18.25,1103.09,0
7706-UXCOP,Male,0,Yes,No,12,Yes,No,No,No internet service,No internet service,No internet service,No internet service,No internet service,No internet service,Two year,Yes,Electronic check,18.25,222.03,0
7531-NEZQR,Male,0,Yes,Yes,3,Yes,No,Fiber optic,No,Yes,Yes,No,Yes,No,Month-to-month,No,Electronic check,103.17,319.18,1
4258-SAYIU,Female,0,No,No,49,No,No phone service,Fiber optic,Yes,No,No,No,No,Yes,Month-to-month,Yes,Mailed check,104.93,5158.58,1
2873-NTUTU,Female,0,Yes,Yes,16,Yes,No,No,No internet service,No internet service,No internet service,No internet service,No internet service,No internet service,Month-to-month,Yes,Mailed check,30.0,485.84,1
3596-WKXBT,Male,0,Yes,No,4,Yes,No,DSL,No,Yes,No,No,Yes,Yes,One year,Yes,Credit card (automatic),78.89,321.86,0
2717-XWYEV,Female,0,Yes,No,71,Yes,No,No,No internet service,No internet service,No internet service,No internet service,No internet service,No internet service,One year,No,Credit card (automatic),23.41,1646.22,0
9108-XOLNK,Male,1,No,No,55,Yes,Yes,Fiber optic,Yes,No,No,No,No,No,Two year,Yes,Electronic check,99.83,5484.75,1
3843-UITHL,Female,1,Yes,No,5,Yes,Yes,Fiber optic,No,No,No,Yes,No,No,Two year,Yes,Electronic check,82.78,423.73,1
5027-CUOHZ,Male,1,Yes,Yes,3,Yes,No,DSL,No,Yes,Yes,No,Yes,Yes,Month-to-month,Yes,Bank transfer (automatic),76.36,215.76,1
8356-GQLTR,Female,0,Yes,Yes,19,Yes,No,DSL,No,No,No,No,No,No,Two year,Yes,Bank transfer (automatic),45.67,840.05,1
9003-ROWCS,Male,0,Yes,Yes,4,Yes,No,Fiber optic,No,No,Yes,No,No,Yes,Two year,No,Electronic check,97.15,397.56,0
7539-OPVVQ,Male,1,Yes,No,10,Yes,No,Fiber optic,No,No,Yes,No,No,Yes,Month-to-month,No,Electronic check,97.61,978.8,1
1489-AKFWI,Female,1,Yes,No,64,Yes,No,DSL,No,Yes,Yes,Yes,No,No,Month-to-month,Yes,Mailed check,60.93,3917.49,0
1493-TPZFL,Male,0,Yes,Yes,2,Yes,Yes,DSL,No,No,No,No,Yes,No,Month-to-month,Yes,Mailed check,63.23,118.27,1
1690-SMMDI,Female,0,No,Yes,17,Yes,No,Fiber optic,No,No,No,No,No,No,Two year,Yes,Bank transfer (automatic),86.43,1460.85,1
4821-NNQEW,Male,0,Yes,No,62,Yes,No,Fiber optic,Yes,Yes,No,No,No,No,Two year,No,Bank transfer (automatic),89.59,5542.86,0
1602-SBMKB,Female,1,Yes,Yes,71,Yes,Yes,Fiber optic,No,Yes,No,No,No,No,Two year,Yes,Mailed check,73.62,5221.92,0
2911-AUCLG,Female,0,Yes,No,12,Yes,No,DSL,Yes,Yes,Yes,No,No,No,Month-to-month,Yes,Bank transfer (automatic),67.14,843.77,0
7749-AIRXZ,Male,1,No,No,11,Yes,Yes,Fiber optic,Yes,No,No,No,No,No,One year,No,Electronic check,79.72,872.97,1
5961-TFIWH,Female,0,No,No,65,No,No phone service,DSL,No,Yes,No,No,Yes,Yes,One year,Yes,Bank transfer (automatic),71.59,4664.81,0
7952-WRYOA,Female,0,No,Yes,4,Yes,No,DSL,No,Yes,No,No,Yes,No,Month-to-month,Yes,Bank transfer (automatic),61.53,249.88,1
5640-NRSSJ,Female,0,No,No,52,Yes,No,Fiber optic,Yes,No,No,No,No,No,Two year,Yes,Electronic check,93.53,4853.92,0
4757-TUFQN,Female,0,Yes,No,62,Yes,Yes,Fiber optic,Yes,No,No,No,Yes,No,Two year,Yes,Mailed check,105.28,6522.37,0
3366-MHVJI,Male,0,No,Yes,21,Yes,No,Fiber optic,No,No,No,No,No,No,Month-to-month,Yes,Mailed check,88.36,1845.47,1
5370-EWDFF,Male,0,No,No,34,Yes,Yes,Fiber optic,Yes,No,Yes,Yes,Yes,Yes,Month-to-month,No,Electronic check,118.75,4020.17,1
6609-MDVHE,Female,0,No,Yes,57,Yes,Yes,Fiber optic,No,No,Yes,No,No,Yes,One year,No,Electronic check,86.08,4893.79,1
6647-BIKTT,Male,0,Yes,No,9,Yes,Yes,DSL,No,No,No,No,No,No,Month-to-month,Yes,Credit card (automatic),53.21,483.13,1
2361-KGZNZ,Female,0,Yes,No,10,Yes,Yes,DSL,No,No,Yes,No,No,No,Month-to-month,Yes,Electronic check,54.29,547.4,1
9318-FDFCW,Female,0,No,No,11,Yes,No,DSL,No,Yes,No,No,No,Yes,Month-to-month,No,Mailed check,69.5,747.5,1
2526-FCAZU,Female,0,No,No,72,Yes,No,No,No internet service,No internet service,No internet service,No internet service,No internet service,No internet service,Two year,No,Electronic check,21.35,1564.64,0
7839-ZRWWD,Male,0,Yes,Yes,16,Yes,Yes,DSL,No,No,No,No,No,No,Month-to-month,Yes,Credit card (automatic),52.03,843.01,1
5898-FQRFB,Female,1,No,No,28,Yes,No,No,No internet service,No internet service,No internet service,No internet service,No internet service,No internet service,One year,Yes,Electronic check,30.35,825.32,1
6786-LLDPT,Female,0,Yes,No,51,Yes,No,No,No internet service,No internet service,No internet service,No internet service,No internet service,No internet service,One year,No,Bank transfer (automatic),29.68,1524.37,0
2551-JYJGN,Male,0,No,No,2,Yes,Yes,Fiber optic,No,Yes,No,No,Yes,No,Month-to-month,Yes,Electronic check,89.01,198.49,1
6129-GLKQK,Female,0,No,No,72,Yes,No,Fiber optic,No,Yes,No,No,No,No,Month-to-month,Yes,Mailed check,76.13,5495.45,1
9716-UCSVD,Male,0,No,No,3,Yes,No,Fiber optic,No,No,No,Yes,No,Yes,Two year,No,Mailed check,94.57,262.57,1
2337-HNTXN,Male,1,Yes,Yes,2,Yes,No,DSL,No,No,No,No,Yes,No,Month-to-month,Yes,Mailed check,62.02,129.79,1
4901-POLPT,Male,0,No,Yes,59,Yes,No,DSL,No,No,Yes,No,Yes,No,Two year,No,Mailed check,59.27,3477.3,0
4010-SELEJ,Female,0,Yes,No,68,Yes,Yes,Fiber optic,No,Yes,No,Yes,No,No,Two year,No,Bank transfer (automatic),83.16,5616.52,1
8686-ZQOHH,Female,0,No,No,12,Yes,No,No,No internet service,No internet service,No internet service,No internet service,No internet service,No internet service,Month-to-month,Yes,Mailed check,27.1,320.63,1
3250-HJTMP,Female,0,No,No,4,Yes,Yes,Fiber optic,No,No,No,Yes,No,No,Month-to-month,Yes,Electronic check,95.71,356.7,1
3346-IPJCW,Female,0,No,No,33,Yes,No,Fiber optic,No,No,No,No,No,No,Month-to-month,Yes,Electronic check,70.98,2307.83,1
9345-VYNMD,Female,1,No,No,9,Yes,No,No,No internet service,No internet service,No internet service,No internet service,No internet service,No internet service,Month-to-month,No,Electronic check,19.17,178.86,1
3784-DFXSK,Female,0,No,No,8,Yes,Yes,Fiber optic,Yes,No,No,No,Yes,No,Two year,No,Electronic check,100.44,789.12,0
6379-HNHNW,Female,0,No,No,52,Yes,No,Fiber optic,No,Yes,No,No,Yes,Yes,Month-to-month,Yes,Mailed check,105.01,5457.02,1
1150-GURLN,Female,0,Yes,No,64,Yes,No,No,No internet service,No internet service,No internet service,No internet service,No internet service,No internet service,Two year,Yes,Electronic check,21.78,1371.21,0
3804-ORLJL,Female,0,No,No,62,Yes,No,DSL,No,No,No,Yes,No,No,One year,Yes,Credit card (automatic),59.87,3718.66,0
5722-HFXSA,Female,0,No,No,7,No,No phone service,DSL,No,No,Yes,No,No,No,Month-to-month,No,Mailed check,51.38,358.62,1
3086-MVPRL,Female,0,Yes,Yes,56,Yes,No,DSL,No,Yes,No,Yes,No,Yes,Month-to-month,No,Bank transfer (automatic),70.45,3944.55,0
4751-YEUMZ,Female,0,No,No,62,Yes,No,Fiber optic,No,No,No,No,No,No,Month-to-month,No,Electronic check,83.93,5209.72,1
3259-HFCYZ,Male,0,Yes,No,72,Yes,No,No,No internet service,No internet service,No internet service,No internet service,No internet service,No internet service,Two year,No,Electronic check,18.25,1305.91,1
5017-TZDLM,Male,1,Yes,No,9,Yes,No,Fiber optic,No,No,No,Yes,Yes,No,Month-to-month,No,Credit card (automatic),104.63,938.55,1
5925-BSDWM,Female,0,Yes,No,3,Yes,No,Fiber optic,No,Yes,No,No,No,Yes,Month-to-month,No,Mailed check,100.94,300.68,1
5879-SHHPZ,Female,0,No,No,10,Yes,Yes,Fiber optic,Yes,No,No,No,No,No,One year,No,Electronic check,85.9,874.87,1
9180-KRDXA,Male,0,No,No,5,Yes,No,Fiber optic,Yes,No,Yes,Yes,No,No,One year,No,Electronic check,104.6,521.46,1
7453-ANDKR,Male,0,No,Yes,65,Yes,Yes,Fiber optic,Yes,No,Yes,Yes,No,No,Month-to-month,Yes,Electronic check,101.67,6629.98,1
4856-PQXBD,Female,0,Yes,No,38,Yes,Yes,Fiber optic,Yes,No,No,No,Yes,Yes,Month-to-month,No,Mailed check,115.69,4395.26,1
1859-COBXS,Female,0,Yes,No,35,No,No phone service,Fiber optic,No,No,No,No,No,No,Month-to-month,Yes,Electronic check,83.71,2932.08,1
7101-IJUYS,Female,0,No,No,14,Yes,No,DSL,No,No,Yes,Yes,No,No,Month-to-month,No,Credit card (automatic),56.8,801.79,1
7498-ENJPF,Female,0,Yes,No,68,Yes,Yes,Fiber optic,No,Yes,No,No,Yes,No,Month-to-month,No,Electronic check,88.74,6050.47,1
6884-YHBRU,Female,1,No,No,63,Yes,Yes,Fiber optic,No,Yes,No,No,Yes,No,Month-to-month,Yes,Credit card (automatic),91.22,5714.87,1
8225-UUTHE,Male,1,No,Yes,62,Yes,Yes,Fiber optic,Yes,No,No,No,Yes,No,One year,Yes,Credit card (automatic),102.63,6369.6,1
8491-QPZEQ,Female,0,No,No,11,Yes,Yes,Fiber optic,Yes,Yes,No,No,Yes,No,One year,Yes,Bank transfer (automatic),110.83,1204.16,1
5462-DAVFA,Male,0,No,No,58,Yes,Yes,DSL,No,No,Yes,No,No,No,Month-to-month,Yes,Electronic check,50.69,2926.07,1
7871-XDBMN,Male,0,Yes,Yes,62,Yes,No,Fiber optic,No,Yes,Yes,No,No,No,Two year,No,Credit card (automatic),76.2,4687.74,1
2779-QKCGJ,Female,1,No,No,45,Yes,No,DSL,No,No,No,No,No,No,Month-to-month,Yes,Bank transfer (automatic),47.48,2134.03,1
7364-KJHEW,Female,1,Yes,No,22,Yes,No,Fiber optic,No,Yes,No,No,No,Yes,One year,Yes,Mailed check,97.38,2169.87,1
9037-BOPDV,Male,0,No,Yes,41,Yes,Yes,No,No internet service,No internet service,No internet service,No internet service,No internet service,No internet service,Two year,Yes,Credit card (automatic),18.25,750.36,0
2818-PLNLU,Female,0,No,No,32,Yes,Yes,DSL,No,Yes,Yes,No,Yes,No,Month-to-month,Yes,Electronic check,58.48,1888.58,1
7268-PPVLB,Male,0,No,No,7,Yes,No,DSL,No,No,No,No,No,Yes,Two year,Yes,Mailed check,62.66,445.95,1
3704-WXNKI,Male,1,Yes,No,69,Yes,Yes,No,No internet service,No internet service,No internet service,No internet service,No internet service,No internet service,One year,No,Bank transfer (automatic),24.21,1696.81,0
1175-VGLQI,Female,1,No,No,8,Yes,Yes,DSL,No,Yes,No,No,No,Yes,Two year,Yes,Credit card (automatic),51.98,406.89,0
3093-FLTJI,Female,1,No,Yes,72,No,No phone service,No,No internet service,No internet service,No internet service,No internet service,No internet service,No internet service,One year,Yes,Credit card (automatic),21.86,1557.73,0
8113-LABSA,Female,0,No,Yes,7,Yes,No,No,No internet service,No internet service,No internet service,No internet service,No internet service,No internet service,Month-to-month,No,Electronic check,23.76,156.69,1
4491-PPRRW,Male,0,No,Yes,12,Yes,No,Fiber optic,No,No,No,No,Yes,No,Month-to-month,Yes,Bank transfer (automatic),92.15,1123.35,1
8852-ZMVLI,Male,0,No,Yes,48,Yes,Yes,Fiber optic,No,No,No,Yes,No,Yes,Month-to-month,Yes,Credit card (automatic),93.94,4525.0,1
1082-EIMPJ,Male,1,No,No,35,Yes,No,DSL,Yes,No,No,No,No,No,Month-to-month,Yes,Electronic check,50.95,1791.7,1
1816-PNYBY,Female,1,No,No,64,Yes,Yes,DSL,Yes,Yes,No,No,No,No,Month-to-month,Yes,Electronic check,61.42,3917.05,1
9642-SKSKN,Male,0,No,Yes,15,Yes,Yes,Fiber optic,No,No,Yes,No,Yes,No,Month-to-month,No,Bank transfer (automatic),96.76,1429.76,1
7961-OYGOX,Female,0,No,No,17,Yes,Yes,Fiber optic,No,Yes,Yes,No,No,No,Month-to-month,Yes,Mailed check,85.08,1443.38,0
6447-WYHDR,Female,0,No,No,10,Yes,Yes,No,No internet service,No internet service,No internet service,No internet service,No internet service,No internet service,Two year,Yes,Electronic check,18.25,195.02,0
1283-NURDB,Male,0,Yes,Yes,72,Yes,No,Fiber optic,No,No,No,No,No,No,Month-to-month,Yes,Mailed check,78.86,5667.85,0
8682-UFKAO,Female,0,No,Yes,71,Yes,Yes,Fiber optic,No,Yes,No,No,No,No,Month-to-month,Yes,Credit card (automatic),82.28,5843.88,1
7005-LXREK,Male,0,No,Yes,69,Yes,No,DSL,No,No,Yes,No,Yes,No,Month-to-month,Yes,Electronic check,66.8,4589.89,1
8757-XUSVA,Female,0,Yes,Yes,72,Yes,No,Fiber optic,Yes,No,Yes,Yes,No,No,One year,Yes,Electronic check,100.01,7223.65,1
3915-QHWPZ,Female,0,Yes,No,7,Yes,Yes,DSL,No,Yes,No,No,Yes,Yes,Month-to-month,No,Credit card (automatic),81.98,585.39,1
2813-ZKSXK,Male,0,No,Yes,38,Yes,Yes,Fiber optic,No,No,Yes,Yes,No,Yes,Month-to-month,No,Mailed check,100.89,3861.85,1
2271-OHNAJ,Female,0,No,No,9,Yes,No,No,No internet service,No internet service,No internet service,No internet service,No internet service,No internet service,Month-to-month,Yes,Bank transfer (automatic),18.25,158.91,1
5766-GRLBR,Male,0,Yes,Yes,72,Yes,No,Fiber optic,No,Yes,Yes,No,Yes,No,One year,Yes,Bank transfer (automatic),93.15,6703.5,1
9631-UGTLT,Female,0,No,No,49,Yes,No,DSL,Yes,No,No,Yes,Yes,No,Month-to-month,No,Electronic check,83.31,4085.76,0
8288-YNJIW,Male,0,Yes,No,49,Yes,Yes,Fiber optic,No,Yes,Yes,Yes,No,No,One year,Yes,Electronic check,89.75,4400.3,0
6908-OZTXJ,Male,1,Yes,No,53,Yes,No,No,No internet service,No internet service,No internet service,No internet service,No internet service,No internet service,Month-to-month,No,Bank transfer (automatic),24.07,1274.1,0
3642-SSLWL,Female,0,Yes,No,71,Yes,Yes,Fiber optic,Yes,Yes,No,No,No,Yes,Two year,No,Bank transfer (automatic),104.05,7368.87,0
6274-ITDAP,Female,0,No,No,67,Yes,Yes,Fiber optic,No,No,No,No,No,Yes,Month-to-month,Yes,Electronic check,97.49,6544.16,1
5508-AMCLW,Male,0,Yes,No,62,Yes,No,Fiber optic,Yes,Yes,No,No,No,No,Month-to-month,Yes,Mailed check,87.53,5437.51,0
3305-IDBVV,Male,0,Yes,No,36,Yes,No,No,No internet service,No internet service,No internet service,No internet service,No internet service,No internet service,One year,No,Credit card (automatic),23.24,838.85,0
6793-ITXMN,Male,0,Yes,No,61,Yes,Yes,DSL,No,No,No,Yes,No,No,Month-to-month,Yes,Mailed check,61.0,3733.98,0
5195-CRIOV,Male,0,Yes,Yes,6,Yes,No,No,No internet service,No internet service,No internet service,No internet service,No internet service,No internet service,Month-to-month,Yes,Electronic check,21.09,100.3,1
7537-XJYQM,Female,0,Yes,No,7,Yes,No,No,No internet service,No internet service,No internet service,No internet service,No internet service,No internet service,One year,No,Mailed check,26.85,171.63,1
5168-AKEIG,Female,0,Yes,No,5,Yes,No,Fiber optic,Yes,No,No,No,Yes,Yes,Month-to-month,Yes,Electronic check,108.37,545.78,1
4849-GBSTR,Female,0,Yes,No,68,Yes,Yes,Fiber optic,Yes,No,Yes,Yes,Yes,No,Month-to-month,Yes,Mailed check,114.74,7800.5,0
9860-JYEPW,Female,0,No,No,63,Yes,Yes,No,No internet service,No internet service,No internet service,No internet service,No internet service,No internet service,Month-to-month,Yes,Bank transfer (automatic),18.25,1170.19,0
8386-YEOVP,Female,0,Yes,Yes,12,Yes,No,No,No internet service,No internet service,No internet service,No internet service,No internet service,No internet service,One year,No,Electronic check,19.71,253.35,0
7333-DNXQQ,Male,0,No,No,67,Yes,No,No,No internet service,No internet service,No internet service,No internet service,No internet service,No internet service,Month-to-month,Yes,Mailed check,26.75,1791.59,1
3414-UPZIB,Male,0,Yes,Yes,8,Yes,Yes,Fiber optic,No,No,No,No,Yes,No,One year,Yes,Electronic check,81.68,680.73,1
4554-KOCXP,Female,1,No,No,8,Yes,Yes,DSL,Yes,No,No,Yes,No,No,Month-to-month,Yes,Mailed check,72.26,577.39,1
5498-USVFN,Female,0,Yes,No,58,Yes,No,DSL,Yes,No,Yes,Yes,No,No,Month-to-month,No,Electronic check,69.55,4032.5,1
3195-EEFRV,Male,0,No,Yes,63,No,No phone service,No,No internet service,No internet service,No internet service,No internet service,No internet service,No internet service,Month-to-month,No,Electronic check,18.25,1163.55,0
3600-RSBQA,Female,0,Yes,Yes,9,Yes,No,Fiber optic,Yes,Yes,Yes,No,No,No,Month-to-month,Yes,Electronic check,97.69,855.47,1
7864-IMDEZ,Female,0,No,No,12,Yes,No,DSL,No,Yes,No,Yes,No,No,Two year,No,Mailed check,56.5,692.1,0
5314-WRJYD,Male,1,Yes,Yes,6,Yes,Yes,DSL,Yes,No,No,No,No,No,One year,Yes,Mailed check,60.69,383.24,1
4366-ZZMMQ,Female,1,Yes,No,9,Yes,Yes,DSL,No,Yes,Yes,No,No,Yes,One year,Yes,Bank transfer (automatic),67.13,620.69,1
5883-HDWCK,Female,0,No,Yes,70,Yes,No,DSL,No,Yes,No,No,Yes,No,Month-to-month,No,Bank transfer (automatic),63.84,4480.72,0
6300-LIOME,Female,0,No,Yes,3,Yes,No,No,No internet service,No internet service,No internet service,No internet service,No internet service,No internet service,Two year,Yes,Electronic check,22.21,83.51,1
3633-ESKIC,Female,0,No,Yes,9,Yes,Yes,No,No internet service,No internet service,No internet service,No internet service,No internet service,No internet service,One year,Yes,Credit card (automatic),20.86,203.03,1
7575-RMYLI,Male,0,No,Yes,72,Yes,No,No,No internet service,No internet service,No internet service,No internet service,No internet service,No internet service,Month-to-month,No,Bank transfer (automatic),18.25,1331.83,1
3434-JMTTM,Female,0,Yes,No,48,Yes,Yes,DSL,Yes,Yes,No,No,No,Yes,One year,No,Electronic check,73.43,3527.4,0
7708-ZVIXJ,Female,1,No,No,4,Yes,Yes,DSL,No,Yes,Yes,Yes,Yes,Yes,Month-to-month,Yes,Mailed check,88.52,353.22,1
6440-SFGOV,Male,0,No,No,68,Yes,Yes,DSL,No,No,Yes,No,Yes,No,One year,No,Mailed check,67.15,4548.62,0
6325-SNPNY,Male,0,Yes,No,24,Yes,Yes,DSL,No,Yes,No,No,Yes,No,Month-to-month,No,Bank transfer (automatic),59.51,1417.99,1
5520-TBICF,Male,0,No,No,69,Yes,No,DSL,No,No,No,No,No,No,Month-to-month,Yes,Electronic check,46.23,3197.16,1
4545-ENORQ,Female,1,No,Yes,71,Yes,Yes,No,No internet service,No internet service,No internet service,No internet service,No internet service,No internet service,Two year,Yes,Electronic check,18.25,1277.32,0
5801-ISWYI,Male,0,Yes,No,67,Yes,Yes,No,No internet service,No internet service,No internet service,No internet service,No internet service,No internet service,Two year,Yes,Electronic check,18.25,1223.83,0
8703-PZFHY,Male,0,Yes,No,29,Yes,No,DSL,No,Yes,No,No,Yes,No,Two year,Yes,Credit card (automatic),66.1,1922.8,0
1517-CVEGW,Female,1,Yes,No,5,Yes,No,DSL,No,Yes,Yes,No,Yes,No,Month-to-month,Yes,Bank transfer (automatic),65.96,320.18,1
5924-YAVUD,Male,1,No,No,9,Yes,Yes,DSL,Yes,No,No,No,No,No,One year,No,Electronic check,55.82,499.73,1
6527-ZPNAD,Female,0,No,No,60,Yes,No,Fiber optic,No,No,No,Yes,Yes,Yes,Month-to-month,Yes,Credit card (automatic),114.49,6857.06,1
2415-JKGDA,Female,0,No,No,1,Yes,No,Fiber optic,Yes,No,Yes,No,No,No,Month-to-month,Yes,Electronic check,76.21,76.21,1
5456-ZAQJE,Female,0,No,No,53,Yes,No,Fiber optic,No,Yes,Yes,No,No,No,Month-to-month,Yes,Bank transfer (automatic),80.99,4306.15,1
8914-GYHBI,Male,0,Yes,No,4,No,No phone service,No,No internet service,No internet service,No internet service,No internet service,No internet service,No internet service,One year,No,Credit card (automatic),18.25,72.06,1
1127-DLZKE,Female,0,Yes,No,20,Yes,Yes,DSL,No,Yes,No,No,No,Yes,Month-to-month,No,Bank transfer (automatic),70.45,1420.57,0
4474-LUDMV,Male,0,No,No,71,Yes,Yes,DSL,No,No,Yes,No,No,Yes,Two year,No,Electronic check,61.55,4373.12,0
8827-ARDDH,Male,1,No,No,56,Yes,Yes,DSL,No,No,Yes,No,Yes,No,One year,Yes,Mailed check,63.05,3530.24,0
5310-YTFDD,Female,1,Yes,Yes,23,Yes,Yes,DSL,Yes,No,No,No,No,Yes,Two year,No,Mailed check,64.72,1486.6,1
3438-KINDM,Female,0,Yes,Yes,50,No,No phone service,Fiber optic,No,No,No,No,Yes,Yes,Two year,Yes,Bank transfer (automatic),102.72,5139.46,0
4765-FMYCW,Male,0,Yes,No,26,Yes,Yes,DSL,Yes,No,No,No,Yes,Yes,One year,No,Electronic check,86.1,2231.68,1
5696-GAKBE,Female,1,Yes,No,12,Yes,Yes,Fiber optic,No,No,Yes,No,No,Yes,Two year,No,Bank transfer (automatic),95.33,1153.54,1
6003-XVNMP,Male,0,Yes,Yes,49,Yes,No,Fiber optic,Yes,No,Yes,No,Yes,No,Month-to-month,No,Electronic check,105.36,5148.95,1
9788-WOCFI,Male,0,Yes,No,61,Yes,Yes,Fiber optic,No,No,No,Yes,No,No,Two year,Yes,Bank transfer (automatic),98.29,5979.09,0
2473-CMMVG,Male,0,Yes,No,16,Yes,No,DSL,No,No,No,No,Yes,No,Two year,Yes,Electronic check,69.28,1116.35,0
9136-EZHHV,Male,0,No,No,7,Yes,Yes,Fiber optic,Yes,Yes,No,Yes,No,No,Month-to-month,No,Credit card (automatic),105.71,736.93,1
4560-GSGWD,Male,1,No,No,4,Yes,No,DSL,Yes,No,No,No,No,Yes,Month-to-month,Yes,Credit card (automatic),64.44,245.23,1
4951-JMDSJ,Male,0,No,Yes,10,Yes,No,No,No internet service,No internet service,No internet service,No internet service,No internet service,No internet service,Month-to-month,Yes,Mailed check,19.96,205.26,1
1049-GECVV,Female,1,No,Yes,54,Yes,No,Fiber optic,No,No,No,No,No,No,Month-to-month,Yes,Bank transfer (automatic),84.02,4507.5,1
8292-VBKJW,Male,0,No,Yes,67,Yes,Yes,DSL,No,No,Yes,No,No,Yes,One year,Yes,Credit card (automatic),62.33,4195.82,0
1887-MGJDV,Male,1,No,No,50,Yes,No,Fiber optic,Yes,No,Yes,No,Yes,Yes,Month-to-month,Yes,Bank transfer (automatic),118.75,5970.21,1
3616-TPTFI,Female,0,Yes,No,46,Yes,Yes,DSL,No,No,No,No,No,Yes,Month-to-month,No,Credit card (automatic),71.6,3292.0,1
1516-MGRNV,Female,0,No,Yes,70,Yes,Yes,DSL,No,No,No,No,No,No,Month-to-month,Yes,Electronic check,52.0,3656.46,1
4168-EVMXH,Male,0,Yes,Yes,68,Yes,No,DSL,No,No,No,Yes,No,Yes,Two year,No,Electronic check,77.06,5231.17,0
3949-OSIFW,Male,1,Yes,Yes,62,Yes,No,DSL,No,No,Yes,Yes,No,No,Month-to-month,Yes,Electronic check,58.76,3630.67,1
2424-YNWJI,Male,0,No,No,11,Yes,Yes,No,No internet service,No internet service,No internet service,No internet service,No internet service,No internet service,One year,No,Bank transfer (automatic),22.76,262.75,0
1139-QMQSM,Female,0,Yes,No,8,Yes,No,Fiber optic,No,No,No,No,No,Yes,Month-to-month,No,Mailed check,91.54,737.72,1
2924-IAAEH,Male,1,No,No,70,Yes,Yes,DSL,No,Yes,No,No,No,No,Month-to-month,No,Credit card (automatic),55.97,3926.29,1
3378-RDVAO,Male,0,No,Yes,3,Yes,Yes,Fiber optic,Yes,No,No,Yes,Yes,Yes,Month-to-month,Yes,Electronic check,114.55,344.87,1
4197-TDYIV,Female,0,Yes,No,23,No,No phone service,Fiber optic,No,No,Yes,No,No,No,Two year,No,Mailed check,78.61,1802.31,1
1112-XZTJX,Female,0,Yes,No,62,Yes,No,Fiber optic,Yes,No,Yes,No,No,No,Two year,No,Electronic check,88.2,5433.85,1
5559-OCBVE,Female,0,Yes,No,4,Yes,No,Fiber optic,No,No,Yes,No,Yes,Yes,Month-to-month,Yes,Bank transfer (automatic),110.17,445.73,1
5595-XAKLZ,Male,0,No,No,14,Yes,No,Fiber optic,No,Yes,Yes,No,No,No,Month-to-month,Yes,Electronic check,88.19,1211.84,1
4250-CWPZN,Female,0,Yes,No,61,No,No phone service,DSL,Yes,No,Yes,No,Yes,Yes,Month-to-month,Yes,Electronic check,80.81,4919.9,1
6948-LTZPU,Male,1,Yes,No,29,Yes,Yes,Fiber optic,No,Yes,No,No,No,No,Month-to-month,Yes,Electronic check,80.39,2324.57,1
7242-HQQGO,Female,0,Yes,Yes,23,Yes,Yes,No,No internet service,No internet service,No internet service,No internet service,No internet service,No internet service,Month-to-month,Yes,Mailed check,22.46,559.0,0
5546-IDHJO,Female,0,Yes,No,60,Yes,No,DSL,Yes,No,No,No,No,No,Month-to-month,No,Bank transfer (automatic),59.84,3601.39,1
6488-WRNEI,Male,0,No,No,3,Yes,No,Fiber optic,Yes,No,No,Yes,No,No,Month-to-month,Yes,Bank transfer (automatic),97.52,310.48,1
4277-MYSKL,Male,0,Yes,No,58,Yes,Yes,No,No internet service,No internet service,No internet service,No internet service,No internet service,No internet service,Month-to-month,No,Credit card (automatic),23.29,1358.92,0
6058-CBWVO,Female,0,No,No,48,Yes,No,No,No internet service,No internet service,No internet service,No internet service,No internet service,No internet service,Month-to-month,Yes,Mailed check,19.75,963.33,0
8514-EGDEY,Male,0,No,No,10,Yes,No,Fiber optic,No,No,No,No,No,Yes,Month-to-month,No,Bank transfer (automatic),95.26,973.8,1
9933-POPYD,Male,0,No,Yes,42,Yes,No,Fiber optic,No,No,No,No,No,Yes,Two year,Yes,Bank transfer (automatic),87.18,3664.84,1
5956-FRCYV,Female,0,No,No,4,Yes,No,Fiber optic,No,No,Yes,No,No,Yes,Month-to-month,Yes,Bank transfer (automatic),92.34,364.62,1
8263-XEBWP,Male,0,No,Yes,70,Yes,No,No,No internet service,No internet service,No internet service,No internet service,No internet service,No internet service,Month-to-month,No,Credit card (automatic),21.3,1501.98,0
6930-FORFM,Male,0,No,Yes,68,Yes,No,DSL,No,Yes,No,No,No,No,Month-to-month,No,Credit card (automatic),53.17,3621.46,1
4222-XMAPD,Female,0,No,No,8,Yes,Yes,Fiber optic,No,No,No,No,Yes,Yes,Month-to-month,No,Bank transfer (automatic),99.75,803.69,1
7607-QRPAF,Male,0,No,No,71,Yes,Yes,DSL,No,No,No,No,Yes,No,Two year,Yes,Bank transfer (automatic),55.72,3960.15,0
1451-KFQDN,Male,0,Yes,No,41,Yes,No,DSL,Yes,Yes,No,Yes,No,Yes,Month-to-month,Yes,Credit card (automatic),79.56,3278.97,0
4731-NTHVB,Male,0,No,No,62,Yes,No,Fiber optic,Yes,No,No,No,No,No,One year,Yes,Electronic check,89.64,5543.4,1
8906-EDJTX,Female,0,Yes,No,6,Yes,No,Fiber optic,No,Yes,No,Yes,No,Yes,Month-to-month,No,Electronic check,105.49,632.67,0
8657-UCPJO,Male,0,Yes,No,2,Yes,Yes,DSL,No,Yes,No,No,No,No,Month-to-month,No,Electronic check,49.05,93.5,1
3763-DAVOJ,Male,0,No,No,1,Yes,No,DSL,Yes,No,Yes,No,Yes,Yes,One year,No,Electronic check,81.11,92.79,0
1658-TVRPU,Male,0,Yes,No,12,Yes,No,DSL,Yes,No,No,No,Yes,No,Month-to-month,Yes,Mailed check,70.94,860.2,1
7170-IXSQJ,Male,0,No,No,30,Yes,No,No,No internet service,No internet service,No internet service,No internet service,No internet service,No internet service,Two year,No,Bank transfer (automatic),22.38,686.47,0
5620-SHSEB,Male,0,Yes,Yes,8,Yes,Yes,Fiber optic,No,Yes,Yes,Yes,No,Yes,Month-to-month,Yes,Bank transfer (automatic),102.42,793.14,1
1999-OQJUU,Female,0,No,No,10,Yes,Yes,Fiber optic,No,No,Yes,No,No,Yes,Month-to-month,No,Electronic check,95.77,954.41,1
1389-VBIBR,Male,0,No,No,72,Yes,Yes,No,No internet service,No internet service,No internet service,No internet service,No internet service,No internet service,Month-to-month,No,Credit card (automatic),18.56,1370.04,0
4407-LOUYT,Female,0,No,No,50,Yes,No,Fiber optic,No,No,No,No,Yes,Yes,Two year,No,Electronic check,109.4,5475.25,0
2476-FRMDL,Male,0,Yes,No,58,Yes,No,No,No internet service,No internet service,No internet service,No internet service,No internet service,No internet service,One year,No,Mailed check,18.66,1084.69,0
3240-IBPAD,Female,0,Yes,No,67,Yes,No,No,No internet service,No internet service,No internet service,No internet service,No internet service,No internet service,Month-to-month,Yes,Electronic check,18.25,1238.48,0
3386-OTATO,Male,0,No,No,6,Yes,No,DSL,No,No,No,Yes,Yes,No,Two year,Yes,Credit card (automatic),67.74,386.12,1
9157-CMRMJ,Female,0,Yes,Yes,51,Yes,Yes,Fiber optic,No,Yes,No,Yes,No,No,Two year,No,Credit card (automatic),84.81,4317.97,0
4922-TXGYH,Male,0,Yes,No,2,Yes,No,Fiber optic,No,Yes,No,No,Yes,No,One year,Yes,Credit card (automatic),94.04,188.25,1
3972-ARLRX,Male,0,No,No,37,Yes,No,Fiber optic,No,Yes,Yes,No,No,No,Month-to-month,Yes,Mailed check,75.52,2784.12,1
4386-LTIBN,Male,0,No,Yes,23,Yes,No,Fiber optic,No,Yes,No,Yes,No,No,Month-to-month,No,Electronic check,83.92,1941.56,0
2293-DOQSF,Male,0,Yes,No,11,Yes,No,DSL,No,Yes,Yes,No,No,No,Month-to-month,Yes,Electronic check,54.06,616.52,1
2824-IQOER,Female,0,No,No,16,No,No phone service,No,No internet service,No internet service,No internet service,No internet service,No internet service,No internet service,Two year,Yes,Credit card (automatic),19.52,314.69,0
3873-WDUXB,Male,0,No,Yes,46,Yes,No,DSL,No,No,No,No,No,No,Month-to-month,Yes,Credit card (automatic),52.2,2412.3,1
5173-SEZDE,Male,0,Yes,No,7,Yes,Yes,Fiber optic,Yes,Yes,No,No,Yes,No,Month-to-month,Yes,Electronic check,93.16,644.51,1
3535-SMPLI,Male,1,Yes,No,68,Yes,No,DSL,Yes,No,Yes,No,Yes,Yes,Month-to-month,No,Electronic check,82.25,5569.71,1
9206-XPNVA,Male,1,No,Yes,32,No,No phone service,Fiber optic,No,No,No,No,No,No,Month-to-month,No,Credit card (automatic),85.56,2713.7,1
2907-TWZUD,Female,0,No,No,68,Yes,No,No,No internet service,No internet service,No internet service,No internet service,No internet service,No internet service,One year,No,Electronic check,18.25,1233.5,0
7760-IXSNV,Male,0,Yes,No,7,Yes,No,Fiber optic,No,No,No,No,Yes,Yes,Month-to-month,Yes,Mailed check,102.66,739.4,1
1368-LDGQA,Male,0,Yes,Yes,54,Yes,No,Fiber optic,No,Yes,No,Yes,No,Yes,Month-to-month,Yes,Electronic check,112.1,6056.23,0
2151-NOLLF,Male,0,No,Yes,65,Yes,Yes,DSL,No,No,No,No,No,No,Month-to-month,Yes,Electronic check,46.54,3007.32,0
7325-ZMPNG,Male,0,No,No,9,Yes,Yes,Fiber optic,No,No,No,No,Yes,No,Month-to-month,Yes,Electronic check,95.14,838.32,1
8295-YPWIZ,Female,0,No,No,17,Yes,No,No,No internet service,No internet service,No internet service,No internet service,No internet service,No internet service,Two year,No,Credit card (automatic),18.6,332.21,0
6723-NYXGL,Male,0,No,No,68,Yes,Yes,No,No internet service,No internet service,No internet service,No internet service,No internet service,No internet service,Month-to-month,Yes,Electronic check,22.85,1543.25,0
6235-CNSKE,Female,0,No,Yes,6,Yes,No,Fiber optic,No,No,No,Yes,Yes,Yes,Month-to-month,Yes,Bank transfer (automatic),117.6,695.29,1
7040-WMJGQ,Male,0,Yes,No,21,Yes,No,Fiber optic,No,Yes,Yes,Yes,No,No,Month-to-month,No,Bank transfer (automatic),96.58,2017.29,1
5160-PHQMK,Female,1,No,No,4,Yes,Yes,DSL,No,Yes,Yes,No,No,No,Month-to-month,Yes,Credit card (automatic),55.93,211.48,1
5287-TREFT,Female,1,Yes,No,3,Yes,Yes,Fiber optic,No,No,No,No,No,Yes,One year,No,Electronic check,96.29,298.01,1
7248-NLDGK,Male,0,Yes,Yes,63,Yes,Yes,Fiber optic,No,No,No,Yes,No,No,Two year,Yes,Bank transfer (automatic),86.52,5478.77,0
9893-TBDGA,Male,0,No,Yes,4,Yes,No,DSL,No,No,No,No,No,No,Two year,No,Bank transfer (automatic),43.14,167.67,0
1174-OTVXH,Male,0,No,Yes,9,Yes,No,No,No internet service,No internet service,No internet service,No internet service,No internet service,No internet service,Month-to-month,No,Electronic check,18.25,168.67,1
2903-YENRC,Male,0,No,No,8,Yes,Yes,Fiber optic,Yes,Yes,No,No,No,Yes,Two year,No,Bank transfer (automatic),103.51,812.6,1
2099-BYVPN,Female,0,No,No,21,Yes,No,Fiber optic,No,No,No,No,Yes,Yes,Month-to-month,Yes,Electronic check,103.71,2200.01,1
7512-PKQCW,Female,0,Yes,Yes,67,Yes,Yes,DSL,Yes,No,No,No,No,Yes,One year,No,Bank transfer (automatic),74.63,5024.63,0
4408-WECOW,Female,0,Yes,Yes,4,Yes,Yes,DSL,No,Yes,No,Yes,No,Yes,Month-to-month,No,Electronic check,73.97,273.65,1
2538-EVCFW,Female,1,No,No,40,No,No phone service,Fiber optic,Yes,Yes,No,No,Yes,Yes,Month-to-month,Yes,Electronic check,109.46,4378.8,1
3292-NXBRF,Male,0,Yes,No,43,Yes,No,Fiber optic,No,No,Yes,No,No,No,Month-to-month,No,Mailed check,75.15,3233.24,1
9363-XENQK,Male,0,Yes,No,1,Yes,No,Fiber optic,No,Yes,No,Yes,Yes,No,Month-to-month,No,Bank transfer (automatic),107.27,127.13,1
2363-AJITL,Female,0,No,No,59,Yes,No,DSL,No,No,No,No,Yes,Yes,One year,Yes,Electronic check,73.71,4337.71,0
6620-ZAXRL,Male,0,Yes,No,66,Yes,No,Fiber optic,No,Yes,No,Yes,No,No,Two year,Yes,Mailed check,94.54,6249.21,0
6337-BAAYA,Female,0,Yes,No,4,Yes,Yes,No,No internet service,No internet service,No internet service,No internet service,No internet service,No internet service,Month-to-month,Yes,Mailed check,19.81,71.15,1
6487-VLGDU,Female,0,No,Yes,71,Yes,No,Fiber optic,No,No,No,No,Yes,No,Two year,Yes,Credit card (automatic),82.66,5873.62,1
7365-TDZOA,Female,0,Yes,No,57,Yes,No,Fiber optic,Yes,Yes,Yes,No,No,Yes,Month-to-month,No,Bank transfer (automatic),103.99,5961.39,0
1680-FNZNJ,Male,1,Yes,Yes,25,Yes,No,Fiber optic,No,No,Yes,No,No,No,Month-to-month,Yes,Electronic check,78.15,1958.65,1
7146-GWXWV,Female,0,No,No,9,Yes,No,No,No internet service,No internet service,No internet service,No internet service,No internet service,No internet service,Month-to-month,Yes,Electronic check,21.45,207.76,1
4664-LXSIC,Female,0,Yes,Yes,2,Yes,No,No,No internet service,No internet service,No internet service,No internet service,No internet service,No internet service,Month-to-month,Yes,Bank transfer (automatic),24.28,70.75,0
2661-DMJNF,Female,0,No,Yes,54,Yes,Yes,Fiber optic,No,No,No,No,Yes,No,One year,No,Credit card (automatic),94.49,5110.69,1
1508-HSJVE,Male,0,No,Yes,10,Yes,No,DSL,No,No,No,No,No,Yes,Month-to-month,Yes,Mailed check,67.9,682.74,1
1166-EEIWI,Male,0,No,Yes,21,Yes,No,Fiber optic,Yes,No,No,No,No,Yes,One year,Yes,Credit card (automatic),102.09,2166.35,1
7750-OINFV,Female,0,No,No,9,Yes,No,Fiber optic,No,No,Yes,No,No,No,Month-to-month,No,Mailed check,85.72,764.78,1
2006-THBEQ,Male,0,Yes,Yes,56,Yes,Yes,DSL,No,No,No,No,Yes,Yes,Two year,No,Credit card (automatic),73.28,4105.09,0
7844-JNRAV,Male,1,Yes,No,72,Yes,No,Fiber optic,No,No,No,No,Yes,Yes,Month-to-month,Yes,Bank transfer (automatic),107.9,7760.66,1
9790-BDMPE,Male,0,Yes,No,10,Yes,No,Fiber optic,No,Yes,No,Yes,No,No,Two year,No,Bank transfer (automatic),81.22,824.46,0
4494-WJQKE,Male,0,Yes,No,72,Yes,Yes,Fiber optic,No,Yes,Yes,No,No,No,Month-to-month,No,Mailed check,78.84,5658.77,1
7740-ODGJW,Female,0,Yes,No,6,Yes,Yes,DSL,No,Yes,Yes,No,Yes,No,Month-to-month,No,Bank transfer (automatic),54.68,347.14,1
9771-XDTZE,Female,0,Yes,Yes,66,No,No phone service,DSL,No,Yes,Yes,Yes,Yes,Yes,Two year,Yes,Mailed check,90.16,5956.55,0
3536-EKSEU,Female,0,No,Yes,10,Yes,Yes,No,No internet service,No internet service,No internet service,No internet service,No internet service,No internet service,Month-to-month,Yes,Credit card (automatic),18.25,178.87,1
2104-HGHME,Female,0,Yes,Yes,6,Yes,No,DSL,No,No,Yes,No,No,No,Month-to-month,Yes,Credit card (automatic),47.25,273.44,1
4875-RXIBP,Male,0,No,No,4,Yes,No,No,No internet service,No internet service,No internet service,No internet service,No internet service,No internet service,Two year,Yes,Mailed check,18.73,59.85,0
9216-NQFCQ,Female,0,Yes,No,33,Yes,Yes,Fiber optic,No,No,No,No,No,No,Month-to-month,No,Electronic check,74.79,2444.79,1
2752-MFHYF,Male,0,No,No,4,Yes,Yes,DSL,No,No,No,No,No,No,Two year,Yes,Mailed check,43.5,163.15,0
6635-PFQUC,Female,0,No,No,30,Yes,No,DSL,Yes,No,No,No,No,No,Month-to-month,Yes,Bank transfer (automatic),53.6,1618.46,1
3916-WLYFU,Female,0,Yes,Yes,57,Yes,Yes,Fiber optic,Yes,No,Yes,No,No,Yes,Month-to-month,Yes,Mailed check,101.0,5764.13,0
7472-GKIPE,Male,0,Yes,No,12,Yes,Yes,DSL,Yes,No,No,No,No,No,Month-to-month,No,Mailed check,58.73,696.54,1
1152-OUZDE,Female,0,No,Yes,69,Yes,No,No,No internet service,No internet service,No internet service,No internet service,No internet service,No internet service,One year,Yes,Electronic check,25.05,1719.72,0
4907-GCDYO,Male,0,Yes,No,64,Yes,Yes,No,No internet service,No internet service,No internet service,No internet service,No internet service,No internet service,Month-to-month,Yes,Electronic check,18.25,1176.42,0
9209-BXYEG,Female,1,Yes,No,11,Yes,No,Fiber optic,Yes,No,No,Yes,No,No,Two year,Yes,Credit card (automatic),98.91,1097.49,0
3552-VQHIJ,Female,0,No,Yes,28,Yes,No,No,No internet service,No internet service,No internet service,No internet service,No internet service,No internet service,Month-to-month,Yes,Bank transfer (automatic),18.25,485.32,1
3773-KAOHS,Male,0,Yes,No,58,Yes,No,DSL,Yes,No,Yes,No,Yes,Yes,Month-to-month,Yes,Electronic check,81.62,4746.4,1
5913-LFJXE,Female,0,No,No,2,No,No phone service,No,No internet service,No internet service,No internet service,No internet service,No internet service,No internet service,One year,No,Electronic check,18.25,33.13,0
4551-XGGWY,Male,0,Yes,Yes,64,Yes,Yes,No,No internet service,No internet service,No internet service,No internet service,No internet service,No internet service,Two year,No,Credit card (automatic),18.25,1167.65,0
4722-VVIOF,Male,0,No,Yes,5,Yes,No,Fiber optic,No,No,Yes,Yes,No,No,One year,No,Credit card (automatic),91.71,448.19,1
9464-PGOWB,Female,0,Yes,No,27,Yes,No,DSL,No,No,No,No,No,Yes,Month-to-month,No,Mailed check,64.42,1706.84,1
9034-HLKFT,Female,0,No,Yes,38,Yes,No,Fiber optic,No,No,Yes,Yes,No,Yes,Month-to-month,No,Credit card (automatic),112.71,4302.16,1
7452-MWPHQ,Male,0,Yes,No,71,Yes,Yes,No,No internet service,No internet service,No internet service,No internet service,No internet service,No internet service,One year,Yes,Credit card (automatic),23.78,1702.49,1
5538-ZMDTJ,Female,0,No,No,10,Yes,No,DSL,No,No,Yes,No,Yes,No,Month-to-month,Yes,Credit card (automatic),65.52,663.97,1
8204-YVTPQ,Female,0,Yes,No,46,Yes,No,DSL,No,Yes,Yes,No,No,No,One year,Yes,Mailed check,56.47,2590.69,0
2822-HKYEU,Male,0,No,Yes,4,Yes,No,Fiber optic,No,Yes,No,No,Yes,Yes,Month-to-month,No,Mailed check,98.61,367.22,1
5086-ZPXHU,Male,0,Yes,Yes,2,Yes,No,Fiber optic,Yes,Yes,Yes,No,No,No,Two year,Yes,Bank transfer (automatic),91.44,192.81,0
6555-PDFZU,Female,0,No,No,6,Yes,Yes,DSL,No,No,Yes,No,Yes,Yes,Month-to-month,Yes,Credit card (automatic),77.94,449.77,1
8550-HIMQI,Male,0,Yes,No,56,Yes,Yes,No,No internet service,No internet service,No internet service,No internet service,No internet service,No internet service,Two year,No,Electronic check,18.25,1011.78,0
7123-MIFJE,Female,0,Yes,No,70,Yes,Yes,No,No internet service,No internet service,No internet service,No internet service,No internet service,No internet service,Month-to-month,Yes,Electronic check,20.78,1448.86,1
7221-GKXIY,Female,0,Yes,No,57,Yes,No,DSL,No,Yes,Yes,No,No,No,One year,Yes,Mailed check,47.82,2731.66,1
1309-JKCHQ,Female,0,No,No,45,Yes,Yes,No,No internet service,No internet service,No internet service,No internet service,No internet service,No internet service,Month-to-month,No,Credit card (automatic),21.21,961.85,1
7206-GLPOU,Male,0,Yes,No,26,Yes,Yes,DSL,Yes,No,Yes,No,No,Yes,Month-to-month,Yes,Mailed check,73.24,1885.36,1
6894-MRRXE,Male,0,No,Yes,11,Yes,No,DSL,No,No,Yes,Yes,Yes,No,Month-to-month,No,Bank transfer (automatic),65.0,726.5,1
4599-NKCQW,Female,0,No,Yes,1,Yes,Yes,DSL,No,No,No,No,Yes,Yes,One year,No,Bank transfer (automatic),74.22,92.02,1
4622-LCWBD,Male,0,Yes,No,44,Yes,No,Fiber optic,No,No,Yes,No,Yes,No,Month-to-month,Yes,Bank transfer (automatic),96.88,4265.16,1
8024-RTUNH,Male,0,No,No,24,Yes,No,No,No internet service,No internet service,No internet service,No internet service,No internet service,No internet service,Month-to-month,No,Credit card (automatic),25.1,628.69,1
4450-BZSJE,Male,0,Yes,No,11,Yes,No,DSL,No,No,Yes,Yes,No,Yes,Month-to-month,No,Electronic check,72.59,782.6,1
5591-KIPZE,Male,0,No,No,30,Yes,No,Fiber optic,Yes,Yes,Yes,Yes,No,Yes,One year,Yes,Mailed check,112.99,3401.21,0
1205-ONITZ,Male,1,No,No,11,Yes,Yes,DSL,No,No,Yes,No,No,Yes,One year,No,Mailed check,66.1,719.04,0
2135-EOIDU,Female,1,Yes,Yes,3,Yes,No,DSL,No,No,No,Yes,No,Yes,Month-to-month,Yes,Credit card (automatic),68.04,202.27,1
3749-UDTUV,Male,0,Yes,No,56,Yes,Yes,No,No internet service,No internet service,No internet service,No internet service,No internet service,No internet service,One year,No,Mailed check,28.02,1567.58,1
4613-GOVQR,Male,0,Yes,No,70,No,No phone service,Fiber optic,No,Yes,No,No,Yes,No,Two year,Yes,Credit card (automatic),93.19,6532.39,0
1305-GSJMB,Male,0,No,Yes,29,Yes,No,Fiber optic,No,No,No,No,Yes,No,Month-to-month,Yes,Electronic check,94.46,2749.37,1
2849-VTKEF,Female,0,Yes,No,7,Yes,No,Fiber optic,No,Yes,No,Yes,Yes,No,One year,Yes,Electronic check,101.7,710.14,1
6187-CACCV,Female,0,Yes,No,11,Yes,Yes,DSL,No,Yes,Yes,Yes,No,No,Two year,Yes,Bank transfer (automatic),57.39,636.92,0
2988-DGOKR,Male,0,Yes,No,45,Yes,No,DSL,Yes,No,Yes,Yes,Yes,No,Month-to-month,Yes,Electronic check,91.81,4146.76,0
4240-LDXKF,Female,0,No,Yes,65,Yes,No,Fiber optic,No,Yes,No,No,No,Yes,Month-to-month,No,Bank transfer (automatic),87.59,5700.67,0
3798-ZSZRO,Male,0,Yes,No,2,Yes,No,No,No internet service,No internet service,No internet service,No internet service,No internet service,No internet service,Month-to-month,Yes,Bank transfer (automatic),18.27,32.49,0
5515-CQABS,Female,1,No,No,67,Yes,No,Fiber optic,No,No,Yes,No,Yes,No,One year,Yes,Electronic check,93.83,6281.19,0
7201-IHLOY,Female,0,Yes,Yes,66,Yes,No,Fiber optic,Yes,No,No,No,No,Yes,Month-to-month,No,Mailed check,100.82,6640.28,1
4109-WGUPG,Male,0,No,Yes,27,Yes,Yes,Fiber optic,No,No,No,No,Yes,No,Month-to-month,No,Bank transfer (automatic),91.85,2480.99,1
5059-TULQK,Female,0,Yes,Yes,28,Yes,Yes,No,No internet service,No internet service,No internet service,No internet service,No internet service,No internet service,Month-to-month,Yes,Mailed check,23.31,626.45,1
2987-DSBBX,Male,0,Yes,No,63,Yes,Yes,DSL,Yes,Yes,No,No,No,No,Month-to-month,No,Bank transfer (automatic),61.38,3851.99,0
7596-QXIVA,Male,0,Yes,No,53,Yes,No,DSL,No,No,Yes,No,No,No,Month-to-month,Yes,Mailed check,39.07,2087.06,1
1383-JWOUO,Female,0,Yes,No,64,No,No phone service,Fiber optic,No,Yes,No,No,No,Yes,Two year,No,Mailed check,94.0,6043.64,0
5307-YWUBN,Female,1,Yes,Yes,69,Yes,Yes,No,No internet service,No internet service,No internet service,No internet service,No internet service,No internet service,Month-to-month,Yes,Electronic check,22.42,1557.99,1
4388-DRIBB,Female,0,No,Yes,8,Yes,No,Fiber optic,No,No,No,No,Yes,No,Month-to-month,Yes,Mailed check,83.23,677.41,1
8850-RQIHB,Male,0,Yes,Yes,37,Yes,No,Fiber optic,Yes,No,No,No,No,No,Two year,No,Bank transfer (automatic),89.6,3310.79,0
3727-BELPN,Male,0,Yes,No,49,Yes,No,DSL,No,Yes,Yes,No,No,Yes,Month-to-month,Yes,Credit card (automatic),63.77,3128.44,1
9559-TBXHD,Male,0,Yes,No,9,Yes,No,DSL,No,No,Yes,No,Yes,No,Two year,Yes,Credit card (automatic),60.13,556.29,1
9899-TITZY,Female,0,No,Yes,46,Yes,No,DSL,No,Yes,Yes,Yes,No,Yes,Two year,Yes,Mailed check,70.9,3291.15,0
8452-SBPKH,Female,0,Yes,No,6,Yes,No,No,No internet service,No internet service,No internet service,No internet service,No internet service,No internet service,Month-to-month,Yes,Bank transfer (automatic),19.26,117.06,0
5862-LCMBM,Female,0,Yes,Yes,16,Yes,No,No,No internet service,No internet service,No internet service,No internet service,No internet service,No internet service,Month-to-month,Yes,Electronic check,21.26,332.63,0
4832-HOXUI,Female,0,Yes,Yes,5,Yes,No,Fiber optic,Yes,No,Yes,No,Yes,No,Two year,Yes,Mailed check,106.82,547.29,0
9239-KVUCG,Male,0,No,Yes,70,No,No phone service,DSL,No,No,No,No,Yes,No,One year,Yes,Electronic check,53.19,3702.03,0
5776-NOITK,Female,0,No,No,71,Yes,Yes,No,No internet service,No internet service,No internet service,No internet service,No internet service,No internet service,Two year,Yes,Mailed check,18.25,1282.18,0
5276-GLSRM,Male,0,No,Yes,2,Yes,No,Fiber optic,No,Yes,Yes,No,No,No,Two year,Yes,Bank transfer (automatic),73.39,143.39,1
1253-KAFUB,Male,0,No,Yes,20,Yes,Yes,DSL,No,No,Yes,No,No,No,Month-to-month,No,Credit card (automatic),52.64,1091.85,1
9626-MMSIS,Male,0,No,No,48,Yes,No,Fiber optic,No,Yes,Yes,Yes,No,Yes,Month-to-month,No,Credit card (automatic),96.87,4657.78,1
6861-WAWYH,Female,1,No,No,43,Yes,Yes,Fiber optic,No,Yes,No,Yes,Yes,No,Month-to-month,Yes,Electronic check,110.02,4721.89,1
1278-WZNXP,Female,0,No,Yes,62,Yes,No,No,No internet service,No internet service,No internet service,No internet service,No internet service,No internet service,Month-to-month,Yes,Bank transfer (automatic),33.11,2067.2,1
4252-DRNIO,Female,0,Yes,Yes,67,Yes,No,Fiber optic,No,Yes,Yes,No,No,No,Month-to-month,Yes,Bank transfer (automatic),75.92,5081.56,0
3480-CDWRN,Female,0,Yes,No,35,Yes,Yes,DSL,No,Yes,No,No,No,Yes,Month-to-month,Yes,Credit card (automatic),67.85,2360.1,1
1289-OHJXL,Female,1,No,No,70,Yes,No,Fiber optic,Yes,No,No,No,No,No,Month-to-month,Yes,Mailed check,83.8,5859.33,1
5902-UIHQI,Female,0,Yes,No,5,Yes,No,DSL,No,Yes,Yes,No,Yes,No,Month-to-month,Yes,Electronic check,57.69,314.17,1
4075-MNEIY,Female,0,No,Yes,66,Yes,Yes,No,No internet service,No internet service,No internet service,No internet service,No internet service,No internet service,Month-to-month,No,Electronic check,18.34,1198.88,0
7504-ZZPSX,Female,0,No,Yes,3,Yes,No,DSL,Yes,No,No,No,No,Yes,Month-to-month,No,Electronic check,64.26,170.35,1
7107-WGLZB,Female,0,Yes,No,39,Yes,Yes,DSL,No,No,No,Yes,No,No,Month-to-month,No,Electronic check,51.5,2037.47,1
7710-RRPKB,Female,0,No,No,17,Yes,No,Fiber optic,No,No,No,Yes,No,No,Month-to-month,No,Bank transfer (automatic),93.58,1611.82,1
6856-NDGBU,Female,0,Yes,No,47,Yes,Yes,DSL,No,No,Yes,No,No,Yes,Month-to-month,Yes,Bank transfer (automatic),69.98,3291.28,1
9742-NGIHI,Female,1,Yes,No,66,Yes,Yes,DSL,No,Yes,No,No,No,Yes,Two year,Yes,Mailed check,60.34,4003.37,0
7925-GSQZW,Female,1,No,No,66,Yes,No,Fiber optic,No,No,No,No,No,Yes,Month-to-month,Yes,Mailed check,98.35,6495.06,1
5932-MKVRQ,Female,0,No,No,61,Yes,Yes,No,No internet service,No internet service,No internet service,No internet service,No internet service,No internet service,One year,No,Credit card (automatic),18.25,1116.68,0
7231-PJDDV,Male,1,No,No,13,Yes,No,Fiber optic,Yes,No,No,Yes,Yes,Yes,Month-to-month,No,Electronic check,118.75,1511.38,1
1270-KUYHI,Male,0,No,No,5,Yes,No,No,No internet service,No internet service,No internet service,No internet service,No internet service,No internet service,Two year,No,Electronic check,19.07,77.04,0
5570-PJWIC,Male,0,No,Yes,61,Yes,Yes,Fiber optic,No,No,No,No,No,No,One year,No,Electronic check,71.85,4377.49,1
8971-YBIMF,Female,1,No,No,6,Yes,No,No,No internet service,No internet service,No internet service,No internet service,No internet service,No internet service,Two year,Yes,Mailed check,19.0,110.88,0
7429-DNKBZ,Male,0,Yes,Yes,32,Yes,No,Fiber optic,No,No,No,No,No,No,Month-to-month,Yes,Bank transfer (automatic),82.3,2641.34,1
8063-CEYGK,Female,0,Yes,No,4,Yes,No,Fiber optic,No,No,No,Yes,No,Yes,Month-to-month,Yes,Bank transfer (automatic),102.39,407.68,1
8605-LKSMD,Female,1,Yes,No,29,Yes,No,No,No internet service,No internet service,No internet service,No internet service,No internet service,No internet service,Month-to-month,No,Electronic check,26.83,763.39,1
5207-NLBHV,Male,0,No,No,16,Yes,Yes,Fiber optic,No,Yes,Yes,No,No,No,One year,Yes,Mailed check,71.94,1154.69,0
4218-SMUUA,Female,0,No,Yes,72,Yes,No,DSL,No,No,No,No,No,Yes,One year,Yes,Electronic check,54.11,3895.67,0
2391-EVZZK,Female,0,No,No,67,Yes,Yes,Fiber optic,No,Yes,No,No,No,No,Two year,No,Electronic check,84.07,5627.67,0
4975-KMBSP,Female,0,Yes,No,4,Yes,No,DSL,No,No,No,No,No,No,Two year,No,Electronic check,48.72,214.44,0
5316-ZENSE,Female,0,Yes,Yes,10,Yes,Yes,DSL,Yes,No,Yes,No,No,No,Two year,No,Mailed check,58.41,579.45,0
6395-UXZIX,Male,0,Yes,No,9,Yes,No,No,No internet service,No internet service,No internet service,No internet service,No internet service,No internet service,One year,No,Mailed check,19.61,209.32,1
7685-LPSOQ,Female,1,No,No,2,Yes,No,Fiber optic,No,No,No,No,Yes,No,Month-to-month,Yes,Bank transfer (automatic),88.0,176.97,1
6976-OCQMI,Male,1,No,Yes,52,No,No phone service,DSL,Yes,No,No,No,No,Yes,Two year,No,Bank transfer (automatic),64.55,3335.73,0
1083-MPSNH,Male,0,Yes,No,62,Yes,No,DSL,No,No,Yes,Yes,No,No,Two year,Yes,Credit card (automatic),64.53,3988.58,0
1873-VSYXC,Female,0,Yes,No,7,Yes,No,Fiber optic,No,No,Yes,No,No,No,Month-to-month,Yes,Bank transfer (automatic),81.64,565.23,1
9640-WURPN,Male,0,No,Yes,63,Yes,Yes,DSL,No,No,No,No,No,No,One year,Yes,Electronic check,62.74,3965.49,1
7137-PXQTK,Female,0,Yes,No,11,Yes,Yes,DSL,No,No,No,No,No,No,Month-to-month,No,Mailed check,50.45,560.95,1
5557-MKDZN,Female,0,Yes,Yes,23,Yes,Yes,DSL,Yes,Yes,No,Yes,No,No,Month-to-month,Yes,Bank transfer (automatic),63.42,1462.7,1
5500-EDANG,Male,1,No,No,15,Yes,No,Fiber optic,Yes,No,No,No,No,No,Two year,Yes,Electronic check,87.98,1341.43,0
5647-JBJCU,Male,0,Yes,No,69,Yes,No,Fiber optic,No,Yes,No,No,Yes,Yes,Two year,No,Mailed check,103.81,7150.58,0
3038-HJHNR,Male,0,Yes,No,72,Yes,Yes,DSL,No,Yes,Yes,Yes,Yes,No,Month-to-month,No,Electronic check,79.56,5718.78,0
9722-IVIDC,Female,0,No,Yes,41,Yes,Yes,No,No internet service,No internet service,No internet service,No internet service,No internet service,No internet service,Month-to-month,Yes,Bank transfer (automatic),18.25,751.62,0
6562-NNUPE,Male,0,Yes,No,61,Yes,No,No,No internet service,No internet service,No internet service,No internet service,No internet service,No internet service,Two year,No,Electronic check,18.39,1117.36,0
3450-TWXOU,Male,0,Yes,No,49,Yes,Yes,Fiber optic,Yes,Yes,No,Yes,Yes,No,Two year,Yes,Credit card (automatic),105.81,5170.79,0
4954-IGMWH,Male,0,Yes,Yes,10,Yes,Yes,DSL,Yes,Yes,No,No,Yes,No,One year,Yes,Electronic check,70.26,677.93,1
3329-LDPZF,Female,1,Yes,No,70,Yes,No,Fiber optic,No,Yes,No,No,No,No,Month-to-month,Yes,Credit card (automatic),77.4,5431.75,1
9199-EANIR,Female,0,No,No,1,Yes,Yes,Fiber optic,No,No,No,Yes,No,Yes,Two year,No,Electronic check,100.45,100.45,1
6673-FOPHS,Male,0,No,No,2,Yes,Yes,DSL,No,No,No,Yes,No,No,One year,Yes,Bank transfer (automatic),64.66,105.7,1
9422-ENGDU,Male,0,Yes,Yes,64,Yes,No,Fiber optic,Yes,No,No,No,No,Yes,Month-to-month,Yes,Credit card (automatic),104.84,6715.61,0
5746-ADNWP,Male,0,No,No,33,Yes,No,Fiber optic,No,No,Yes,Yes,Yes,No,Two year,Yes,Bank transfer (automatic),94.58,3114.37,1
9425-ZGJJD,Female,0,Yes,No,32,Yes,No,No,No internet service,No internet service,No internet service,No internet service,No internet service,No internet service,One year,Yes,Credit card (automatic),25.32,803.02,1
8398-LFMUA,Female,0,No,No,23,Yes,No,DSL,No,No,Yes,No,No,No,Month-to-month,Yes,Electronic check,42.37,989.73,1
8220-HWPEZ,Female,0,No,Yes,33,Yes,Yes,DSL,No,No,Yes,No,No,No,Month-to-month,No,Electronic check,47.87,1601.05,1
9292-ZGZCX,Female,0,Yes,No,61,Yes,No,DSL,Yes,No,No,Yes,No,No,Month-to-month,Yes,Mailed check,69.23,4220.6,1
9490-UBBTW,Female,0,Yes,No,67,Yes,Yes,No,No internet service,No internet service,No internet service,No internet service,No internet service,No internet service,Two year,Yes,Credit card (automatic),20.46,1372.73,0
2216-JTIRF,Male,1,No,No,37,Yes,No,DSL,No,No,No,Yes,Yes,Yes,Two year,No,Electronic check,77.3,2840.0,0
8473-TFZYJ,Male,0,No,No,6,Yes,Yes,Fiber optic,No,Yes,Yes,No,Yes,No,Month-to-month,Yes,Electronic check,86.19,542.99,1
6528-YIICL,Female,0,No,No,9,Yes,No,No,No internet service,No internet service,No internet service,No internet service,No internet service,No internet service,One year,Yes,Electronic check,18.25,154.03,1
2064-KNYSJ,Female,0,Yes,No,6,Yes,No,No,No internet service,No internet service,No internet service,No internet service,No internet service,No internet service,Month-to-month,Yes,Mailed check,20.41,109.7,1
4786-SEVIA,Male,0,Yes,No,37,Yes,Yes,Fiber optic,No,No,No,No,No,No,Month-to-month,Yes,Electronic check,83.36,3082.55,1
5410-OXDZG,Male,0,Yes,No,61,Yes,Yes,No,No internet service,No internet service,No internet service,No internet service,No internet service,No internet service,Month-to-month,Yes,Mailed check,19.1,1179.72,0
8405-FOFGT,Male,0,No,No,63,Yes,Yes,Fiber optic,No,No,No,No,Yes,No,Two year,Yes,Mailed check,82.3,5165.22,0
8695-VCUMB,Male,1,No,Yes,26,Yes,Yes,No,No internet service,No internet service,No internet service,No internet service,No internet service,No internet service,Month-to-month,Yes,Mailed check,25.55,649.22,1
8919-CMIVS,Male,0,No,No,11,Yes,No,DSL,No,Yes,Yes,No,No,No,Month-to-month,Yes,Mailed check,45.02,508.12,1
4008-REJNU,Male,0,Yes,Yes,14,Yes,No,Fiber optic,No,Yes,Yes,No,No,No,Two year,Yes,Mailed check,74.13,1033.17,0
2105-QCGIE,Male,0,Yes,Yes,31,No,No phone service,Fiber optic,No,No,Yes,Yes,No,No,Two year,No,Electronic check,87.4,2720.44,0
6360-DCZMI,Male,0,Yes,No,11,Yes,No,Fiber optic,Yes,No,No,No,No,No,Two year,No,Electronic check,93.76,1035.88,1
8212-WGHJA,Male,1,No,No,67,No,No phone service,Fiber optic,Yes,No,No,No,No,No,Two year,Yes,Electronic check,96.01,6417.31,0
9332-TUUAS,Male,0,No,Yes,69,Yes,Yes,DSL,No,No,No,Yes,No,No,Month-to-month,Yes,Mailed check,57.33,3988.63,0
6313-BLWMN,Male,0,No,Yes,3,Yes,Yes,DSL,Yes,No,No,No,No,No,Month-to-month,Yes,Mailed check,63.24,202.56,1
8073-ECXQA,Female,0,No,Yes,8,Yes,No,Fiber optic,Yes,Yes,No,Yes,No,No,Month-to-month,No,Credit card (automatic),104.42,856.15,1
5369-NFQDF,Female,0,Yes,No,12,Yes,No,DSL,Yes,No,No,No,Yes,Yes,Month-to-month,Yes,Bank transfer (automatic),89.33,1064.75,0
3765-AIDII,Female,0,No,Yes,37,Yes,Yes,DSL,No,No,No,No,Yes,Yes,Month-to-month,Yes,Credit card (automatic),67.27,2505.23,1
4929-VMWQU,Male,0,Yes,Yes,5,Yes,Yes,No,No internet service,No internet service,No internet service,No internet service,No internet service,No internet service,Two year,Yes,Electronic check,28.49,158.52,1
6741-CZZFT,Male,0,Yes,Yes,35,Yes,Yes,DSL,No,No,No,No,Yes,No,One year,No,Electronic check,65.07,2301.81,1
8542-ONMIW,Female,0,Yes,Yes,3,Yes,Yes,DSL,No,No,Yes,Yes,No,Yes,Two year,No,Electronic check,74.11,204.23,0
7043-ONDKV,Female,0,Yes,No,8,No,No phone service,DSL,Yes,Yes,No,No,No,Yes,Month-to-month,Yes,Credit card (automatic),75.69,612.45,1
6153-BPSPG,Male,0,No,Yes,67,Yes,No,Fiber optic,No,Yes,Yes,Yes,No,No,Month-to-month,Yes,Mailed check,88.93,5960.15,1
8622-KLDPZ,Male,0,No,No,5,Yes,Yes,No,No internet service,No internet service,No internet service,No internet service,No internet service,No internet service,One year,Yes,Credit card (automatic),28.68,154.75,1
3451-PGYME,Male,0,Yes,No,33,Yes,No,DSL,Yes,No,Yes,Yes,No,No,Month-to-month,Yes,Credit card (automatic),74.39,2445.57,0
6821-AEVNK,Female,0,No,Yes,60,Yes,Yes,Fiber optic,Yes,Yes,No,No,No,Yes,Month-to-month,No,Credit card (automatic),93.72,5635.69,1
6883-BXRON,Male,0,Yes,No,57,Yes,Yes,Fiber optic,No,Yes,No,No,No,No,One year,No,Electronic check,74.28,4248.75,0
4824-YMBSH,Male,0,No,No,27,Yes,Yes,No,No internet service,No internet service,No internet service,No internet service,No internet service,No internet service,One year,No,Mailed check,18.25,502.12,0
8949-VQOTU,Male,0,No,No,6,Yes,No,Fiber optic,No,No,No,No,No,Yes,Month-to-month,No,Bank transfer (automatic),98.37,603.21,1
3652-NCQCM,Male,0,Yes,No,5,Yes,No,No,No internet service,No internet service,No internet service,No internet service,No internet service,No internet service,Two year,Yes,Mailed check,19.47,117.11,0
9404-YRAGW,Female,0,Yes,No,1,Yes,No,No,No internet service,No internet service,No internet service,No internet service,No internet service,No internet service,One year,No,Credit card (automatic),18.25,18.25,1
4743-EBQUJ,Female,1,No,No,1,No,No phone service,No,No internet service,No internet service,No internet service,No internet service,No internet service,No internet service,One year,No,Credit card (automatic),26.75,26.75,0
3176-DIUKZ,Male,0,Yes,No,48,Yes,Yes,No,No internet service,No internet service,No internet service,No internet service,No internet service,No internet service,Month-to-month,Yes,Electronic check,18.25,869.31,1
9328-LLRDI,Female,0,Yes,No,1,No,No phone service,Fiber optic,No,Yes,Yes,No,No,No,Month-to-month,No,Electronic check,82.16,94.38,1
4318-HSXMB,Female,0,No,Yes,8,Yes,Yes,Fiber optic,No,No,No,No,No,Yes,Month-to-month,No,Bank transfer (automatic),87.27,695.12,1
7171-SNEZJ,Male,0,No,No,8,Yes,No,DSL,No,No,No,Yes,No,Yes,Month-to-month,No,Mailed check,73.57,595.41,1
3787-XQTPQ,Female,0,No,No,9,Yes,Yes,DSL,No,No,No,No,Yes,Yes,Two year,Yes,Credit card (automatic),86.75,806.3,1
5105-AUVOQ,Male,0,No,Yes,1,Yes,No,Fiber optic,Yes,Yes,No,Yes,No,No,One year,Yes,Bank transfer (automatic),97.85,97.85,1
6123-KVEDZ,Male,0,No,No,11,Yes,No,Fiber optic,No,No,Yes,No,No,No,Month-to-month,No,Electronic check,82.76,926.09,1
2676-UXIPL,Female,0,Yes,No,66,Yes,Yes,DSL,No,No,No,No,No,Yes,Month-to-month,Yes,Mailed check,63.98,4227.03,1
4947-RVCOR,Male,1,No,No,61,Yes,Yes,DSL,No,No,No,No,Yes,Yes,One year,Yes,Credit card (automatic),78.76,4810.69,0
9903-LMADH,Male,0,Yes,No,9,Yes,No,Fiber optic,Yes,No,No,No,No,No,Two year,Yes,Credit card (automatic),86.87,785.2,1
8155-SUZUE,Male,0,Yes,No,15,Yes,No,DSL,Yes,Yes,No,Yes,No,No,Month-to-month,Yes,Mailed check,73.23,1111.63,1
6365-KYXXQ,Male,0,Yes,Yes,56,Yes,No,Fiber optic,Yes,Yes,No,Yes,No,Yes,Month-to-month,Yes,Electronic check,112.9,6337.1,1
9367-QBXZA,Female,0,No,No,16,Yes,No,Fiber optic,No,Yes,No,No,Yes,Yes,Month-to-month,No,Electronic check,103.62,1637.5,1
9346-DIBCF,Male,1,Yes,No,16,Yes,No,No,No internet service,No internet service,No internet service,No internet service,No internet service,No internet service,Month-to-month,Yes,Electronic check,19.45,276.33,1
3503-MOKJC,Female,0,Yes,Yes,2,Yes,No,Fiber optic,No,No,No,No,Yes,Yes,One year,Yes,Mailed check,106.28,198.9,1
8076-TIYJU,Female,0,No,No,34,Yes,No,DSL,Yes,No,Yes,No,No,No,Two year,Yes,Bank transfer (automatic),51.32,1724.38,0
3369-WYXWL,Female,0,Yes,No,12,Yes,Yes,DSL,No,Yes,No,Yes,Yes,No,Month-to-month,Yes,Electronic check,74.13,872.4,1
3217-HUUUQ,Male,1,Yes,No,61,Yes,No,DSL,No,Yes,No,No,No,Yes,Month-to-month,No,Bank transfer (automatic),58.93,3598.24,0
3218-VEXHR,Female,1,Yes,Yes,63,Yes,Yes,DSL,Yes,No,No,Yes,No,Yes,Two year,No,Electronic check,77.29,4873.26,0
4326-KVJZO,Female,0,No,No,62,Yes,Yes,Fiber optic,No,No,Yes,No,No,Yes,Month-to-month,Yes,Bank transfer (automatic),97.41,6035.79,1
8508-FSQWJ,Female,0,No,No,2,Yes,Yes,Fiber optic,No,Yes,Yes,No,Yes,Yes,One year,Yes,Mailed check,104.61,236.19,1
4583-EPLZU,Female,0,Yes,No,3,Yes,No,Fiber optic,No,No,Yes,No,No,No,One year,No,Credit card (automatic),81.62,249.85,1
8669-XEUAB,Female,0,No,Yes,8,Yes,Yes,Fiber optic,No,No,No,No,No,Yes,Two year,Yes,Credit card (automatic),103.0,825.51,1
7581-EWSOA,Female,0,No,No,52,Yes,No,Fiber optic,No,No,Yes,No,Yes,Yes,One year,No,Mailed check,104.48,5446.37,0
7194-KRCIX,Female,0,Yes,Yes,61,Yes,No,No,No internet service,No internet service,No internet service,No internet service,No internet service,No internet service,Month-to-month,No,Mailed check,18.28,1099.38,1
6180-DXMIC,Male,1,No,No,67,Yes,No,No,No internet service,No internet service,No internet service,No internet service,No internet service,No internet service,Month-to-month,No,Bank transfer (automatic),18.25,1251.3,1
9574-PVHZG,Male,0,No,No,1,Yes,No,DSL,No,Yes,No,Yes,No,Yes,One year,Yes,Electronic check,68.16,68.16,1
1085-YWQYP,Female,0,Yes,No,34,Yes,Yes,Fiber optic,No,No,No,No,Yes,No,One year,No,Bank transfer (automatic),83.48,2846.36,0
3801-UVRPO,Female,0,Yes,No,11,Yes,No,DSL,No,Yes,No,No,Yes,Yes,One year,Yes,Mailed check,80.34,910.44,1
4671-BTDEG,Male,1,No,No,61,Yes,No,Fiber optic,Yes,Yes,No,No,Yes,Yes,Two year,Yes,Mailed check,118.75,7244.54,0
4667-OQJTI,Female,0,Yes,Yes,12,Yes,Yes,Fiber optic,Yes,Yes,Yes,No,No,No,Month-to-month,Yes,Credit card (automatic),97.86,1168.76,1
9811-PXCVI,Female,1,Yes,No,2,Yes,No,Fiber optic,No,Yes,No,No,Yes,Yes,Two year,Yes,Electronic check,106.73,212.16,1
5590-HWGQE,Male,0,Yes,No,2,Yes,No,DSL,No,No,No,No,No,Yes,Month-to-month,No,Electronic check,64.48,118.17,1
3019-GMRVN,Female,0,Yes,Yes,64,Yes,No,DSL,No,No,No,No,No,No,Month-to-month,Yes,Electronic check,37.46,2421.26,0
8443-RCQSG,Female,0,No,No,9,Yes,Yes,DSL,No,Yes,Yes,No,Yes,No,Month-to-month,No,Bank transfer (automatic),53.7,496.57,1
3525-UDOXH,Female,0,Yes,No,5,Yes,Yes,No,No internet service,No internet service,No internet service,No internet service,No internet service,No internet service,Month-to-month,No,Credit card (automatic),34.21,159.62,1
8793-PAYPY,Female,0,Yes,No,63,Yes,Yes,DSL,No,No,Yes,Yes,No,No,Month-to-month,Yes,Credit card (automatic),62.83,3959.04,1
7979-BBHLK,Male,1,No,No,6,Yes,No,No,No internet service,No internet service,No internet service,No internet service,No internet service,No internet service,One year,Yes,Mailed check,20.02,125.02,1
8565-FSREO,Female,0,No,Yes,5,Yes,No,No,No internet service,No internet service,No internet service,No internet service,No internet service,No internet service,Month-to-month,Yes,Bank transfer (automatic),27.77,128.6,1
8223-HFLSL,Female,0,No,No,4,Yes,Yes,DSL,No,Yes,Yes,Yes,Yes,Yes,One year,Yes,Bank transfer (automatic),92.63,372.57,1
6444-LIXJV,Male,0,No,No,54,No,No phone service,Fiber optic,No,Yes,Yes,Yes,No,No,Month-to-month,Yes,Mailed check,86.65,4644.88,1
3895-QRPDR,Male,0,No,Yes,12,Yes,No,No,No internet service,No internet service,No internet service,No internet service,No internet service,No internet service,Month-to-month,No,Bank transfer (automatic),21.17,244.65,1
8553-CPNXI,Female,0,No,No,7,Yes,Yes,Fiber optic,Yes,Yes,No,Yes,Yes,Yes,Month-to-month,Yes,Mailed check,118.75,837.8,1
5714-FDBWJ,Female,0,No,No,26,Yes,No,Fiber optic,No,No,Yes,No,Yes,No,Month-to-month,No,Bank transfer (automatic),88.13,2293.48,1
9274-KGZYE,Female,0,Yes,No,15,Yes,Yes,No,No internet service,No internet service,No internet service,No internet service,No internet service,No internet service,One year,Yes,Mailed check,19.2,309.5,0
4425-ZDZFB,Female,0,No,No,15,No,No phone service,Fiber optic,Yes,Yes,Yes,No,No,Yes,Two year,Yes,Electronic check,103.34,1554.83,0
6580-BPYWW,Female,0,No,No,5,Yes,No,DSL,Yes,No,Yes,No,No,Yes,Month-to-month,Yes,Credit card (automatic),69.68,349.68,1
6414-MUGYZ,Female,1,Yes,Yes,9,No,No phone service,DSL,No,Yes,No,No,Yes,No,Month-to-month,Yes,Electronic check,69.23,630.7,1
7888-EYQMO,Female,0,Yes,No,2,Yes,No,Fiber optic,No,No,No,Yes,Yes,Yes,One year,No,Electronic check,118.75,256.82,1
9984-CWDOR,Male,0,No,Yes,50,Yes,Yes,DSL,Yes,Yes,Yes,No,No,No,Two year,Yes,Credit card (automatic),60.86,3066.54,0
9508-CGHKY,Male,1,No,No,53,Yes,No,No,No internet service,No internet service,No internet service,No internet service,No internet service,No internet service,Month-to-month,No,Credit card (automatic),18.25,977.87,0
3001-VZITL,Female,1,Yes,No,10,Yes,No,DSL,Yes,No,Yes,Yes,No,Yes,Month-to-month,No,Electronic check,90.63,891.15,1
8465-EANYY,Female,0,No,No,6,Yes,Yes,Fiber optic,Yes,No,Yes,No,No,No,Month-to-month,Yes,Credit card (automatic),92.44,545.42,1
1869-YCOJZ,Female,0,No,No,60,Yes,No,No,No internet service,No internet service,No internet service,No internet service,No internet service,No internet service,Month-to-month,Yes,Electronic check,27.88,1681.57,1
1356-JXCFE,Female,0,Yes,Yes,8,Yes,No,No,No internet service,No internet service,No internet service,No internet service,No internet service,No internet service,Month-to-month,Yes,Electronic check,24.63,187.11,1
8228-XSNQL,Female,0,Yes,Yes,4,Yes,No,Fiber optic,No,No,No,No,Yes,No,Month-to-month,Yes,Electronic check,90.82,329.65,1
7191-IZYCR,Female,0,No,Yes,52,Yes,No,Fiber optic,Yes,Yes,No,No,Yes,Yes,Month-to-month,Yes,Electronic check,107.11,5578.49,1
2275-DNXFZ,Male,0,Yes,No,61,Yes,Yes,Fiber optic,No,Yes,No,No,Yes,Yes,Month-to-month,Yes,Electronic check,106.16,6455.47,1
2890-OQXEF,Male,0,Yes,Yes,10,Yes,No,Fiber optic,Yes,No,No,No,No,No,Month-to-month,Yes,Credit card (automatic),90.68,907.7,1
8761-UZESN,Female,0,Yes,No,71,Yes,No,Fiber optic,No,No,Yes,No,Yes,Yes,One year,No,Electronic check,113.77,8099.37,1
8382-DEKBV,Female,1,No,Yes,17,Yes,Yes,No,No internet service,No internet service,No internet service,No internet service,No internet service,No internet service,One year,Yes,Bank transfer (automatic),26.92,451.38,0
9250-BTLPQ,Female,0,Yes,No,50,Yes,No,No,No internet service,No internet service,No internet service,No internet service,No internet service,No internet service,Month-to-month,Yes,Bank transfer (automatic),18.25,921.6,1
4563-DNGOP,Male,0,Yes,Yes,5,Yes,No,No,No internet service,No internet service,No internet service,No internet service,No internet service,No internet service,Two year,No,Bank transfer (automatic),18.25,86.56,0
5958-HBSAW,Male,0,Yes,No,60,No,No phone service,DSL,No,No,Yes,Yes,No,No,Two year,Yes,Credit card (automatic),63.63,3822.33,0
7651-DZXUY,Male,1,Yes,No,7,Yes,Yes,DSL,No,No,No,No,No,Yes,Month-to-month,Yes,Mailed check,54.12,386.0,1
3380-VKJRA,Female,1,Yes,No,69,Yes,Yes,DSL,No,No,No,Yes,No,No,Two year,No,Electronic check,55.65,3827.66,0
4823-QPLPI,Male,0,Yes,Yes,4,Yes,No,No,No internet service,No internet service,No internet service,No internet service,No internet service,No internet service,One year,Yes,Electronic check,18.25,63.43,0
7829-QCROO,Female,0,Yes,No,13,No,No phone service,DSL,No,No,Yes,Yes,Yes,Yes,Month-to-month,No,Credit card (automatic),76.87,1004.97,1
9029-PTAAD,Female,0,Yes,No,10,No,No phone service,DSL,No,No,Yes,No,Yes,Yes,Month-to-month,No,Mailed check,66.3,669.61,1
4306-MDWHM,Female,0,Yes,No,62,Yes,Yes,No,No internet service,No internet service,No internet service,No internet service,No internet service,No internet service,One year,No,Mailed check,23.59,1467.7,1
9087-XHNYA,Female,0,No,No,3,Yes,Yes,DSL,No,No,Yes,Yes,No,Yes,Month-to-month,No,Bank transfer (automatic),72.94,200.4,1
4499-IZXAG,Male,0,No,No,23,Yes,No,DSL,No,No,No,No,Yes,Yes,Month-to-month,Yes,Electronic check,79.53,1822.53,1
6368-YTMOI,Female,0,No,No,12,Yes,No,No,No internet service,No internet service,No internet service,No internet service,No internet service,No internet service,Month-to-month,Yes,Credit card (automatic),20.5,242.56,1
2116-PQIFT,Female,0,No,No,65,Yes,No,DSL,Yes,Yes,No,No,No,Yes,Month-to-month,Yes,Mailed check,78.03,5081.31,1
9877-LPUOG,Male,0,No,Yes,8,Yes,Yes,No,No internet service,No internet service,No internet service,No internet service,No internet service,No internet service,Two year,No,Electronic check,18.25,174.25,0
8613-JDXCR,Female,0,Yes,No,8,No,No phone service,Fiber optic,No,Yes,Yes,No,No,Yes,One year,No,Electronic check,94.69,752.29,1
6403-AMVRH,Female,0,Yes,Yes,70,Yes,Yes,Fiber optic,Yes,No,No,No,No,No,Month-to-month,Yes,Electronic check,89.97,6312.57,1
7632-KJDYD,Female,1,No,No,12,Yes,No,DSL,No,No,Yes,No,Yes,No,Month-to-month,No,Electronic check,63.94,773.81,1
7401-DLHMH,Male,0,Yes,No,44,Yes,No,No,No internet service,No internet service,No internet service,No internet service,No internet service,No internet service,Month-to-month,Yes,Credit card (automatic),22.45,1003.93,1
4645-UCLRO,Female,0,No,No,62,Yes,Yes,Fiber optic,No,No,No,Yes,No,Yes,Two year,Yes,Mailed check,108.08,6704.66,0
3500-YNIEO,Female,0,No,No,68,Yes,Yes,DSL,Yes,Yes,Yes,No,No,Yes,Two year,Yes,Mailed check,69.36,4731.54,0
6242-HWCLE,Male,0,No,No,62,No,No phone service,Fiber optic,No,No,No,Yes,Yes,Yes,One year,No,Bank transfer (automatic),112.9,6996.42,0
3783-ITCWH,Female,0,No,No,39,Yes,No,DSL,No,No,No,No,No,No,Month-to-month,Yes,Credit card (automatic),52.17,2044.42,1
4809-UMHEY,Female,0,Yes,No,5,Yes,No,Fiber optic,No,No,Yes,No,No,No,Two year,Yes,Electronic check,81.1,413.17,1
6331-GEIEH,Female,0,Yes,No,72,Yes,No,DSL,Yes,No,No,No,No,No,Two year,No,Electronic check,59.11,4228.23,0
8378-LDIVV,Female,0,Yes,No,4,Yes,No,No,No internet service,No internet service,No internet service,No internet service,No internet service,No internet service,One year,No,Electronic check,20.43,77.47,0
7279-NSMCD,Male,1,Yes,No,4,Yes,Yes,Fiber optic,No,No,No,No,Yes,No,One year,Yes,Credit card (automatic),90.78,331.06,1
2696-AVAKP,Male,1,No,No,4,Yes,Yes,No,No internet service,No internet service,No internet service,No internet service,No internet service,No internet service,Month-to-month,No,Mailed check,18.25,34.61,1
6771-DGLFX,Female,1,Yes,No,7,Yes,No,Fiber optic,No,Yes,Yes,No,No,No,One year,Yes,Electronic check,80.24,574.76,1
3052-TIZHN,Male,1,No,No,62,Yes,Yes,Fiber optic,No,No,No,No,No,Yes,Month-to-month,Yes,Credit card (automatic),98.44,6116.42,1
2776-OUVEO,Female,0,Yes,No,3,Yes,No,Fiber optic,No,No,No,No,No,No,One year,Yes,Electronic check,77.59,238.68,1
6281-FATID,Female,0,Yes,No,39,Yes,No,No,No internet service,No internet service,No internet service,No internet service,No internet service,No internet service,Month-to-month,Yes,Credit card (automatic),19.33,748.38,0
4313-BFBCG,Male,1,No,Yes,8,Yes,No,DSL,No,No,Yes,No,No,No,Two year,No,Credit card (automatic),51.32,403.67,0
5781-TQIVI,Female,0,No,No,45,Yes,Yes,Fiber optic,No,No,Yes,No,Yes,No,Two year,Yes,Electronic check,93.38,4218.25,0
9353-SEYFR,Female,0,No,Yes,63,Yes,No,Fiber optic,Yes,Yes,No,Yes,Yes,No,Month-to-month,Yes,Bank transfer (automatic),105.55,6634.28,1
6457-AYQNO,Female,0,No,Yes,64,No,No phone service,Fiber optic,No,Yes,Yes,No,Yes,No,Two year,No,Credit card (automatic),97.34,6230.44,0
2592-EQUUW,Female,0,Yes,No,19,Yes,Yes,DSL,No,No,Yes,Yes,No,Yes,Month-to-month,No,Credit card (automatic),73.99,1398.88,1
2723-WKJQY,Male,0,No,Yes,29,Yes,Yes,DSL,No,Yes,No,No,No,No,Month-to-month,No,Electronic check,46.47,1337.25,1
8656-AEPGL,Male,0,No,No,70,Yes,No,No,No internet service,No internet service,No internet service,No internet service,No internet service,No internet service,Month-to-month,Yes,Electronic check,18.25,1272.48,1
8968-HRATL,Male,0,Yes,No,8,Yes,No,DSL,No,No,No,No,Yes,Yes,One year,Yes,Electronic check,72.66,575.32,1
7676-DZLVA,Male,0,Yes,No,1,No,No phone service,DSL,Yes,No,No,Yes,No,Yes,Two year,No,Mailed check,79.11,79.11,0
1490-ACULV,Male,1,No,No,42,Yes,No,DSL,No,No,No,No,No,No,Month-to-month,No,Electronic check,56.27,2374.55,1
9207-UMMUI,Female,0,Yes,No,62,Yes,No,DSL,Yes,Yes,No,No,No,Yes,Month-to-month,Yes,Mailed check,72.54,4527.93,1
4483-RAFYW,Male,0,No,Yes,5,Yes,Yes,DSL,Yes,No,Yes,Yes,No,Yes,Month-to-month,Yes,Credit card (automatic),85.47,420.81,0
4431-XEZDF,Male,0,No,No,31,Yes,Yes,No,No internet service,No internet service,No internet service,No internet service,No internet service,No internet service,Month-to-month,Yes,Electronic check,26.39,820.35,1
7045-CQKDY,Female,0,Yes,Yes,38,Yes,Yes,DSL,No,Yes,No,No,Yes,No,One year,Yes,Bank transfer (automatic),69.38,2645.89,1
9774-TADWC,Female,0,Yes,No,10,Yes,No,Fiber optic,Yes,No,No,Yes,No,No,One year,No,Credit card (automatic),96.44,970.99,1
1025-JVADS,Female,1,No,No,8,Yes,Yes,No,No internet service,No internet service,No internet service,No internet service,No internet service,No internet service,Month-to-month,Yes,Mailed check,18.25,141.55,1
4512-APSTU,Female,0,No,No,60,Yes,Yes,No,No internet service,No internet service,No internet service,No internet service,No internet service,No internet service,Two year,Yes,Electronic check,27.7,1670.2,0
3409-VRBFU,Female,0,Yes,No,69,Yes,No,Fiber optic,Yes,No,No,No,Yes,No,One year,Yes,Credit card (automatic),92.86,6422.81,1
4270-ASEBA,Male,0,No,No,11,Yes,Yes,No,No internet service,No internet service,No internet service,No internet service,No internet service,No internet service,Month-to-month,Yes,Bank transfer (automatic),18.51,200.97,1
2552-PYUBZ,Male,0,No,No,2,Yes,Yes,Fiber optic,No,No,Yes,No,No,Yes,Month-to-month,Yes,Electronic check,90.93,158.85,1
9264-DCWQO,Male,0,Yes,No,17,Yes,No,No,No internet service,No internet service,No internet service,No internet service,No internet service,No internet service,Two year,Yes,Electronic check,20.87,341.08,0
8324-JLLTG,Female,0,No,No,26,Yes,Yes,No,No internet service,No internet service,No internet service,No internet service,No internet service,No internet service,One year,Yes,Bank transfer (automatic),26.52,680.77,0
4871-JETTK,Male,0,No,Yes,47,Yes,No,DSL,No,No,No,Yes,No,Yes,Month-to-month,Yes,Mailed check,75.3,3537.73,1
4402-BXPLP,Female,0,Yes,No,56,Yes,No,DSL,Yes,Yes,Yes,No,No,No,Month-to-month,Yes,Mailed check,62.43,3466.58,1
5529-DBYJM,Male,0,No,No,7,Yes,No,Fiber optic,No,No,Yes,No,No,No,Month-to-month,Yes,Mailed check,75.67,540.41,1
1979-WSOWA,Female,0,No,No,10,Yes,Yes,DSL,No,No,Yes,No,Yes,Yes,Month-to-month,Yes,Mailed check,69.92,691.77,1
3655-QTDTI,Male,0,Yes,Yes,65,Yes,Yes,DSL,Yes,Yes,Yes,Yes,Yes,No,Month-to-month,No,Credit card (automatic),73.31,4784.16,0
2847-FCVBR,Male,0,Yes,No,55,Yes,No,No,No internet service,No internet service,No internet service,No internet service,No internet service,No internet service,Two year,No,Credit card (automatic),24.53,1333.75,0
7400-WSGCR,Female,1,No,No,11,Yes,Yes,DSL,No,No,Yes,No,No,Yes,Month-to-month,No,Electronic check,62.15,691.28,1
7657-TTSIP,Female,0,Yes,Yes,10,Yes,Yes,DSL,No,Yes,Yes,No,No,No,Two year,Yes,Bank transfer (automatic),52.79,534.68,0
6751-FULFM,Female,0,No,No,6,Yes,No,No,No internet service,No internet service,No internet service,No internet service,No internet service,No internet service,Month-to-month,Yes,Mailed check,26.53,107.64,1
8279-XEMTG,Male,0,No,No,19,Yes,Yes,DSL,No,No,No,No,Yes,Yes,Month-to-month,Yes,Electronic check,75.89,1444.83,1
6795-LUDEP,Female,0,No,No,2,No,No phone service,No,No internet service,No internet service,No internet service,No internet service,No internet service,No internet service,One year,Yes,Electronic check,22.7,54.49,0
2102-DHPHQ,Female,0,No,No,10,Yes,No,Fiber optic,No,No,No,Yes,No,Yes,One year,Yes,Electronic check,101.17,1034.61,1
4276-NLCTB,Female,0,Yes,Yes,52,Yes,Yes,No,No internet service,No internet service,No internet service,No internet service,No internet service,No internet service,One year,Yes,Mailed check,18.25,963.09,0
6934-MUKXL,Male,0,Yes,No,62,Yes,Yes,No,No internet service,No internet service,No internet service,No internet service,No internet service,No internet service,Two year,No,Electronic check,18.25,1136.01,0
8271-RIGFX,Female,0,No,Yes,72,Yes,No,Fiber optic,No,Yes,No,No,Yes,No,Month-to-month,No,Mailed check,98.3,7088.93,1
7822-NRNET,Male,0,No,Yes,72,No,No phone service,No,No internet service,No internet service,No internet service,No internet service,No internet service,No internet service,One year,No,Electronic check,21.82,1532.15,1
4996-XMALS,Male,0,No,No,58,No,No phone service,Fiber optic,No,No,Yes,No,No,Yes,Month-to-month,No,Electronic check,94.95,5518.99,1
1194-JXETF,Male,0,No,No,24,Yes,Yes,Fiber optic,No,Yes,No,No,Yes,Yes,One year,No,Mailed check,103.89,2497.44,1
9167-LUCNU,Female,0,Yes,Yes,57,Yes,No,Fiber optic,No,Yes,Yes,No,No,No,Two year,Yes,Bank transfer (automatic),81.82,4675.29,0
1643-DQQNO,Male,0,No,Yes,71,Yes,Yes,DSL,No,Yes,No,No,Yes,No,One year,Yes,Electronic check,64.16,4573.65,1
4285-GDQFK,Female,0,Yes,No,3,Yes,No,No,No internet service,No internet service,No internet service,No internet service,No internet service,No internet service,Two year,No,Credit card (automatic),20.32,40.19,0
4116-LOLKQ,Female,0,Yes,Yes,10,Yes,No,DSL,No,No,No,Yes,No,No,Month-to-month,Yes,Electronic check,65.03,668.5,1
4575-HLIKC,Female,1,Yes,No,6,Yes,No,DSL,No,Yes,Yes,Yes,Yes,No,Month-to-month,Yes,Mailed check,77.11,492.25,1
9019-GUCUP,Male,0,Yes,No,63,Yes,Yes,Fiber optic,No,Yes,No,No,No,No,Month-to-month,No,Bank transfer (automatic),81.32,5128.89,1
5320-JWGYX,Male,0,No,No,28,Yes,No,Fiber optic,No,Yes,Yes,No,No,Yes,Two year,Yes,Mailed check,88.7,2507.66,1
9991-TOUUJ,Male,0,Yes,Yes,26,Yes,No,Fiber optic,Yes,No,Yes,Yes,No,Yes,Two year,No,Bank transfer (automatic),100.14,2582.64,0
3207-LRWWI,Female,0,No,No,60,Yes,Yes,Fiber optic,Yes,No,No,Yes,Yes,Yes,Month-to-month,Yes,Mailed check,118.75,7110.46,1
5552-IDEGZ,Female,0,No,No,29,No,No phone service,Fiber optic,Yes,No,No,Yes,No,Yes,Month-to-month,Yes,Mailed check,107.46,3100.49,0
9610-GKJKX,Male,0,No,Yes,71,Yes,No,DSL,No,Yes,Yes,Yes,No,No,Two year,No,Electronic check,68.78,4898.09,0
4718-XRLYP,Male,0,No,No,8,Yes,No,No,No internet service,No internet service,No internet service,No internet service,No internet service,No internet service,Month-to-month,No,Mailed check,21.08,143.98,1
1972-DQQUW,Female,1,No,No,6,Yes,Yes,Fiber optic,No,No,Yes,No,Yes,Yes,Month-to-month,Yes,Electronic check,103.21,598.35,1
8502-EMCWQ,Female,0,Yes,Yes,5,Yes,No,DSL,No,Yes,No,No,No,No,One year,No,Credit card (automatic),53.77,280.47,1
1719-KARQI,Female,0,No,Yes,67,Yes,Yes,DSL,No,No,Yes,Yes,No,Yes,Month-to-month,Yes,Electronic check,68.53,4601.18,0
9482-TGEPG,Female,1,Yes,No,17,Yes,Yes,Fiber optic,Yes,No,No,Yes,Yes,Yes,One year,Yes,Electronic check,118.75,2009.09,0
4896-MMOWQ,Male,0,Yes,Yes,47,Yes,Yes,Fiber optic,No,No,Yes,No,Yes,No,Month-to-month,Yes,Mailed check,90.49,4242.19,1
3803-QSJBN,Male,0,No,Yes,1,Yes,No,No,No internet service,No internet service,No internet service,No internet service,No internet service,No internet service,Two year,Yes,Electronic check,21.55,58.3,0
3566-WCGYK,Female,0,No,No,5,Yes,Yes,DSL,Yes,Yes,No,No,Yes,No,Month-to-month,No,Mailed check,72.95,359.15,1
5025-QOSKO,Male,0,Yes,No,15,No,No phone service,No,No internet service,No internet service,No internet service,No internet service,No internet service,No internet service,Two year,No,Bank transfer (automatic),23.07,343.39,0
1032-OFOIE,Male,0,No,No,1,No,No phone service,Fiber optic,Yes,No,No,Yes,No,No,One year,Yes,Credit card (automatic),101.78,110.17,1
7769-SXEVM,Female,0,Yes,No,12,Yes,No,Fiber optic,No,No,No,Yes,No,No,One year,No,Mailed check,93.38,1103.8,1
8693-RTQON,Female,0,No,No,41,Yes,No,No,No internet service,No internet service,No internet service,No internet service,No internet service,No internet service,Month-to-month,Yes,Bank transfer (automatic),21.61,869.57,1
5063-PDQTN,Male,0,No,No,10,Yes,No,No,No internet service,No internet service,No internet service,No internet service,No internet service,No internet service,Two year,Yes,Bank transfer (automatic),18.25,200.91,1
8896-RFVHI,Female,0,Yes,No,2,Yes,No,Fiber optic,Yes,No,Yes,No,Yes,No,Two year,No,Mailed check,109.72,230.06,0
2697-XAMCF,Male,0,No,No,11,No,No phone service,DSL,No,No,No,No,No,Yes,Month-to-month,Yes,Mailed check,64.55,711.09,1
3792-QHFPA,Female,0,Yes,No,67,Yes,No,DSL,No,Yes,No,No,Yes,No,Month-to-month,Yes,Bank transfer (automatic),65.39,4380.27,1
3222-JRVZN,Male,0,No,No,9,Yes,Yes,Fiber optic,No,Yes,No,No,No,Yes,Month-to-month,No,Mailed check,84.8,768.51,1
4764-XEQNZ,Female,0,No,No,42,Yes,No,DSL,No,Yes,No,No,Yes,Yes,Month-to-month,Yes,Credit card (automatic),64.88,2694.76,1
4866-RDTWB,Male,0,Yes,No,37,Yes,Yes,Fiber optic,No,Yes,No,No,No,No,Month-to-month,No,Credit card (automatic),80.32,2987.1,1
8406-GGGMS,Female,0,No,No,4,Yes,No,Fiber optic,No,Yes,No,No,No,No,Month-to-month,No,Bank transfer (automatic),82.36,336.36,1
8877-VFTQY,Female,0,Yes,No,65,Yes,No,Fiber optic,No,Yes,No,No,Yes,Yes,Month-to-month,No,Mailed check,99.29,6454.11,1
6685-RYXAW,Female,0,Yes,Yes,8,Yes,No,Fiber optic,No,No,No,No,Yes,No,Two year,Yes,Bank transfer (automatic),93.92,753.75,1
6701-MZSPJ,Female,0,No,No,24,Yes,Yes,Fiber optic,No,No,No,No,No,Yes,Month-to-month,No,Credit card (automatic),91.62,2186.33,1
4758-MJNIU,Female,0,Yes,Yes,9,Yes,Yes,DSL,No,Yes,Yes,Yes,No,Yes,Two year,No,Electronic check,76.37,696.46,0
7543-KCHLC,Male,1,Yes,No,30,Yes,Yes,Fiber optic,No,No,Yes,No,No,No,Month-to-month,Yes,Electronic check,79.26,2377.61,1
4227-GNGGN,Male,1,No,No,12,Yes,No,Fiber optic,No,No,Yes,No,No,No,Two year,No,Mailed check,88.97,1071.68,1
7270-LAEKA,Female,0,Yes,No,5,Yes,No,DSL,No,No,No,Yes,Yes,No,One year,Yes,Credit card (automatic),67.88,357.04,1
9281-WMXWQ,Male,0,No,No,59,Yes,Yes,DSL,No,No,No,Yes,No,No,Month-to-month,Yes,Electronic check,59.66,3496.83,1
4904-CJSGT,Male,0,No,Yes,42,No,No phone service,DSL,Yes,Yes,Yes,Yes,Yes,No,Month-to-month,No,Mailed check,87.46,3673.17,0
3277-CVLZV,Female,0,No,No,55,Yes,No,Fiber optic,Yes,No,No,Yes,No,Yes,Two year,Yes,Electronic check,111.0,6108.23,0
6589-JULOF,Male,1,No,No,4,Yes,No,Fiber optic,Yes,No,No,No,Yes,No,Month-to-month,No,Electronic check,101.52,394.89,1
2401-SZEYT,Male,0,Yes,Yes,58,Yes,No,DSL,Yes,No,No,Yes,No,No,Month-to-month,No,Credit card (automatic),73.4,4259.14,0
1739-BUSSD,Male,0,No,No,66,Yes,Yes,Fiber optic,Yes,No,Yes,No,Yes,No,Two year,Yes,Bank transfer (automatic),102.74,6783.54,0
5266-TEGDK,Male,0,No,No,2,Yes,No,Fiber optic,No,No,No,No,Yes,No,Month-to-month,Yes,Bank transfer (automatic),92.49,188.23,1
9871-WYCET,Female,0,No,No,23,Yes,No,Fiber optic,No,No,No,Yes,No,No,Month-to-month,Yes,Bank transfer (automatic),95.08,2198.19,1
6906-OYUZR,Male,0,No,Yes,1,Yes,No,No,No internet service,No internet service,No internet service,No internet service,No internet service,No internet service,Month-to-month,No,Bank transfer (automatic),26.55,29.68,1
6994-PPJAW,Male,0,No,No,69,Yes,No,DSL,No,No,No,No,Yes,No,Month-to-month,No,Bank transfer (automatic),63.48,4371.3,1
4851-KQXOY,Male,0,No,Yes,12,Yes,No,Fiber optic,Yes,No,Yes,Yes,Yes,Yes,One year,No,Mailed check,117.32,1403.49,1
8348-GYZFO,Male,0,No,No,1,Yes,No,Fiber optic,Yes,No,No,No,No,No,Month-to-month,Yes,Mailed check,95.19,95.19,1
7591-OGCNI,Female,1,No,No,7,Yes,No,No,No internet service,No internet service,No internet service,No internet service,No internet service,No internet service,Month-to-month,Yes,Electronic check,23.25,144.1,1
8413-CFTIA,Male,0,Yes,No,65,Yes,Yes,Fiber optic,Yes,Yes,Yes,No,No,Yes,One year,Yes,Credit card (automatic),98.26,6404.07,1
9710-ILDZP,Female,0,Yes,No,66,Yes,No,DSL,No,No,No,No,No,Yes,Two year,Yes,Electronic check,66.46,4369.86,0
1674-EQQFZ,Female,0,No,No,55,Yes,No,No,No internet service,No internet service,No internet service,No internet service,No internet service,No internet service,Month-to-month,No,Mailed check,20.59,1119.66,1
6706-OAMPB,Female,0,No,Yes,3,Yes,No,Fiber optic,Yes,Yes,No,No,No,Yes,Month-to-month,No,Electronic check,103.3,324.17,1
6128-SWBUY,Female,1,No,No,5,Yes,No,Fiber optic,Yes,No,No,No,Yes,Yes,Month-to-month,No,Mailed check,118.75,584.73,1
4841-LLZHL,Female,0,No,No,41,Yes,No,Fiber optic,No,No,No,No,Yes,Yes,One year,Yes,Credit card (automatic),97.36,3980.97,1
2815-XKBAY,Male,0,Yes,Yes,30,Yes,No,DSL,No,No,No,No,No,No,Month-to-month,Yes,Credit card (automatic),47.96,1471.63,1
8725-ZDIGV,Male,0,Yes,No,57,Yes,Yes,No,No internet service,No internet service,No internet service,No internet service,No internet service,No internet service,One year,Yes,Credit card (automatic),18.25,1046.75,0
9853-ZYJTN,Female,0,No,Yes,7,Yes,No,Fiber optic,No,No,Yes,Yes,Yes,No,Two year,No,Bank transfer (automatic),106.34,741.98,1
9268-AEMFV,Female,0,Yes,No,51,Yes,No,No,No internet service,No internet service,No internet service,No internet service,No internet service,No internet service,Month-to-month,Yes,Electronic check,18.25,949.54,1
5653-QOGHU,Male,0,No,No,6,Yes,No,DSL,No,No,No,No,No,No,One year,Yes,Bank transfer (automatic),48.59,281.86,0
9601-BRUWG,Male,0,Yes,No,7,Yes,No,Fiber optic,No,No,Yes,No,No,No,One year,Yes,Electronic check,77.11,550.05,1
3100-TPSIL,Female,0,No,No,72,Yes,No,Fiber optic,No,Yes,No,No,No,Yes,One year,No,Electronic check,91.04,6564.02,1
2673-NGBQK,Male,0,Yes,No,52,Yes,No,No,No internet service,No internet service,No internet service,No internet service,No internet service,No internet service,One year,Yes,Electronic check,18.84,996.5,0
3101-RLCUN,Male,0,Yes,No,17,Yes,Yes,DSL,Yes,No,Yes,No,No,Yes,Month-to-month,Yes,Electronic check,79.15,1347.93,1
5213-OSJIJ,Female,0,Yes,No,45,Yes,Yes,Fiber optic,Yes,Yes,Yes,No,No,No,Month-to-month,Yes,Bank transfer (automatic),87.86,3936.88,1
6603-TWDSJ,Female,0,No,Yes,62,Yes,No,Fiber optic,Yes,No,No,No,No,No,Month-to-month,No,Mailed check,92.42,5729.13,1
2548-QLYAK,Female,0,No,Yes,44,Yes,Yes,Fiber optic,No,No,Yes,Yes,Yes,No,Month-to-month,Yes,Electronic check,103.62,4551.04,1
6474-MAAUP,Female,0,Yes,No,35,Yes,No,No,No internet service,No internet service,No internet service,No internet service,No internet service,No internet service,Two year,No,Electronic check,18.25,649.18,0
4323-GWJPA,Female,0,Yes,Yes,10,Yes,No,Fiber optic,No,No,No,No,No,Yes,One year,No,Electronic check,92.68,935.79,1
6836-VIFOD,Male,0,No,Yes,40,Yes,Yes,Fiber optic,No,No,No,Yes,Yes,Yes,Month-to-month,No,Credit card (automatic),118.75,4760.56,1
1355-OJYPM,Female,0,No,No,46,Yes,Yes,Fiber optic,No,No,Yes,No,No,No,Month-to-month,No,Electronic check,92.43,4260.91,1
2461-SZTDT,Male,0,Yes,Yes,39,Yes,No,DSL,Yes,No,No,No,Yes,No,One year,Yes,Electronic check,77.94,3044.65,0
7128-VPKOK,Female,0,No,No,66,Yes,No,DSL,Yes,No,Yes,No,No,No,Two year,Yes,Mailed check,53.74,3560.3,0
9443-WYKCX,Female,1,Yes,No,6,Yes,Yes,DSL,No,No,No,Yes,No,No,Two year,Yes,Credit card (automatic),59.41,348.14,0
4220-XQEMJ,Female,0,No,No,58,Yes,No,Fiber optic,Yes,No,Yes,Yes,No,Yes,One year,Yes,Bank transfer (automatic),106.08,6162.59,1
7997-ELHXL,Female,0,Yes,No,10,Yes,No,DSL,No,Yes,No,Yes,No,No,Month-to-month,Yes,Bank transfer (automatic),62.66,625.84,1
7332-PBCRQ,Female,0,No,Yes,61,Yes,Yes,Fiber optic,Yes,Yes,Yes,No,No,No,Two year,Yes,Credit card (automatic),93.98,5751.45,0
2751-BZVLQ,Female,0,Yes,No,72,Yes,No,DSL,No,No,Yes,No,No,Yes,Two year,Yes,Credit card (automatic),65.88,4759.94,1
7435-FQBHN,Male,0,No,Yes,66,Yes,Yes,Fiber optic,No,No,No,Yes,No,No,Two year,Yes,Electronic check,88.83,5868.24,0
8216-FIAEG,Female,0,No,No,65,Yes,No,DSL,No,No,No,No,Yes,Yes,One year,No,Electronic check,79.74,5185.35,0
2772-INIDT,Female,0,Yes,No,35,Yes,No,DSL,No,Yes,Yes,No,Yes,No,Two year,No,Electronic check,59.22,2063.77,0
2196-ODCXU,Male,0,Yes,No,3,Yes,Yes,DSL,No,Yes,No,No,No,Yes,Two year,Yes,Mailed check,57.91,173.92,0
2878-WZVNI,Male,0,Yes,Yes,29,Yes,No,No,No internet service,No internet service,No internet service,No internet service,No internet service,No internet service,One year,Yes,Mailed check,29.04,837.0,1
3668-SFCRP,Female,1,No,No,43,Yes,No,DSL,No,No,No,No,Yes,Yes,Two year,No,Credit card (automatic),71.83,3112.25,0
4171-CBBZW,Male,0,No,No,62,Yes,Yes,DSL,Yes,No,No,No,No,No,Month-to-month,Yes,Credit card (automatic),50.47,3095.81,0
3016-JOCHR,Male,1,Yes,No,9,Yes,Yes,No,No internet service,No internet service,No internet service,No internet service,No internet service,No internet service,One year,No,Credit card (automatic),21.41,197.47,1
3005-KGSYG,Female,1,No,No,62,Yes,No,Fiber optic,No,No,No,No,No,Yes,Month-to-month,No,Bank transfer (automatic),96.87,6025.63,1
8950-YBFEN,Female,0,Yes,Yes,3,Yes,Yes,Fiber optic,Yes,No,Yes,No,No,Yes,Month-to-month,Yes,Mailed check,103.06,282.33,1
4893-RDDXM,Male,1,Yes,No,71,Yes,Yes,No,No internet service,No internet service,No internet service,No internet service,No internet service,No internet service,Two year,No,Mailed check,24.41,1705.67,0
4237-WUYAT,Female,0,Yes,Yes,64,Yes,Yes,Fiber optic,No,No,No,No,Yes,Yes,Month-to-month,No,Electronic check,104.53,6702.5,0
5424-EXCUS,Male,1,Yes,No,60,Yes,Yes,No,No internet service,No internet service,No internet service,No internet service,No internet service,No internet service,One year,Yes,Credit card (automatic),20.0,1202.04,0
5744-MGJCW,Male,0,Yes,Yes,12,Yes,Yes,Fiber optic,No,Yes,Yes,No,No,No,Two year,Yes,Credit card (automatic),81.41,958.67,0
3078-BGIUL,Male,0,No,No,68,Yes,No,Fiber optic,Yes,No,No,Yes,Yes,No,One year,No,Electronic check,111.38,7600.43,1
1396-VJSMJ,Male,0,No,No,4,Yes,No,No,No internet service,No internet service,No internet service,No internet service,No internet service,No internet service,Two year,Yes,Mailed check,20.61,75.94,0
3788-EOUCH,Female,0,No,No,45,Yes,No,No,No internet service,No internet service,No internet service,No internet service,No internet service,No internet service,Month-to-month,Yes,Bank transfer (automatic),27.01,1241.53,1
6747-FSQJA,Female,0,No,Yes,4,Yes,No,Fiber optic,Yes,No,No,No,No,No,Month-to-month,Yes,Electronic check,83.11,318.91,1
6234-MJLBJ,Female,0,No,No,60,Yes,No,DSL,No,No,No,No,No,No,One year,No,Mailed check,45.35,2736.41,0
5072-UWAAT,Female,1,Yes,Yes,11,Yes,No,No,No internet service,No internet service,No internet service,No internet service,No internet service,No internet service,Two year,Yes,Mailed check,19.73,223.39,1
7874-ZOVYA,Female,0,No,No,70,No,No phone service,DSL,Yes,Yes,No,No,No,Yes,One year,No,Mailed check,72.33,5082.29,0
9551-ZUIXG,Female,0,No,No,44,Yes,No,Fiber optic,No,No,No,No,No,No,Two year,Yes,Electronic check,76.87,3370.15,0
6819-PPMJR,Female,0,No,No,21,Yes,Yes,DSL,Yes,Yes,No,Yes,Yes,No,Two year,Yes,Bank transfer (automatic),80.7,1688.22,0
2519-ILXMK,Female,0,No,No,71,Yes,Yes,DSL,Yes,Yes,Yes,No,No,No,Month-to-month,No,Electronic check,59.22,4193.01,1
7578-OJJIY,Female,0,No,No,12,Yes,No,No,No internet service,No internet service,No internet service,No internet service,No internet service,No internet service,Month-to-month,Yes,Credit card (automatic),33.23,382.62,1
2378-YCWPL,Female,0,Yes,No,9,Yes,No,DSL,No,Yes,Yes,No,Yes,No,One year,No,Electronic check,53.19,487.78,1
2023-QYOYC,Female,0,Yes,No,22,Yes,No,DSL,Yes,Yes,No,Yes,No,Yes,Two year,Yes,Electronic check,80.08,1773.49,0
3587-EMXFZ,Female,0,No,No,30,Yes,No,DSL,Yes,No,No,No,No,No,Month-to-month,Yes,Bank transfer (automatic),51.32,1551.06,1
8143-ZISGM,Male,0,Yes,Yes,1,Yes,No,Fiber optic,Yes,Yes,No,Yes,Yes,No,Two year,Yes,Bank transfer (automatic),112.83,120.1,0
6008-VEPDE,Female,0,Yes,No,16,Yes,Yes,Fiber optic,Yes,No,No,No,No,No,Month-to-month,No,Electronic check,84.83,1348.5,1
3857-TSWFD,Female,1,No,No,57,Yes,Yes,Fiber optic,Yes,No,No,No,No,No,Month-to-month,Yes,Credit card (automatic),97.17,5537.16,1
7673-YAQIP,Female,1,No,No,19,No,No phone service,Fiber optic,No,Yes,Yes,No,Yes,No,Month-to-month,Yes,Bank transfer (automatic),89.59,1717.88,1
6758-WBKZE,Female,0,No,No,69,Yes,Yes,Fiber optic,Yes,No,No,No,Yes,No,Month-to-month,Yes,Electronic check,96.12,6633.58,1
2629-MTQYO,Female,0,No,No,10,No,No phone service,DSL,Yes,No,No,No,No,No,Month-to-month,Yes,Electronic check,54.99,587.57,1
5888-VLFTM,Male,0,Yes,No,62,Yes,No,Fiber optic,No,No,No,No,No,Yes,Month-to-month,No,Electronic check,91.62,5693.82,1
5526-RXOOH,Male,0,No,Yes,47,Yes,No,Fiber optic,Yes,Yes,No,No,Yes,No,Month-to-month,No,Bank transfer (automatic),95.12,4491.82,1
4523-SWNGN,Female,1,Yes,Yes,67,Yes,Yes,DSL,No,Yes,No,No,No,No,Month-to-month,Yes,Credit card (automatic),46.69,3122.4,1
7253-EOUOX,Female,0,No,No,44,Yes,Yes,Fiber optic,Yes,No,No,No,No,No,One year,No,Bank transfer (automatic),106.8,4705.54,1
4607-DAQYT,Female,0,No,No,31,Yes,No,DSL,No,No,No,No,Yes,Yes,Month-to-month,No,Electronic check,79.8,2442.5,1
9473-APMRJ,Male,0,No,Yes,64,Yes,No,DSL,No,No,No,Yes,No,Yes,Month-to-month,Yes,Electronic check,67.11,4298.43,0
1234-WRQZI,Female,1,No,No,2,No,No phone service,Fiber optic,No,Yes,No,No,No,Yes,Month-to-month,Yes,Mailed check,95.23,184.11,1
7232-NUMTT,Female,0,Yes,No,4,Yes,No,DSL,No,No,Yes,No,No,No,One year,Yes,Bank transfer (automatic),39.21,153.32,0
4796-NKMQC,Male,0,No,No,55,Yes,No,DSL,No,No,Yes,No,Yes,No,Month-to-month,No,Credit card (automatic),62.08,3402.65,1
5118-AUEYM,Male,0,No,No,12,Yes,Yes,DSL,No,No,No,No,Yes,Yes,Month-to-month,Yes,Mailed check,78.55,971.97,1
6001-XEEWL,Female,0,Yes,No,6,Yes,Yes,DSL,No,Yes,No,Yes,No,No,Two year,Yes,Credit card (automatic),56.53,352.74,0
4800-BWPQE,Female,0,No,No,37,Yes,No,DSL,No,No,Yes,Yes,No,No,One year,No,Electronic check,60.53,2230.6,1
7061-LOFMK,Male,0,No,Yes,33,Yes,No,Fiber optic,Yes,Yes,Yes,No,Yes,No,Two year,Yes,Electronic check,98.73,3249.77,1
8210-ZQIYP,Female,0,Yes,No,72,Yes,Yes,DSL,No,No,No,Yes,No,Yes,Month-to-month,Yes,Electronic check,74.41,5389.36,1
6024-QTXRM,Female,1,No,No,50,Yes,Yes,No,No internet service,No internet service,No internet service,No internet service,No internet service,No internet service,Month-to-month,No,Electronic check,22.02,1108.93,1
2948-KMXZM,Male,1,No,No,8,Yes,Yes,No,No internet service,No internet service,No internet service,No internet service,No internet service,No internet service,Month-to-month,Yes,Bank transfer (automatic),18.25,138.99,1
1470-LNMYI,Female,0,Yes,No,65,Yes,No,Fiber optic,No,No,No,No,Yes,Yes,Month-to-month,No,Mailed check,104.14,6771.71,1
7067-NAIDL,Male,1,No,No,72,No,No phone service,DSL,Yes,No,No,Yes,Yes,Yes,One year,Yes,Electronic check,97.68,7015.96,0
4492-XNICF,Female,1,No,Yes,62,Yes,Yes,No,No internet service,No internet service,No internet service,No internet service,No internet service,No internet service,One year,No,Mailed check,21.25,1328.72,0
3671-CAZVU,Female,0,No,No,69,Yes,No,Fiber optic,No,No,No,No,No,Yes,Month-to-month,Yes,Electronic check,84.46,5825.0,1
9143-CNTBL,Male,0,No,No,20,Yes,No,DSL,No,Yes,No,No,Yes,No,Month-to-month,No,Credit card (automatic),57.16,1160.18,1
3224-ZJMTD,Male,1,No,No,69,Yes,Yes,Fiber optic,No,No,No,No,No,Yes,One year,Yes,Electronic check,101.38,6984.46,0
2106-SVAYK,Male,0,No,No,11,Yes,Yes,Fiber optic,No,Yes,Yes,No,No,No,Month-to-month,Yes,Mailed check,94.01,1025.36,1
9062-ZPSSL,Male,0,Yes,No,6,Yes,Yes,Fiber optic,Yes,Yes,Yes,No,No,No,One year,Yes,Credit card (automatic),92.87,549.44,1
1818-CWXRQ,Male,0,Yes,No,26,Yes,Yes,Fiber optic,Yes,No,Yes,No,Yes,No,Month-to-month,Yes,Mailed check,100.54,2609.37,1
5523-EPXNS,Male,0,Yes,Yes,7,Yes,Yes,DSL,No,No,No,No,No,Yes,Month-to-month,Yes,Electronic check,62.67,434.4,1
8621-FCFLT,Male,0,No,No,25,Yes,Yes,DSL,No,Yes,No,Yes,No,No,Month-to-month,Yes,Credit card (automatic),57.78,1427.62,1
8539-KGZAP,Male,0,No,No,11,Yes,No,No,No internet service,No internet service,No internet service,No internet service,No internet service,No internet service,Month-to-month,Yes,Electronic check,24.24,245.42,0
6710-PQOUI,Male,0,Yes,No,4,Yes,Yes,Fiber optic,Yes,No,Yes,Yes,No,Yes,Month-to-month,Yes,Bank transfer (automatic),112.46,442.17,1
9449-ETHUA,Female,0,Yes,No,68,Yes,Yes,DSL,No,No,No,No,No,No,One year,No,Mailed check,47.19,3209.87,1
1888-GKTZU,Female,0,No,No,1,Yes,No,Fiber optic,No,No,No,Yes,No,No,One year,No,Bank transfer (automatic),93.46,93.46,1
3437-MVMGK,Male,0,No,Yes,71,Yes,No,DSL,No,Yes,No,No,No,No,Two year,No,Electronic check,45.41,3237.32,0
1817-RALCZ,Female,0,Yes,Yes,52,Yes,No,No,No internet service,No internet service,No internet service,No internet service,No internet service,No internet service,One year,Yes,Bank transfer (automatic),19.89,1032.19,0
4414-ADFEK,Male,1,Yes,Yes,7,Yes,Yes,Fiber optic,No,No,No,Yes,Yes,No,Month-to-month,Yes,Bank transfer (automatic),97.54,686.17,1
3341-TWMKF,Male,0,No,No,24,Yes,Yes,No,No internet service,No internet service,No internet service,No internet service,No internet service,No internet service,Month-to-month,No,Electronic check,23.91,585.07,1
9030-SYOUM,Female,0,Yes,No,19,Yes,No,No,No internet service,No internet service,No internet service,No internet service,No internet service,No internet service,One year,Yes,Mailed check,26.19,511.75,0
4167-JAMFU,Male,1,No,No,1,Yes,No,No,No internet service,No internet service,No internet service,No internet service,No internet service,No internet service,Month-to-month,Yes,Credit card (automatic),18.25,18.25,1
8235-ZXTLQ,Male,0,No,Yes,2,Yes,No,DSL,No,No,No,No,Yes,No,One year,Yes,Mailed check,59.96,107.92,0
7860-RXZHN,Male,0,No,Yes,18,No,No phone service,No,No internet service,No internet service,No internet service,No internet service,No internet service,No internet service,Two year,Yes,Electronic check,23.8,424.89,1
2264-EVBYV,Male,1,No,No,60,Yes,No,DSL,No,Yes,No,Yes,Yes,Yes,One year,Yes,Bank transfer (automatic),78.79,4697.25,0
6086-YKZCV,Female,0,Yes,No,11,Yes,No,Fiber optic,No,No,Yes,No,No,No,Month-to-month,Yes,Electronic check,88.21,962.75,1
6194-ZPUPI,Male,0,No,No,6,Yes,No,DSL,No,Yes,No,Yes,Yes,Yes,Month-to-month,No,Mailed check,83.74,495.5,1
5449-MJQYU,Female,1,No,No,55,Yes,No,Fiber optic,No,Yes,Yes,Yes,Yes,No,Two year,Yes,Electronic check,98.91,5462.54,1
5945-QJHGN,Female,1,No,No,55,No,No phone service,Fiber optic,Yes,No,No,Yes,No,No,Month-to-month,No,Mailed check,98.22,5398.85,1
5045-VRUSR,Male,0,No,No,60,Yes,No,Fiber optic,No,No,Yes,No,Yes,No,Two year,No,Credit card (automatic),97.8,5867.1,0
8070-NJAIR,Female,1,No,No,11,No,No phone service,No,No internet service,No internet service,No internet service,No internet service,No internet service,No internet service,Month-to-month,Yes,Bank transfer (automatic),20.97,198.07,1
7900-MQWYV,Female,0,Yes,No,11,Yes,Yes,Fiber optic,No,No,No,Yes,Yes,No,Two year,No,Credit card (automatic),97.25,1044.58,1
2228-PXKWI,Female,0,Yes,No,10,Yes,No,Fiber optic,No,No,Yes,No,No,No,Month-to-month,No,Mailed check,82.13,809.43,1
6847-GVAIJ,Female,1,No,Yes,69,Yes,No,Fiber optic,No,No,No,No,No,No,Two year,Yes,Bank transfer (automatic),72.71,5005.89,0
6809-PURNK,Male,0,Yes,No,1,Yes,No,Fiber optic,No,No,Yes,Yes,No,No,Month-to-month,No,Bank transfer (automatic),94.28,97.14,1
6141-XDSMA,Male,0,Yes,No,7,Yes,No,Fiber optic,No,No,Yes,No,Yes,Yes,One year,No,Electronic check,103.18,718.6,1
1052-USOTO,Male,0,No,No,9,Yes,Yes,No,No internet service,No internet service,No internet service,No internet service,No internet service,No internet service,Month-to-month,No,Bank transfer (automatic),18.98,168.31,1
6888-YKWEX,Female,0,No,No,63,Yes,No,DSL,No,Yes,No,No,Yes,Yes,One year,Yes,Mailed check,69.32,4341.33,0
7918-VJRGA,Female,0,No,No,69,Yes,No,Fiber optic,Yes,Yes,No,No,Yes,No,Two year,No,Mailed check,97.07,6671.85,0
1159-CAQOE,Male,1,No,No,7,Yes,Yes,DSL,No,No,No,No,No,No,Month-to-month,Yes,Electronic check,50.81,358.38,1
7064-VPLSN,Female,0,No,No,14,Yes,No,Fiber optic,Yes,No,No,No,Yes,No,Month-to-month,Yes,Electronic check,104.42,1474.68,1
2587-CSAUA,Female,0,Yes,No,63,Yes,No,No,No internet service,No internet service,No internet service,No internet service,No internet service,No internet service,Month-to-month,Yes,Mailed check,23.23,1447.63,0
2589-ZJCMF,Male,0,No,No,21,Yes,Yes,DSL,Yes,No,Yes,No,No,Yes,One year,Yes,Electronic check,70.9,1486.72,1
6579-KFCPI,Female,0,No,No,34,Yes,No,No,No internet service,No internet service,No internet service,No internet service,No internet service,No internet service,One year,Yes,Bank transfer (automatic),18.25,610.18,1
6312-HCEUN,Female,0,Yes,Yes,46,Yes,Yes,Fiber optic,No,Yes,Yes,No,No,No,One year,No,Bank transfer (automatic),76.78,3529.2,0
7182-ESEUT,Male,0,No,Yes,18,No,No phone service,Fiber optic,Yes,No,No,No,No,Yes,Two year,Yes,Electronic check,108.63,1961.04,1
4858-TBYGA,Male,0,Yes,Yes,65,Yes,No,Fiber optic,No,Yes,No,No,No,No,Month-to-month,Yes,Bank transfer (automatic),83.09,5408.11,1
8820-URJFG,Male,0,No,No,68,Yes,Yes,DSL,No,No,No,No,Yes,No,Month-to-month,No,Electronic check,62.31,4197.75,0
6389-LRKVS,Male,0,No,No,8,Yes,No,No,No internet service,No internet service,No internet service,No internet service,No internet service,No internet service,Month-to-month,Yes,Credit card (automatic),31.22,249.33,1
3828-YDSMS,Male,0,Yes,No,2,Yes,Yes,DSL,No,Yes,No,No,Yes,Yes,Month-to-month,Yes,Bank transfer (automatic),77.96,144.83,1
1436-BIHUN,Male,0,Yes,Yes,43,Yes,No,Fiber optic,No,No,No,No,Yes,No,Month-to-month,Yes,Mailed check,93.82,4025.82,1
7554-IMRFW,Male,0,No,Yes,62,Yes,No,No,No internet service,No internet service,No internet service,No internet service,No internet service,No internet service,Two year,Yes,Mailed check,28.26,1733.07,0
4878-VCJJJ,Female,0,No,No,60,Yes,No,DSL,No,Yes,No,Yes,No,Yes,Month-to-month,Yes,Mailed check,68.33,4094.43,0
2588-ILXHX,Male,0,Yes,Yes,7,Yes,No,Fiber optic,No,No,No,No,No,No,Month-to-month,No,Electronic check,80.08,571.46,1
3780-IQHRT,Female,0,No,No,8,Yes,Yes,DSL,Yes,No,No,Yes,No,No,Month-to-month,Yes,Electronic check,74.6,574.69,1
9323-QFJAU,Male,0,Yes,No,7,Yes,No,DSL,No,No,No,No,Yes,Yes,Month-to-month,Yes,Electronic check,70.61,501.72,1
8884-YAITC,Female,0,Yes,No,8,Yes,Yes,DSL,Yes,Yes,Yes,Yes,No,No,Month-to-month,No,Bank transfer (automatic),69.05,549.59,1
8200-XFGIE,Female,0,No,No,1,No,No phone service,No,No internet service,No internet service,No internet service,No internet service,No internet service,No internet service,Month-to-month,Yes,Credit card (automatic),18.25,18.25,1
5727-PBCCT,Female,0,No,No,70,Yes,No,Fiber optic,No,No,Yes,No,No,No,Two year,Yes,Electronic check,72.77,5100.06,0
1973-ZWJVC,Female,0,No,No,7,Yes,No,DSL,Yes,Yes,No,Yes,No,No,Two year,Yes,Bank transfer (automatic),71.97,495.18,0
2238-ONWDJ,Female,1,No,No,34,Yes,Yes,No,No internet service,No internet service,No internet service,No internet service,No internet service,No internet service,Month-to-month,No,Mailed check,19.95,663.57,1
3951-KKHWW,Male,1,No,No,3,Yes,No,DSL,No,No,No,Yes,Yes,Yes,Two year,Yes,Electronic check,88.69,246.36,0
3342-IHLQW,Male,0,No,No,68,Yes,Yes,Fiber optic,No,No,No,Yes,No,Yes,Month-to-month,Yes,Credit card (automatic),103.36,7012.15,1
6876-OSTFE,Male,0,No,Yes,6,Yes,Yes,Fiber optic,No,No,No,No,Yes,Yes,Month-to-month,Yes,Credit card (automatic),94.4,587.64,1
3158-HRUUO,Female,0,Yes,No,9,Yes,No,Fiber optic,Yes,No,No,Yes,No,No,Month-to-month,Yes,Credit card (automatic),94.12,846.2,1
6307-CNZOM,Female,0,No,Yes,65,Yes,Yes,DSL,No,No,No,No,No,Yes,Two year,No,Electronic check,64.08,4183.68,0
2497-UTUZI,Female,0,Yes,No,38,Yes,No,Fiber optic,No,Yes,Yes,No,Yes,No,One year,Yes,Electronic check,86.4,3289.48,0
5545-WQSYD,Male,0,Yes,Yes,34,No,No phone service,No,No internet service,No internet service,No internet service,No internet service,No internet service,No internet service,Two year,No,Electronic check,18.25,611.08,0
5257-TJVCS,Female,0,Yes,No,3,Yes,No,DSL,Yes,No,Yes,No,No,Yes,One year,Yes,Bank transfer (automatic),68.56,195.92,1
3422-IENGU,Female,0,No,Yes,62,Yes,No,DSL,Yes,Yes,No,No,Yes,No,Month-to-month,No,Mailed check,74.8,4660.18,0
6185-FXHBY,Male,0,Yes,No,4,Yes,No,No,No internet service,No internet service,No internet service,No internet service,No internet service,No internet service,Month-to-month,No,Credit card (automatic),28.77,151.39,0
1357-ZNVGC,Male,0,Yes,Yes,65,Yes,Yes,DSL,Yes,No,Yes,No,No,No,Two year,Yes,Electronic check,56.23,3698.43,0
7436-TVWFU,Male,0,No,No,47,Yes,No,DSL,Yes,Yes,No,No,Yes,No,Month-to-month,No,Credit card (automatic),72.72,3425.99,1
9305-NLRLG,Female,0,No,No,53,Yes,No,DSL,Yes,No,No,No,Yes,No,One year,Yes,Credit card (automatic),77.64,4113.01,0
3092-ELIKD,Female,0,No,No,70,Yes,Yes,DSL,No,Yes,No,No,Yes,Yes,Month-to-month,No,Bank transfer (automatic),75.26,5273.57,1
3015-NZLRG,Male,0,No,Yes,58,Yes,Yes,Fiber optic,Yes,Yes,No,Yes,Yes,No,Month-to-month,No,Mailed check,109.27,6338.98,0
9089-WAMPE,Female,0,No,No,18,Yes,Yes,DSL,No,No,Yes,No,No,Yes,Two year,No,Mailed check,58.09,1044.33,0
8601-SYIWI,Female,0,No,No,7,Yes,Yes,DSL,No,No,Yes,No,No,Yes,Month-to-month,Yes,Credit card (automatic),69.36,506.84,0
1187-LRZXZ,Female,0,Yes,No,39,Yes,No,No,No internet service,No internet service,No internet service,No internet service,No internet service,No internet service,Month-to-month,Yes,Bank transfer (automatic),18.25,717.15,1
6521-JZQSX,Female,0,No,No,1,Yes,Yes,Fiber optic,No,No,Yes,No,No,No,Month-to-month,Yes,Bank transfer (automatic),80.55,80.55,1
4655-KPHZX,Male,0,Yes,No,7,No,No phone service,DSL,No,No,No,Yes,No,No,Month-to-month,Yes,Credit card (automatic),56.8,393.14,1
4426-OKGBS,Female,0,No,No,21,No,No phone service,Fiber optic,No,Yes,No,No,No,Yes,One year,Yes,Credit card (automatic),94.77,1981.33,1
7246-IRMWA,Female,1,No,No,8,Yes,Yes,No,No internet service,No internet service,No internet service,No internet service,No internet service,No internet service,Two year,Yes,Mailed check,22.99,194.18,0
2381-SMNQV,Male,1,No,No,6,Yes,Yes,No,No internet service,No internet service,No internet service,No internet service,No internet service,No internet service,One year,Yes,Credit card (automatic),21.29,125.74,0
6993-TAETN,Female,0,No,No,5,Yes,Yes,No,No internet service,No internet service,No internet service,No internet service,No internet service,No internet service,Month-to-month,Yes,Electronic check,19.52,98.09,1
1413-ZZRMW,Female,0,No,No,70,Yes,Yes,No,No internet service,No internet service,No internet service,No internet service,No internet service,No internet service,Month-to-month,Yes,Credit card (automatic),26.29,1839.59,1
6037-LOXDI,Male,0,No,Yes,28,Yes,No,Fiber optic,No,No,No,No,Yes,No,Month-to-month,Yes,Electronic check,92.79,2588.69,1
5897-CVKOP,Female,1,Yes,No,72,Yes,Yes,DSL,No,No,Yes,No,Yes,Yes,Month-to-month,No,Mailed check,68.86,4948.69,0
4336-GGVIQ,Male,0,No,No,68,Yes,No,No,No internet service,No internet service,No internet service,No internet service,No internet service,No internet service,Two year,No,Mailed check,27.18,1850.31,0
4606-MIITL,Female,1,Yes,Yes,49,Yes,No,Fiber optic,No,Yes,Yes,No,No,No,Two year,No,Mailed check,77.02,3781.63,1
4175-USWOR,Female,0,Yes,No,68,Yes,No,Fiber optic,No,No,Yes,No,No,Yes,Month-to-month,Yes,Electronic check,85.5,5794.49,0
8132-HYFYF,Female,0,No,Yes,69,Yes,Yes,No,No internet service,No internet service,No internet service,No internet service,No internet service,No internet service,Month-to-month,Yes,Mailed check,19.92,1394.21,0
9735-CZCBE,Male,0,No,Yes,12,Yes,Yes,Fiber optic,Yes,No,Yes,Yes,No,No,Month-to-month,No,Electronic check,105.97,1264.31,1
9993-TLFPE,Female,1,Yes,No,9,Yes,Yes,Fiber optic,No,No,Yes,No,No,Yes,Month-to-month,Yes,Mailed check,90.39,824.23,1
1256-FDNCQ,Female,0,No,No,44,Yes,No,Fiber optic,Yes,Yes,No,Yes,Yes,No,Month-to-month,Yes,Bank transfer (automatic),112.12,4938.22,1
6686-EVUUF,Male,0,No,Yes,4,Yes,Yes,DSL,Yes,No,No,No,No,Yes,Month-to-month,No,Electronic check,71.13,276.04,1
1200-TDMHK,Female,0,No,Yes,4,Yes,Yes,Fiber optic,Yes,Yes,Yes,No,No,No,Two year,Yes,Bank transfer (automatic),96.4,388.2,1
3235-XSWEE,Female,0,Yes,Yes,33,Yes,Yes,Fiber optic,No,No,No,No,No,Yes,Month-to-month,No,Mailed check,87.42,2894.43,1
5743-CBCOG,Female,0,No,No,4,Yes,Yes,No,No internet service,No internet service,No internet service,No internet service,No internet service,No internet service,Month-to-month,No,Electronic check,18.25,70.49,1
2767-COKPM,Male,0,No,No,39,Yes,Yes,Fiber optic,Yes,No,No,No,No,No,One year,No,Mailed check,94.32,3666.65,1
5236-BTLUG,Male,0,Yes,Yes,41,Yes,Yes,No,No internet service,No internet service,No internet service,No internet service,No internet service,No internet service,Two year,Yes,Credit card (automatic),18.25,778.14,0
8006-ANXJC,Male,0,No,No,44,Yes,Yes,DSL,No,Yes,Yes,No,No,No,Month-to-month,No,Electronic check,47.86,2093.76,0
2572-KVTUZ,Female,0,Yes,No,64,No,No phone service,No,No internet service,No internet service,No internet service,No internet service,No internet service,No internet service,Two year,Yes,Bank transfer (automatic),23.87,1523.87,0
1024-OFRMO,Male,1,Yes,No,32,Yes,No,DSL,No,No,No,No,No,Yes,One year,Yes,Bank transfer (automatic),74.33,2371.05,0
9967-COXXA,Female,0,Yes,Yes,3,Yes,Yes,Fiber optic,No,No,No,No,Yes,No,Month-to-month,No,Bank transfer (automatic),91.62,285.12,1
2088-JXRZZ,Male,0,Yes,No,66,Yes,No,DSL,No,No,No,No,Yes,No,Two year,Yes,Mailed check,57.8,3817.38,0
5674-HLZEA,Male,0,No,No,24,Yes,No,DSL,No,No,Yes,Yes,No,No,Month-to-month,No,Bank transfer (automatic),61.19,1452.93,1
3694-HEQOD,Female,0,No,No,4,Yes,No,DSL,No,No,No,Yes,Yes,No,Month-to-month,No,Mailed check,70.79,277.77,1
7149-MQMYZ,Male,0,No,No,10,Yes,No,Fiber optic,No,Yes,Yes,No,No,No,Month-to-month,Yes,Mailed check,78.72,780.88,1
4398-BXDYB,Male,0,Yes,Yes,72,Yes,No,Fiber optic,No,No,Yes,Yes,No,No,Month-to-month,Yes,Mailed check,87.25,6305.34,1
4559-LSRJE,Female,0,Yes,No,1,Yes,Yes,No,No internet service,No internet service,No internet service,No internet service,No internet service,No internet service,Two year,Yes,Bank transfer (automatic),25.85,36.74,0
9228-KACQZ,Female,0,Yes,No,9,Yes,No,Fiber optic,No,No,No,No,Yes,No,Month-to-month,Yes,Credit card (automatic),95.56,855.38,1
3841-ONXOP,Female,0,No,No,6,Yes,Yes,Fiber optic,No,Yes,No,No,No,No,Two year,Yes,Mailed check,78.73,488.26,1
3311-DSXYH,Female,0,No,No,1,Yes,No,Fiber optic,Yes,No,No,Yes,Yes,No,Two year,No,Mailed check,109.48,124.6,1
7815-FPCHE,Female,1,Yes,No,2,Yes,Yes,DSL,No,Yes,No,No,No,No,Month-to-month,Yes,Bank transfer (automatic),53.42,80.18,1
4234-ELYAG,Female,0,Yes,No,43,Yes,No,Fiber optic,No,No,No,Yes,No,No,Month-to-month,No,Electronic check,89.79,3827.1,1
5152-XKJCH,Female,0,No,No,38,Yes,No,Fiber optic,No,No,No,No,Yes,No,Two year,No,Credit card (automatic),90.19,3405.84,0
2309-AHWTK,Female,1,No,Yes,10,Yes,No,DSL,No,No,No,No,No,No,Month-to-month,No,Bank transfer (automatic),43.22,451.12,1
1695-GZPGM,Male,0,Yes,Yes,69,No,No phone service,Fiber optic,No,No,No,No,No,No,Month-to-month,No,Mailed check,75.1,5163.53,1
7442-JQCGK,Female,0,No,No,65,Yes,No,Fiber optic,No,No,No,Yes,No,Yes,Month-to-month,No,Electronic check,97.59,6336.04,1
4752-MEYWS,Male,0,Yes,No,25,Yes,No,Fiber optic,No,No,No,No,No,Yes,Two year,Yes,Bank transfer (automatic),95.57,2367.68,1
2227-OAEMJ,Female,1,No,No,4,Yes,No,Fiber optic,No,No,No,No,Yes,Yes,Month-to-month,No,Credit card (automatic),107.79,404.91,1
2999-EWAJR,Female,0,No,Yes,4,Yes,Yes,Fiber optic,No,Yes,No,No,No,No,Two year,No,Credit card (automatic),78.44,311.56,0
1276-VHTCS,Male,0,No,No,3,Yes,Yes,DSL,No,Yes,Yes,No,No,No,Two year,No,Electronic check,50.39,133.36,1
9349-SBQPU,Male,0,No,No,43,Yes,No,DSL,Yes,Yes,No,No,No,Yes,Two year,Yes,Electronic check,71.46,3047.94,1
6698-JUPET,Male,0,Yes,Yes,23,Yes,Yes,Fiber optic,No,Yes,No,Yes,Yes,No,Month-to-month,No,Bank transfer (automatic),101.72,2359.89,1
8751-CCBUD,Female,0,No,No,5,Yes,No,DSL,Yes,No,Yes,No,Yes,No,One year,No,Mailed check,69.76,340.12,0
4637-VRBXF,Female,0,Yes,No,66,Yes,No,No,No internet service,No internet service,No internet service,No internet service,No internet service,No internet service,Month-to-month,Yes,Electronic check,20.67,1354.03,0
7639-CUCBC,Female,0,Yes,No,2,Yes,Yes,Fiber optic,No,No,No,Yes,Yes,Yes,Month-to-month,Yes,Credit card (automatic),118.75,214.46,1
5778-QNGVU,Female,0,No,No,42,Yes,Yes,Fiber optic,No,No,No,Yes,Yes,Yes,Month-to-month,Yes,Credit card (automatic),118.75,4966.9,1
9726-FHSSL,Male,0,Yes,No,4,Yes,No,Fiber optic,No,No,No,No,No,Yes,One year,Yes,Mailed check,90.54,348.15,1
5117-EENQP,Female,1,No,Yes,72,Yes,No,DSL,No,No,Yes,Yes,No,No,Month-to-month,Yes,Bank transfer (automatic),56.77,4087.38,0
6660-DYHCU,Male,0,No,No,2,Yes,Yes,No,No internet service,No internet service,No internet service,No internet service,No internet service,No internet service,One year,Yes,Mailed check,25.79,77.65,1
2137-EWXYG,Female,0,Yes,Yes,2,Yes,Yes,DSL,No,No,No,Yes,No,No,Two year,Yes,Electronic check,62.25,119.1,1
3767-RXHKN,Female,0,Yes,No,1,Yes,No,DSL,Yes,No,Yes,Yes,Yes,No,Month-to-month,No,Credit card (automatic),83.06,99.16,0
7579-RMFMZ,Male,0,No,No,9,Yes,No,DSL,No,No,No,No,Yes,No,Two year,Yes,Mailed check,67.73,618.82,1
7193-AKGJB,Female,0,Yes,No,26,Yes,Yes,Fiber optic,No,No,No,Yes,No,Yes,Month-to-month,Yes,Electronic check,102.68,2641.22,0
1942-PEPWZ,Male,1,No,Yes,50,Yes,No,DSL,No,No,No,Yes,Yes,No,One year,Yes,Electronic check,78.15,3910.14,1
7159-POIAI,Female,0,Yes,No,29,Yes,No,No,No internet service,No internet service,No internet service,No internet service,No internet service,No internet service,Month-to-month,No,Mailed check,18.25,514.73,1
8887-KEFHO,Female,0,Yes,No,2,Yes,No,DSL,Yes,No,Yes,No,No,No,Two year,No,Electronic check,64.13,123.55,1
5935-PRLWD,Female,0,No,No,1,Yes,Yes,No,No internet service,No internet service,No internet service,No internet service,No internet service,No internet service,One year,Yes,Bank transfer (automatic),18.86,35.81,0
4935-YVPWK,Female,0,No,No,2,Yes,Yes,Fiber optic,Yes,No,No,No,No,No,Two year,Yes,Electronic check,83.6,161.99,1
6601-VXVGX,Female,0,No,No,70,Yes,No,No,No internet service,No internet service,No internet service,No internet service,No internet service,No internet service,Two year,No,Credit card (automatic),18.25,1278.14,0
3384-OQOJD,Male,0,No,Yes,70,Yes,Yes,No,No internet service,No internet service,No internet service,No internet service,No internet service,No internet service,Two year,Yes,Bank transfer (automatic),18.25,1271.55,0
1115-VQDVW,Female,1,No,No,72,Yes,No,DSL,No,No,Yes,No,Yes,No,Month-to-month,Yes,Credit card (automatic),56.4,4091.09,0
7848-VKDLW,Female,0,Yes,No,14,Yes,No,Fiber optic,No,Yes,Yes,No,No,No,One year,Yes,Bank transfer (automatic),79.22,1121.98,1
9976-JNRFE,Female,0,Yes,No,27,Yes,No,Fiber optic,No,Yes,No,No,No,No,Month-to-month,Yes,Bank transfer (automatic),82.21,2239.8,1
4119-BYMWN,Female,0,Yes,No,6,Yes,Yes,No,No internet service,No internet service,No internet service,No internet service,No internet service,No internet service,Two year,No,Mailed check,18.4,101.97,0
5258-CWKVW,Male,0,No,No,2,Yes,No,No,No internet service,No internet service,No internet service,No internet service,No internet service,No internet service,Two year,No,Bank transfer (automatic),22.13,47.18,0
9256-DMZHH,Female,0,Yes,No,9,Yes,No,DSL,No,No,Yes,Yes,No,No,Month-to-month,Yes,Mailed check,58.57,529.16,1
8048-WMWJM,Male,0,No,No,10,Yes,Yes,Fiber optic,No,Yes,No,No,No,Yes,One year,No,Bank transfer (automatic),91.26,911.05,1
3819-MXQFB,Male,0,No,No,1,Yes,Yes,Fiber optic,Yes,No,No,Yes,No,No,One year,No,Electronic check,105.14,108.44,1
4822-QLZWF,Male,0,No,Yes,62,Yes,Yes,Fiber optic,No,No,Yes,No,No,Yes,Month-to-month,Yes,Electronic check,86.81,5390.31,1
9144-EEYIV,Male,0,Yes,Yes,44,Yes,Yes,DSL,No,No,Yes,No,No,No,Month-to-month,Yes,Credit card (automatic),42.2,1855.15,1
5699-CWTEG,Male,0,No,No,21,Yes,No,DSL,Yes,No,No,No,Yes,No,Month-to-month,Yes,Electronic check,80.15,1706.72,1
8842-LGJHQ,Female,0,No,Yes,52,No,No phone service,No,No internet service,No internet service,No internet service,No internet service,No internet service,No internet service,Month-to-month,Yes,Mailed check,18.25,942.25,0
4802-EOIWK,Male,0,No,Yes,2,Yes,No,DSL,Yes,No,No,Yes,Yes,Yes,Two year,Yes,Bank transfer (automatic),89.09,194.15,0
4536-MRQXI,Male,0,Yes,No,39,Yes,No,DSL,No,No,Yes,No,Yes,No,Two year,No,Electronic check,61.15,2395.1,0
4825-JEKVO,Male,0,Yes,Yes,64,Yes,No,DSL,No,No,No,No,No,No,Two year,No,Bank transfer (automatic),50.09,3202.43,0
8372-BUTXX,Male,0,No,No,57,No,No phone service,Fiber optic,No,No,No,No,No,No,One year,No,Mailed check,68.97,3933.67,1
8305-NEXFZ,Male,0,No,No,28,Yes,No,Fiber optic,No,No,Yes,No,No,Yes,Month-to-month,Yes,Electronic check,93.92,2617.79,1
5810-VODJS,Male,0,No,No,62,Yes,Yes,Fiber optic,No,No,Yes,No,Yes,No,Two year,No,Electronic check,91.34,5662.21,0
2946-IUZJD,Female,0,No,No,57,No,No phone service,Fiber optic,No,Yes,No,No,No,No,Two year,No,Mailed check,79.58,4534.82,0
7304-VDFZH,Female,0,Yes,No,7,No,No phone service,Fiber optic,No,No,No,Yes,No,Yes,Two year,Yes,Credit card (automatic),98.09,675.3,0
6743-PHPFQ,Male,0,No,No,67,Yes,Yes,No,No internet service,No internet service,No internet service,No internet service,No internet service,No internet service,Month-to-month,Yes,Bank transfer (automatic),21.97,1463.89,0
4488-ASRQQ,Male,0,No,Yes,4,Yes,Yes,DSL,No,No,Yes,No,Yes,No,Month-to-month,Yes,Mailed check,63.33,248.22,1
2610-LLFGH,Male,0,Yes,No,12,No,No phone service,DSL,No,No,Yes,Yes,No,No,One year,Yes,Electronic check,52.71,634.93,1
6684-CQUHK,Male,1,No,No,12,Yes,No,DSL,No,No,No,No,No,Yes,One year,Yes,Bank transfer (automatic),65.39,796.87,1
5677-TRPYM,Male,1,Yes,Yes,64,Yes,No,No,No internet service,No internet service,No internet service,No internet service,No internet service,No internet service,One year,Yes,Credit card (automatic),18.25,1171.37,0
5959-ISGQH,Female,0,No,No,12,Yes,No,Fiber optic,No,No,Yes,No,Yes,No,Month-to-month,No,Mailed check,89.16,1091.71,1
8600-HCPLO,Female,0,No,No,7,Yes,Yes,DSL,No,Yes,Yes,Yes,Yes,No,Month-to-month,No,Electronic check,71.0,474.79,1
5761-UDWGK,Female,0,Yes,No,11,Yes,No,DSL,No,Yes,No,No,No,Yes,Month-to-month,No,Bank transfer (automatic),65.6,715.74,1
3194-XEMKE,Female,0,Yes,Yes,42,Yes,No,No,No internet service,No internet service,No internet service,No internet service,No internet service,No internet service,One year,Yes,Electronic check,29.59,1245.14,0
7428-HUQKS,Female,0,No,No,41,Yes,No,Fiber optic,No,No,Yes,No,No,No,Month-to-month,Yes,Electronic check,78.73,3219.36,1
6113-RJEXY,Female,1,No,Yes,27,Yes,Yes,DSL,Yes,Yes,Yes,Yes,No,No,Month-to-month,No,Electronic check,64.3,1750.5,1
1557-YAQQA,Male,1,No,No,17,Yes,No,Fiber optic,No,No,Yes,Yes,No,Yes,Month-to-month,Yes,Electronic check,93.74,1601.95,1
7476-YAWVI,Male,0,No,Yes,9,Yes,No,No,No internet service,No internet service,No internet service,No internet service,No internet service,No internet service,Month-to-month,No,Bank transfer (automatic),18.25,153.57,1
8474-YDINO,Female,0,No,No,45,Yes,No,Fiber optic,No,No,Yes,No,Yes,Yes,One year,No,Credit card (automatic),107.75,4836.42,1
2207-PPMNV,Male,0,No,No,4,Yes,Yes,No,No internet service,No internet service,No internet service,No internet service,No internet service,No internet service,Two year,Yes,Credit card (automatic),18.66,83.93,0
6663-UIWIU,Female,0,No,No,12,Yes,No,Fiber optic,No,No,Yes,No,No,No,Month-to-month,Yes,Credit card (automatic),86.31,1027.81,0
6875-DJCUI,Female,0,Yes,No,57,Yes,Yes,Fiber optic,Yes,No,Yes,Yes,No,No,Two year,Yes,Electronic check,99.16,5638.16,1
2510-SPPQR,Female,0,No,Yes,61,Yes,No,Fiber optic,No,Yes,No,No,No,Yes,Month-to-month,No,Mailed check,85.65,5224.64,0
4829-JUSVO,Male,0,Yes,Yes,1,Yes,No,No,No internet service,No internet service,No internet service,No internet service,No internet service,No internet service,One year,Yes,Bank transfer (automatic),23.97,23.97,1
4732-OKHVP,Male,0,Yes,No,10,Yes,No,DSL,No,Yes,Yes,No,No,No,Month-to-month,No,Electronic check,56.42,556.84,0
7395-JIOVE,Female,0,No,No,57,Yes,No,Fiber optic,No,Yes,No,No,Yes,Yes,Month-to-month,No,Mailed check,100.49,5748.41,1
4211-TBVPR,Male,0,Yes,Yes,4,Yes,No,Fiber optic,No,No,No,Yes,No,Yes,Month-to-month,Yes,Electronic check,103.86,431.74,1
4630-PEASJ,Female,1,Yes,Yes,7,Yes,No,No,No internet service,No internet service,No internet service,No internet service,No internet service,No internet service,Month-to-month,No,Bank transfer (automatic),25.38,192.28,0
9796-UMWXW,Male,0,No,Yes,22,Yes,No,Fiber optic,No,No,No,No,No,Yes,Month-to-month,No,Electronic check,91.68,2037.19,1
7698-WKOBF,Male,0,Yes,No,48,Yes,No,Fiber optic,No,No,No,Yes,Yes,No,Two year,Yes,Electronic check,108.12,5171.5,1
1266-UKOIL,Female,0,No,No,71,No,No phone service,DSL,No,No,No,No,No,No,One year,Yes,Electronic check,53.96,3842.01,1
2140-ZDWXN,Female,0,Yes,No,11,Yes,No,No,No internet service,No internet service,No internet service,No internet service,No internet service,No internet service,One year,Yes,Mailed check,18.25,202.87,1
4162-VCUQM,Female,0,Yes,No,8,Yes,Yes,No,No internet service,No internet service,No internet service,No internet service,No internet service,No internet service,One year,No,Electronic check,19.99,146.42,1
9653-HLLLB,Female,0,Yes,No,6,Yes,No,Fiber optic,No,No,No,No,Yes,No,Month-to-month,No,Electronic check,94.57,564.33,1
4730-JWIAD,Male,0,No,Yes,63,Yes,No,DSL,No,No,No,No,No,No,Month-to-month,No,Bank transfer (automatic),49.99,3161.74,1
2909-WNPYR,Female,0,No,No,62,Yes,Yes,Fiber optic,Yes,No,No,No,No,Yes,Two year,Yes,Credit card (automatic),97.64,6062.22,0
6873-BFCTS,Male,1,No,Yes,68,Yes,No,DSL,No,No,No,No,Yes,No,Month-to-month,Yes,Electronic check,66.34,4523.54,1
3660-MQNVK,Female,0,Yes,No,1,Yes,Yes,DSL,Yes,Yes,No,Yes,Yes,No,Month-to-month,Yes,Electronic check,82.41,82.41,1
1656-PKRBW,Male,0,No,No,65,Yes,Yes,DSL,No,Yes,Yes,No,No,No,Month-to-month,No,Bank transfer (automatic),56.22,3664.3,1
9411-UHNBM,Female,0,No,No,64,Yes,No,Fiber optic,No,Yes,Yes,No,Yes,Yes,One year,Yes,Electronic check,101.9,6523.88,0
9669-JHGMZ,Female,0,No,Yes,62,Yes,No,No,No internet service,No internet service,No internet service,No internet service,No internet service,No internet service,Two year,Yes,Electronic check,26.59,1647.36,0
1998-XSXOV,Female,0,No,No,43,Yes,No,DSL,No,No,No,No,No,No,Month-to-month,Yes,Electronic check,44.53,1919.5,1
6964-BVESA,Male,0,No,No,71,Yes,No,No,No internet service,No internet service,No internet service,No internet service,No internet service,No internet service,Two year,Yes,Credit card (automatic),18.25,1282.03,0
3834-GRAAG,Male,0,No,Yes,9,Yes,No,Fiber optic,No,No,Yes,No,No,Yes,Month-to-month,No,Mailed check,81.66,736.97,1
9245-QYFTL,Female,0,Yes,No,22,Yes,Yes,No,No internet service,No internet service,No internet service,No internet service,No internet service,No internet service,Month-to-month,Yes,Mailed check,22.2,470.03,1
2237-TOMLU,Male,0,Yes,No,58,Yes,No,DSL,No,Yes,No,No,No,No,Two year,Yes,Bank transfer (automatic),52.07,3037.63,0
9147-BURDJ,Female,0,No,Yes,28,Yes,No,Fiber optic,No,No,No,Yes,No,Yes,Month-to-month,Yes,Credit card (automatic),103.57,2900.86,1
7363-KUFFI,Male,0,Yes,Yes,4,Yes,Yes,Fiber optic,Yes,Yes,Yes,Yes,No,Yes,Month-to-month,No,Electronic check,114.13,438.21,1
8475-TMEFD,Female,0,Yes,No,9,Yes,Yes,Fiber optic,Yes,No,No,Yes,No,No,One year,Yes,Bank transfer (automatic),106.3,955.1,1
6091-FRMWC,Female,0,Yes,No,25,Yes,Yes,No,No internet service,No internet service,No internet service,No internet service,No internet service,No internet service,Two year,No,Bank transfer (automatic),19.52,477.87,0
3186-JDYOL,Male,0,No,No,48,Yes,No,No,No internet service,No internet service,No internet service,No internet service,No internet service,No internet service,Two year,No,Credit card (automatic),18.25,863.86,0
2134-OUYZZ,Male,0,No,No,28,Yes,Yes,No,No internet service,No internet service,No internet service,No internet service,No internet service,No internet service,Month-to-month,Yes,Bank transfer (automatic),18.25,520.82,1
6004-JLZVH,Male,1,Yes,No,49,Yes,Yes,DSL,No,No,No,No,No,No,Month-to-month,No,Electronic check,54.07,2645.17,0
2303-UUCGR,Female,0,No,No,12,Yes,No,DSL,No,No,No,No,Yes,No,Two year,Yes,Electronic check,65.63,804.14,0
2627-COBOM,Male,0,No,Yes,64,No,No phone service,DSL,No,Yes,No,No,No,No,One year,Yes,Mailed check,57.21,3643.57,1
7317-XTJXX,Male,0,No,No,52,Yes,No,No,No internet service,No internet service,No internet service,No internet service,No internet service,No internet service,Month-to-month,Yes,Electronic check,21.92,1123.73,1
2522-XXHPY,Male,0,Yes,No,63,Yes,No,Fiber optic,No,Yes,No,No,No,No,One year,Yes,Electronic check,77.2,4856.52,1
9825-PBIHK,Male,0,No,No,42,Yes,Yes,No,No internet service,No internet service,No internet service,No internet service,No internet service,No internet service,Two year,Yes,Bank transfer (automatic),23.89,1012.09,0
1358-ZAUKR,Male,0,Yes,No,28,No,No phone service,Fiber optic,No,No,No,No,No,Yes,Month-to-month,No,Electronic check,99.43,2773.16,1
1138-ZUOXI,Female,0,Yes,No,64,Yes,Yes,DSL,Yes,No,No,No,Yes,Yes,Two year,Yes,Credit card (automatic),78.44,5010.82,0
1299-IAGLX,Female,1,Yes,Yes,8,Yes,Yes,No,No internet service,No internet service,No internet service,No internet service,No internet service,No internet service,Month-to-month,Yes,Electronic check,18.25,162.92,1
2556-JSPFK,Male,0,Yes,No,11,Yes,Yes,No,No internet service,No internet service,No internet service,No internet service,No internet service,No internet service,Month-to-month,Yes,Mailed check,18.25,177.74,1
6099-SYSRY,Female,0,No,No,7,Yes,Yes,Fiber optic,No,No,No,No,No,Yes,Two year,No,Electronic check,89.18,625.0,1
1382-OPNHH,Male,1,No,No,5,No,No phone service,No,No internet service,No internet service,No internet service,No internet service,No internet service,No internet service,One year,No,Credit card (automatic),25.38,107.63,1
7780-BFMMU,Male,0,Yes,Yes,32,Yes,No,No,No internet service,No internet service,No internet service,No internet service,No internet service,No internet service,Month-to-month,Yes,Mailed check,19.08,604.45,1
6594-LBUTY,Female,0,Yes,Yes,10,Yes,No,No,No internet service,No internet service,No internet service,No internet service,No internet service,No internet service,Two year,Yes,Mailed check,18.25,193.09,0
5857-LQFGF,Female,0,Yes,No,25,No,No phone service,No,No internet service,No internet service,No internet service,No internet service,No internet service,No internet service,Month-to-month,Yes,Credit card (automatic),18.25,446.93,0
8785-UDUIE,Female,0,Yes,No,23,Yes,No,DSL,No,No,No,No,Yes,No,One year,No,Electronic check,65.07,1506.94,1
8111-JOHWD,Female,0,Yes,No,31,Yes,No,Fiber optic,Yes,No,No,No,No,Yes,One year,Yes,Electronic check,106.05,3295.99,1
6740-ZEGFM,Female,0,Yes,Yes,11,Yes,No,No,No internet service,No internet service,No internet service,No internet service,No internet service,No internet service,Month-to-month,Yes,Credit card (automatic),21.92,229.03,1
9931-SJOCR,Female,1,Yes,Yes,72,Yes,No,Fiber optic,Yes,Yes,No,No,Yes,No,Month-to-month,Yes,Credit card (automatic),92.21,6637.32,1
7758-NCKJQ,Female,0,No,No,1,Yes,Yes,Fiber optic,Yes,Yes,No,Yes,No,No,One year,No,Electronic check,100.73,100.73,1
8742-MYBMS,Male,0,Yes,Yes,27,No,No phone service,No,No internet service,No internet service,No internet service,No internet service,No internet service,No internet service,One year,Yes,Bank transfer (automatic),18.25,488.47,0
9296-EPJLT,Male,0,No,Yes,9,Yes,Yes,DSL,No,No,Yes,No,Yes,No,Two year,Yes,Bank transfer (automatic),59.12,533.48,0
3721-MUPVU,Male,0,Yes,Yes,56,Yes,No,Fiber optic,No,No,No,Yes,Yes,No,One year,No,Credit card (automatic),105.78,5912.5,0
2932-ZAVIP,Female,0,No,Yes,5,Yes,No,Fiber optic,Yes,No,No,No,No,No,Month-to-month,Yes,Electronic check,91.6,455.73,1
6958-SORVL,Male,0,Yes,No,9,Yes,No,Fiber optic,No,No,Yes,Yes,No,Yes,Month-to-month,Yes,Bank transfer (automatic),100.11,917.45,1
4236-NCDFP,Male,0,Yes,No,9,Yes,No,Fiber optic,Yes,No,No,No,Yes,Yes,Month-to-month,Yes,Electronic check,116.35,1040.86,1
4140-MLVLB,Male,0,Yes,No,68,No,No phone service,Fiber optic,No,No,No,No,No,No,One year,Yes,Mailed check,82.75,5637.79,1
5163-MCMYB,Male,0,No,No,55,Yes,No,No,No internet service,No internet service,No internet service,No internet service,No internet service,No internet service,Month-to-month,Yes,Electronic check,21.52,1204.83,0
8792-SITAM,Female,0,No,No,5,Yes,Yes,Fiber optic,No,No,No,No,Yes,No,Two year,Yes,Electronic check,91.26,453.8,0
4807-BOSYY,Male,1,No,No,72,Yes,No,Fiber optic,No,Yes,No,No,No,No,Month-to-month,Yes,Mailed check,71.27,5130.42,1
9524-PKOFN,Male,0,Yes,No,15,Yes,No,Fiber optic,No,Yes,Yes,No,No,No,Two year,Yes,Electronic check,74.46,1093.03,1
9249-FSEKD,Male,1,Yes,No,11,Yes,No,No,No internet service,No internet service,No internet service,No internet service,No internet service,No internet service,One year,Yes,Credit card (automatic),22.3,237.93,1
5154-ZZIIQ,Male,0,No,Yes,65,Yes,No,DSL,Yes,No,Yes,Yes,No,No,Month-to-month,Yes,Bank transfer (automatic),66.58,4303.58,1
5172-HOIED,Male,1,No,No,4,Yes,No,Fiber optic,No,No,Yes,No,No,Yes,Two year,Yes,Credit card (automatic),84.63,366.36,0
1796-ZTRIU,Female,0,Yes,No,62,Yes,Yes,Fiber optic,No,Yes,Yes,No,Yes,No,Two year,Yes,Electronic check,104.63,6482.93,0
3416-CVIIU,Male,0,Yes,Yes,23,Yes,No,Fiber optic,No,No,No,Yes,No,Yes,Month-to-month,Yes,Electronic check,99.88,2305.76,1
1785-XDUGG,Male,0,No,No,1,No,No phone service,DSL,No,Yes,No,No,Yes,No,Two year,Yes,Electronic check,61.98,61.98,1
4158-WHUAI,Male,0,No,No,6,Yes,Yes,No,No internet service,No internet service,No internet service,No internet service,No internet service,No internet service,Two year,Yes,Credit card (automatic),18.25,110.78,0
1123-YWLFM,Male,0,Yes,Yes,11,Yes,No,DSL,Yes,No,No,No,No,No,Two year,No,Electronic check,60.77,669.49,0
3172-EUSZA,Male,0,Yes,No,5,Yes,No,DSL,No,Yes,No,No,No,Yes,Month-to-month,No,Electronic check,58.45,281.98,1
8773-VXRHX,Male,0,Yes,No,67,No,No phone service,DSL,No,Yes,Yes,No,Yes,No,Two year,No,Bank transfer (automatic),55.35,3752.32,0
8017-ZHZOS,Female,0,No,No,46,Yes,Yes,Fiber optic,No,Yes,No,Yes,No,Yes,Month-to-month,No,Credit card (automatic),108.46,5005.57,1
9359-JXPKL,Male,0,No,No,61,Yes,No,Fiber optic,No,No,Yes,Yes,Yes,Yes,Month-to-month,No,Mailed check,114.64,6983.95,1
5340-PPTCI,Male,0,No,Yes,51,Yes,Yes,DSL,No,No,Yes,Yes,Yes,No,Month-to-month,Yes,Electronic check,67.74,3479.84,1
1910-HJMRM,Female,1,No,No,67,Yes,Yes,DSL,No,Yes,No,No,Yes,No,Month-to-month,Yes,Credit card (automatic),61.49,4134.33,0
3309-MOMPH,Female,0,No,No,37,Yes,Yes,DSL,Yes,Yes,No,Yes,No,Yes,Month-to-month,No,Bank transfer (automatic),80.69,2988.22,1
9687-SJLNF,Male,0,Yes,No,4,Yes,No,Fiber optic,Yes,No,No,No,No,Yes,One year,No,Credit card (automatic),101.88,417.99,1
4634-UXIGF,Male,0,Yes,No,32,Yes,Yes,No,No internet service,No internet service,No internet service,No internet service,No internet service,No internet service,Month-to-month,No,Electronic check,18.25,583.79,0
2257-VAUNX,Female,0,Yes,Yes,70,No,No phone service,DSL,No,No,No,No,No,No,One year,Yes,Electronic check,49.13,3449.78,0
5458-FLQEK,Male,0,No,No,1,Yes,No,Fiber optic,Yes,No,No,No,Yes,No,Month-to-month,Yes,Electronic check,104.8,113.33,1
2178-ELCXI,Female,0,No,No,57,Yes,No,Fiber optic,No,No,Yes,No,Yes,No,Month-to-month,No,Electronic check,95.62,5459.29,1
5652-FVBZB,Male,0,No,Yes,66,Yes,Yes,Fiber optic,No,No,No,No,Yes,Yes,Month-to-month,Yes,Credit card (automatic),101.54,6720.53,0
4650-VLHBI,Male,1,No,No,4,Yes,Yes,Fiber optic,Yes,No,Yes,Yes,No,No,Month-to-month,Yes,Electronic check,106.68,427.67,0
1442-PYONT,Male,1,Yes,No,11,No,No phone service,Fiber optic,No,No,No,No,Yes,Yes,Month-to-month,Yes,Credit card (automatic),103.29,1147.46,1
8507-DDKUX,Female,1,Yes,No,55,Yes,Yes,Fiber optic,Yes,No,Yes,No,Yes,No,Month-to-month,No,Bank transfer (automatic),96.76,5313.16,1
2399-REBOK,Female,0,No,No,12,Yes,No,No,No internet service,No internet service,No internet service,No internet service,No internet service,No internet service,Two year,No,Credit card (automatic),18.25,202.8,1
2457-XQPOW,Female,0,Yes,No,2,Yes,Yes,No,No internet service,No internet service,No internet service,No internet service,No internet service,No internet service,Two year,Yes,Mailed check,22.09,61.28,0
7039-CTOXS,Female,0,No,No,22,Yes,No,No,No internet service,No internet service,No internet service,No internet service,No internet service,No internet service,Month-to-month,Yes,Electronic check,18.25,393.21,0
2054-MPWLQ,Male,0,Yes,No,63,Yes,No,Fiber optic,Yes,No,No,Yes,No,No,Month-to-month,Yes,Credit card (automatic),100.35,6323.09,1
6459-PIFSW,Male,0,Yes,No,61,Yes,No,DSL,No,No,Yes,No,No,No,Month-to-month,No,Electronic check,53.18,3244.07,1
4275-MUXHL,Female,0,Yes,No,3,Yes,No,Fiber optic,Yes,No,Yes,No,Yes,No,Month-to-month,Yes,Credit card (automatic),97.84,331.29,1
8510-IVDMB,Female,0,No,No,36,Yes,No,No,No internet service,No internet service,No internet service,No internet service,No internet service,No internet service,Two year,Yes,Bank transfer (automatic),18.25,651.45,0
4699-CEXZR,Female,0,Yes,Yes,64,Yes,Yes,No,No internet service,No internet service,No internet service,No internet service,No internet service,No internet service,One year,No,Electronic check,20.99,1341.35,0
4759-UNYBO,Female,0,Yes,Yes,66,Yes,No,DSL,Yes,No,Yes,Yes,Yes,Yes,Two year,No,Electronic check,95.41,6294.3,0
1929-HPCXT,Male,0,Yes,No,7,Yes,Yes,No,No internet service,No internet service,No internet service,No internet service,No internet service,No internet service,One year,Yes,Bank transfer (automatic),20.5,167.93,0
7940-TWEDW,Female,0,Yes,No,54,Yes,No,Fiber optic,Yes,Yes,No,Yes,No,No,Month-to-month,No,Electronic check,93.67,5050.9,1
2829-LSOYM,Male,1,No,No,66,Yes,No,Fiber optic,No,No,No,Yes,Yes,No,Month-to-month,No,Electronic check,102.96,6796.24,1
3928-ELSBG,Female,0,No,No,71,Yes,Yes,DSL,No,Yes,No,No,No,No,Month-to-month,No,Mailed check,48.29,3438.11,1
9321-WETKR,Male,0,No,No,28,Yes,No,No,No internet service,No internet service,No internet service,No internet service,No internet service,No internet service,Month-to-month,Yes,Electronic check,18.25,515.61,1
5221-RGJWT,Female,0,Yes,No,62,Yes,Yes,Fiber optic,Yes,No,No,No,Yes,No,Two year,No,Bank transfer (automatic),100.69,6245.67,0
4546-NTTKB,Male,0,No,No,2,Yes,No,Fiber optic,No,No,Yes,No,No,No,One year,Yes,Bank transfer (automatic),87.61,175.09,1
8876-MMIQO,Male,0,Yes,No,4,Yes,No,Fiber optic,No,No,No,No,No,No,Two year,Yes,Credit card (automatic),81.1,335.18,0
7520-XVZWU,Male,0,Yes,Yes,14,No,No phone service,DSL,Yes,No,No,No,Yes,No,Month-to-month,No,Credit card (automatic),69.21,993.65,1
3011-VVPYJ,Male,0,No,No,71,Yes,No,No,No internet service,No internet service,No internet service,No internet service,No internet service,No internet service,Month-to-month,Yes,Electronic check,26.08,1842.28,1
8423-TLETQ,Male,0,Yes,No,69,Yes,Yes,DSL,Yes,Yes,No,No,No,No,Month-to-month,No,Electronic check,61.15,4201.46,0
7669-JFUTF,Male,0,No,No,11,Yes,No,No,No internet service,No internet service,No internet service,No internet service,No internet service,No internet service,Month-to-month,No,Electronic check,28.45,313.08,1
4219-LUSBM,Male,1,No,No,21,Yes,Yes,Fiber optic,Yes,Yes,No,No,No,No,One year,Yes,Mailed check,92.03,1947.31,1
3606-VTKOM,Male,0,Yes,No,66,Yes,No,DSL,No,No,No,No,Yes,No,Month-to-month,Yes,Mailed check,61.45,4066.5,1
4264-ZCNHI,Male,0,No,No,39,Yes,Yes,Fiber optic,No,No,No,No,No,No,Month-to-month,No,Mailed check,78.15,3053.96,1
5928-OWRHK,Female,0,No,No,46,No,No phone service,No,No internet service,No internet service,No internet service,No internet service,No internet service,No internet service,One year,No,Electronic check,20.48,931.48,0
9629-EOOZG,Female,0,Yes,No,7,Yes,Yes,DSL,No,Yes,No,Yes,No,No,One year,No,Credit card (automatic),61.25,443.97,1
7523-URLLD,Male,0,Yes,Yes,45,Yes,Yes,Fiber optic,Yes,Yes,No,No,Yes,No,Month-to-month,No,Electronic check,103.58,4603.32,1
1006-KUFUJ,Female,0,Yes,No,1,Yes,No,DSL,Yes,Yes,No,No,Yes,No,Two year,Yes,Electronic check,70.88,70.88,1
3980-OAQCY,Female,1,No,No,69,Yes,Yes,No,No internet service,No internet service,No internet service,No internet service,No internet service,No internet service,Month-to-month,Yes,Bank transfer (automatic),26.5,1848.28,0
4361-KRJUI,Male,0,No,No,69,Yes,Yes,No,No internet service,No internet service,No internet service,No internet service,No internet service,No internet service,Month-to-month,No,Electronic check,24.19,1676.44,1
5774-GKHBE,Male,0,No,No,65,No,No phone service,Fiber optic,No,Yes,No,Yes,Yes,No,Month-to-month,No,Bank transfer (automatic),100.37,6515.64,0
2943-IAQJH,Female,1,Yes,No,19,Yes,Yes,DSL,Yes,No,Yes,No,No,No,Two year,No,Electronic check,59.24,1125.86,0
7263-RYJID,Male,0,No,No,41,Yes,No,No,No internet service,No internet service,No internet service,No internet service,No internet service,No internet service,One year,No,Mailed check,18.25,776.78,0
2635-BSJQC,Male,0,No,No,11,Yes,No,Fiber optic,No,Yes,No,No,No,Yes,Month-to-month,No,Credit card (automatic),92.25,1021.64,1
2141-USSZV,Male,0,Yes,No,56,Yes,Yes,Fiber optic,Yes,No,No,No,Yes,No,Two year,No,Electronic check,102.61,5754.41,1
8517-SSOYR,Female,0,No,Yes,4,Yes,Yes,DSL,Yes,No,No,Yes,Yes,Yes,Month-to-month,No,Bank transfer (automatic),89.86,363.8,1
9227-QJXNS,Female,1,Yes,Yes,37,Yes,Yes,Fiber optic,Yes,Yes,No,Yes,No,No,Month-to-month,No,Credit card (automatic),105.76,3909.14,0
3070-WRKKL,Female,0,No,Yes,25,Yes,No,Fiber optic,No,Yes,No,Yes,No,Yes,Month-to-month,Yes,Credit card (automatic),103.37,2588.52,1
4134-HPYXH,Male,0,No,Yes,34,No,No phone service,DSL,No,No,No,No,No,No,Month-to-month,Yes,Electronic check,46.44,1611.95,0
6160-XNWRX,Male,0,No,No,62,Yes,No,DSL,Yes,No,No,No,Yes,No,Two year,Yes,Mailed check,67.24,4189.29,0
8052-UVDQM,Male,0,No,Yes,12,Yes,No,Fiber optic,Yes,No,Yes,No,Yes,No,Month-to-month,No,Electronic check,107.1,1274.79,1
7725-ECITZ,Male,0,No,No,4,Yes,No,Fiber optic,No,Yes,No,No,Yes,No,One year,Yes,Mailed check,87.38,342.06,0
3242-RTSSU,Male,1,No,No,47,Yes,No,DSL,Yes,No,No,Yes,Yes,Yes,Two year,Yes,Electronic check,94.08,4428.43,0
2474-PAEXO,Female,0,No,No,41,Yes,No,DSL,No,Yes,Yes,Yes,No,No,One year,Yes,Credit card (automatic),57.95,2349.77,1
8268-ZLYAN,Male,0,Yes,Yes,5,Yes,Yes,DSL,No,No,No,No,No,No,Month-to-month,No,Electronic check,47.5,225.48,1
2889-RRFAQ,Female,0,No,No,17,Yes,No,No,No internet service,No internet service,No internet service,No internet service,No internet service,No internet service,Month-to-month,No,Credit card (automatic),18.25,306.5,1
4435-ROLMT,Male,0,No,No,4,Yes,No,DSL,No,No,No,Yes,No,No,Month-to-month,No,Mailed check,56.04,230.52,1
8889-BDCSY,Female,1,Yes,No,15,Yes,Yes,No,No internet service,No internet service,No internet service,No internet service,No internet service,No internet service,Two year,Yes,Mailed check,22.03,341.48,0
9908-HLLJY,Male,0,No,Yes,12,Yes,No,Fiber optic,No,No,No,Yes,No,No,Two year,Yes,Mailed check,96.49,1159.62,1
4705-AETKI,Male,0,No,Yes,58,Yes,No,Fiber optic,No,Yes,Yes,No,No,No,One year,No,Electronic check,80.7,4675.66,1
3021-NCEXZ,Male,0,Yes,Yes,8,Yes,No,No,No internet service,No internet service,No internet service,No internet service,No internet service,No internet service,Month-to-month,Yes,Credit card (automatic),18.25,133.01,1
5020-UIRFU,Male,0,Yes,No,62,Yes,No,Fiber optic,No,Yes,Yes,No,No,Yes,Two year,No,Credit card (automatic),95.34,5875.03,1
8692-YGPHW,Female,0,No,No,6,Yes,No,Fiber optic,No,Yes,No,No,No,No,Two year,No,Credit card (automatic),76.17,467.42,1
7993-JZEKU,Male,0,Yes,No,36,Yes,No,Fiber optic,Yes,Yes,Yes,No,Yes,No,One year,No,Mailed check,93.98,3391.2,1
8536-MTBNI,Female,0,Yes,Yes,65,Yes,Yes,No,No internet service,No internet service,No internet service,No internet service,No internet service,No internet service,Month-to-month,Yes,Mailed check,18.25,1184.22,1
3658-JJJZS,Female,0,No,Yes,68,Yes,No,DSL,Yes,No,No,No,Yes,No,Month-to-month,No,Credit card (automatic),69.35,4730.06,1
2130-KKCSX,Female,0,No,No,58,Yes,No,Fiber optic,No,No,No,No,No,Yes,Two year,Yes,Mailed check,96.59,5595.7,0
6910-VALON,Male,1,No,No,2,Yes,Yes,No,No internet service,No internet service,No internet service,No internet service,No internet service,No internet service,Month-to-month,Yes,Credit card (automatic),18.25,32.58,1
2819-CTMRP,Male,1,No,No,11,Yes,No,DSL,Yes,No,No,No,Yes,No,Month-to-month,Yes,Electronic check,68.58,748.9,1
7008-FJQQH,Female,0,Yes,No,8,No,No phone service,No,No internet service,No internet service,No internet service,No internet service,No internet service,No internet service,One year,Yes,Mailed check,18.25,154.03,0
5318-DOAGY,Male,0,No,No,10,Yes,No,No,No internet service,No internet service,No internet service,No internet service,No internet service,No internet service,One year,Yes,Bank transfer (automatic),18.25,181.58,1
9639-JGAQL,Female,0,Yes,No,3,Yes,No,DSL,Yes,No,No,Yes,No,No,Month-to-month,Yes,Electronic check,63.48,205.6,1
5144-QOXPW,Female,0,No,No,33,No,No phone service,DSL,No,No,No,No,Yes,Yes,Month-to-month,Yes,Credit card (automatic),76.83,2521.96,1
5669-NCSLS,Male,0,No,No,13,Yes,Yes,DSL,No,No,No,No,No,Yes,Two year,Yes,Mailed check,71.53,924.89,0
2236-RNTWI,Male,1,No,Yes,23,No,No phone service,DSL,No,Yes,Yes,Yes,No,No,One year,Yes,Credit card (automatic),53.88,1236.53,1
6476-CZWLT,Female,0,Yes,No,46,Yes,No,Fiber optic,No,No,No,Yes,No,No,Two year,Yes,Credit card (automatic),94.68,4358.49,0
9851-QEHSZ,Female,0,Yes,Yes,29,No,No phone service,No,No internet service,No internet service,No internet service,No internet service,No internet service,No internet service,Two year,No,Bank transfer (automatic),18.25,549.33,0
2856-DOSOZ,Male,0,Yes,No,4,Yes,Yes,Fiber optic,No,No,No,No,No,No,Two year,Yes,Mailed check,83.79,350.53,1
3282-NPXJX,Male,0,Yes,Yes,48,Yes,No,Fiber optic,No,Yes,Yes,No,Yes,No,One year,Yes,Mailed check,88.58,4258.18,1
7653-NTKBS,Male,0,Yes,No,6,Yes,Yes,DSL,Yes,No,Yes,Yes,No,Yes,Month-to-month,Yes,Credit card (automatic),86.0,490.97,0
9381-CDKMR,Female,1,No,Yes,69,Yes,No,Fiber optic,No,Yes,No,No,No,No,Month-to-month,Yes,Electronic check,75.09,5173.44,1
5093-RSLAX,Female,0,Yes,No,68,No,No phone service,Fiber optic,No,No,No,No,No,No,One year,Yes,Credit card (automatic),80.65,5489.86,0
6687-FCQCA,Female,0,No,No,23,Yes,Yes,Fiber optic,Yes,No,No,No,No,Yes,Month-to-month,No,Electronic check,106.16,2415.15,1
6200-CDFGW,Male,0,Yes,Yes,54,Yes,Yes,Fiber optic,No,No,No,Yes,Yes,Yes,One year,Yes,Mailed check,118.75,6416.03,0
4421-YHMDF,Female,0,No,No,14,Yes,No,No,No internet service,No internet service,No internet service,No internet service,No internet service,No internet service,Month-to-month,Yes,Electronic check,18.25,265.74,1
1386-KAHVB,Female,0,Yes,Yes,60,Yes,No,No,No internet service,No internet service,No internet service,No internet service,No internet service,No internet service,Month-to-month,Yes,Credit card (automatic),18.25,1093.34,0
2628-HTIDQ,Female,0,No,Yes,24,Yes,No,DSL,No,Yes,No,No,No,Yes,Month-to-month,No,Bank transfer (automatic),64.56,1542.32,1
4585-GJEJL,Male,0,No,No,45,Yes,Yes,DSL,No,No,No,No,No,No,Month-to-month,Yes,Credit card (automatic),52.41,2370.47,1
9194-UTFAC,Female,0,Yes,No,62,No,No phone service,DSL,No,No,No,No,No,Yes,One year,Yes,Electronic check,54.41,3367.76,1
3714-GKXLI,Male,0,No,Yes,8,Yes,No,Fiber optic,No,No,No,No,No,No,Month-to-month,Yes,Credit card (automatic),86.25,676.25,1
7723-ADBBQ,Female,1,No,No,72,Yes,Yes,DSL,Yes,No,Yes,No,Yes,No,One year,No,Electronic check,67.11,4849.72,0
7978-UBDYK,Female,0,No,No,11,Yes,No,Fiber optic,Yes,No,No,Yes,No,Yes,Month-to-month,Yes,Electronic check,115.11,1277.81,1
9382-SXZMV,Male,1,Yes,No,46,Yes,Yes,DSL,No,No,Yes,No,No,No,Month-to-month,Yes,Electronic check,57.41,2632.69,1
4189-ZURSX,Male,0,No,Yes,8,Yes,Yes,Fiber optic,No,No,No,No,No,No,Two year,Yes,Electronic check,79.01,620.18,1
9969-OLYKW,Male,0,No,Yes,8,Yes,No,DSL,Yes,Yes,No,No,No,No,One year,Yes,Bank transfer (automatic),55.42,461.05,0
5305-APMFW,Female,0,No,No,5,Yes,Yes,Fiber optic,No,Yes,No,No,Yes,No,Month-to-month,No,Bank transfer (automatic),91.13,465.21,1
1909-FJBYC,Male,0,No,No,68,Yes,No,No,No internet service,No internet service,No internet service,No internet service,No internet service,No internet service,Month-to-month,Yes,Mailed check,23.03,1553.68,1
6385-FPFXM,Female,0,Yes,Yes,1,Yes,Yes,Fiber optic,No,No,No,No,No,No,One year,No,Electronic check,80.69,80.69,1
8399-DOFAI,Female,0,No,Yes,62,Yes,No,Fiber optic,No,No,No,No,No,No,One year,No,Mailed check,80.83,5008.6,0
2866-LYWKM,Male,0,No,No,40,Yes,Yes,No,No internet service,No internet service,No internet service,No internet service,No internet service,No internet service,One year,No,Credit card (automatic),18.25,729.59,0
2842-ASUDE,Male,0,Yes,No,28,Yes,No,DSL,No,No,No,No,No,No,One year,No,Electronic check,61.97,1747.76,1
3497-WYQES,Male,0,Yes,Yes,5,Yes,Yes,DSL,No,No,No,No,Yes,Yes,Month-to-month,Yes,Bank transfer (automatic),71.41,349.22,1
9005-CKBVN,Male,0,No,No,8,Yes,Yes,No,No internet service,No internet service,No internet service,No internet service,No internet service,No internet service,Month-to-month,Yes,Electronic check,19.96,168.79,1
7351-FSAGB,Female,0,Yes,Yes,3,Yes,Yes,No,No internet service,No internet service,No internet service,No internet service,No internet service,No internet service,Two year,Yes,Credit card (automatic),18.25,47.84,0
7209-XSAZI,Female,0,No,No,9,Yes,No,DSL,No,No,Yes,No,No,No,Two year,Yes,Bank transfer (automatic),48.85,416.33,0
6054-UQJFZ,Male,0,No,No,10,Yes,Yes,DSL,No,Yes,Yes,Yes,Yes,Yes,Month-to-month,Yes,Bank transfer (automatic),85.8,862.91,1
5006-CTXOU,Male,0,Yes,No,11,Yes,Yes,Fiber optic,No,No,No,Yes,No,No,Month-to-month,No,Electronic check,87.12,950.09,1
3702-VZTFC,Female,0,No,No,69,Yes,No,No,No internet service,No internet service,No internet service,No internet service,No internet service,No internet service,One year,No,Bank transfer (automatic),18.25,1263.34,0
9038-JLAVP,Female,0,No,No,55,Yes,Yes,Fiber optic,No,No,No,Yes,Yes,No,One year,No,Electronic check,97.76,5384.41,0
1331-QJLSH,Male,0,Yes,No,68,Yes,Yes,DSL,Yes,No,No,No,Yes,Yes,Month-to-month,Yes,Bank transfer (automatic),88.82,6044.55,0
6858-WHJJR,Female,0,No,No,4,Yes,Yes,Fiber optic,No,No,Yes,No,No,No,Two year,Yes,Mailed check,78.18,308.42,1
8920-JGDAK,Female,0,Yes,Yes,69,Yes,Yes,DSL,Yes,Yes,Yes,No,Yes,No,Two year,Yes,Electronic check,68.14,4705.44,0
7551-SEZHB,Female,0,Yes,No,41,Yes,No,DSL,No,No,No,No,No,No,Two year,Yes,Mailed check,47.11,1951.79,0
7474-BXNIJ,Female,0,No,No,64,Yes,Yes,DSL,No,No,No,No,Yes,No,One year,No,Electronic check,55.29,3531.83,0
3459-MANBD,Female,0,Yes,No,2,Yes,Yes,Fiber optic,Yes,Yes,Yes,Yes,Yes,No,Month-to-month,No,Electronic check,108.9,221.01,1
2774-SADKM,Female,0,No,Yes,65,No,No phone service,Fiber optic,Yes,No,No,No,No,Yes,Month-to-month,Yes,Electronic check,98.31,6399.51,1
7785-RJEAN,Female,1,No,No,64,Yes,No,Fiber optic,No,No,Yes,No,No,No,Month-to-month,No,Bank transfer (automatic),81.1,5196.06,0
7415-PXZRC,Female,1,Yes,No,61,Yes,No,Fiber optic,No,Yes,Yes,No,Yes,No,Two year,Yes,Electronic check,83.51,5083.93,0
3686-CDGMI,Male,0,Yes,Yes,36,Yes,Yes,Fiber optic,No,Yes,No,No,No,Yes,Month-to-month,No,Credit card (automatic),96.05,3441.63,1
9219-CQOJO,Female,0,Yes,No,7,Yes,No,No,No internet service,No internet service,No internet service,No internet service,No internet service,No internet service,One year,Yes,Credit card (automatic),18.25,137.06,1
8945-AVUJG,Male,0,No,No,4,No,No phone service,DSL,Yes,No,Yes,No,Yes,Yes,Two year,Yes,Mailed check,78.54,290.73,1
6665-GCGIH,Male,0,No,No,33,Yes,No,DSL,No,No,Yes,No,No,Yes,Month-to-month,No,Mailed check,58.53,1961.0,1
7902-CZEMM,Male,0,No,No,10,Yes,No,DSL,No,No,Yes,No,No,No,Month-to-month,Yes,Bank transfer (automatic),43.63,415.81,1
8198-HRGJJ,Male,0,No,No,19,No,No phone service,DSL,No,No,No,Yes,Yes,Yes,Month-to-month,Yes,Electronic check,91.98,1753.11,1
8538-WKLMH,Male,0,Yes,No,16,Yes,Yes,DSL,No,Yes,Yes,No,No,No,Month-to-month,No,Electronic check,51.73,802.24,1
8478-QXNQS,Female,0,Yes,Yes,2,Yes,No,No,No internet service,No internet service,No internet service,No internet service,No internet service,No internet service,One year,Yes,Mailed check,18.25,39.0,1
7989-PITJI,Male,1,Yes,No,42,Yes,No,DSL,No,Yes,No,Yes,Yes,No,One year,Yes,Mailed check,65.1,2746.51,1
8365-AXCKG,Female,0,No,No,37,Yes,Yes,DSL,No,No,No,Yes,No,No,One year,Yes,Electronic check,54.36,2022.06,1
6462-RMWWY,Male,0,No,No,10,Yes,Yes,Fiber optic,No,No,Yes,No,Yes,No,Two year,No,Mailed check,90.09,892.39,1
1173-RPXPU,Female,0,Yes,No,7,Yes,No,DSL,No,No,No,No,Yes,No,Month-to-month,No,Electronic check,54.56,415.9,0
7674-JIHSC,Female,0,Yes,No,25,Yes,Yes,DSL,No,No,Yes,No,Yes,Yes,One year,Yes,Credit card (automatic),69.84,1758.7,0
5615-ZXIBS,Male,0,No,No,9,Yes,Yes,Fiber optic,No,No,Yes,Yes,Yes,No,One year,Yes,Credit card (automatic),96.08,887.04,1
4321-HRHEF,Female,1,Yes,No,6,Yes,Yes,No,No internet service,No internet service,No internet service,No internet service,No internet service,No internet service,Month-to-month,Yes,Bank transfer (automatic),24.21,144.36,1
6688-JODCX,Male,0,Yes,Yes,7,Yes,Yes,DSL,No,No,No,Yes,No,No,Two year,Yes,Electronic check,56.71,408.59,0
4372-IPPOX,Female,0,Yes,No,22,Yes,Yes,DSL,No,No,Yes,Yes,Yes,Yes,Month-to-month,Yes,Bank transfer (automatic),80.57,1778.1,1
4311-IQULW,Female,0,Yes,No,31,Yes,No,No,No internet service,No internet service,No internet service,No internet service,No internet service,No internet service,One year,No,Mailed check,22.01,697.26,1
7360-HNRLN,Male,0,No,Yes,56,Yes,No,DSL,Yes,No,Yes,No,Yes,Yes,Month-to-month,No,Credit card (automatic),83.93,4678.69,0
7842-TWEAM,Female,0,Yes,No,3,Yes,No,Fiber optic,Yes,No,No,No,Yes,No,One year,Yes,Mailed check,90.48,254.44,0
8665-NBPEV,Female,0,No,Yes,2,Yes,Yes,DSL,Yes,No,No,No,Yes,Yes,One year,No,Credit card (automatic),90.35,192.89,1
7548-ALSVV,Female,1,Yes,No,67,Yes,No,No,No internet service,No internet service,No internet service,No internet service,No internet service,No internet service,Two year,Yes,Credit card (automatic),24.4,1616.18,0
5679-WJLSP,Female,0,No,No,1,Yes,No,Fiber optic,No,Yes,No,Yes,Yes,Yes,Month-to-month,Yes,Electronic check,116.16,116.16,1
4403-QMGCE,Female,0,No,No,72,Yes,Yes,DSL,Yes,No,Yes,No,No,No,Month-to-month,No,Bank transfer (automatic),59.3,4251.49,1
1018-DOQLW,Female,0,Yes,Yes,10,Yes,No,No,No internet service,No internet service,No internet service,No internet service,No internet service,No internet service,Month-to-month,No,Mailed check,21.49,203.24,0
4691-NDQKF,Male,0,Yes,Yes,10,Yes,No,Fiber optic,No,Yes,No,No,Yes,Yes,Month-to-month,No,Bank transfer (automatic),107.88,1086.96,1
9832-DMTOR,Female,0,Yes,Yes,12,Yes,No,No,No internet service,No internet service,No internet service,No internet service,No internet service,No internet service,Month-to-month,No,Mailed check,18.58,198.12,0
5096-QSJEL,Male,0,Yes,No,8,No,No phone service,Fiber optic,Yes,Yes,Yes,No,No,Yes,Month-to-month,Yes,Electronic check,100.24,802.8,1
4628-YOWDH,Female,0,No,Yes,20,Yes,Yes,Fiber optic,Yes,No,Yes,No,Yes,No,One year,Yes,Mailed check,100.55,2013.06,1
8743-TVQFP,Male,0,Yes,No,8,Yes,Yes,Fiber optic,No,No,No,No,No,Yes,One year,Yes,Bank transfer (automatic),94.86,747.13,1
3174-ZENBQ,Female,0,Yes,No,19,Yes,Yes,DSL,No,No,No,No,No,Yes,Two year,Yes,Electronic check,64.64,1240.6,0
2356-FKBYY,Male,0,No,No,62,Yes,Yes,DSL,No,No,No,No,Yes,Yes,Month-to-month,Yes,Credit card (automatic),76.24,4744.75,0
6002-AEHDS,Female,0,No,No,8,Yes,No,Fiber optic,No,No,Yes,No,Yes,No,Month-to-month,Yes,Electronic check,88.08,681.7,1
6936-EEXPV,Male,0,Yes,No,66,Yes,No,DSL,No,No,No,Yes,Yes,Yes,Month-to-month,Yes,Bank transfer (automatic),89.12,5882.75,0
9547-RKQCR,Male,0,Yes,No,60,Yes,No,No,No internet service,No internet service,No internet service,No internet service,No internet service,No internet service,Month-to-month,Yes,Electronic check,20.08,1226.0,0
4112-DSIED,Male,0,Yes,No,11,Yes,No,No,No internet service,No internet service,No internet service,No internet service,No internet service,No internet service,Month-to-month,No,Electronic check,18.25,187.02,1
1182-PJIPT,Female,0,Yes,No,3,Yes,No,DSL,Yes,No,No,No,Yes,No,Month-to-month,No,Mailed check,78.9,228.43,0
8640-VZQRO,Female,0,Yes,Yes,11,Yes,No,Fiber optic,No,No,No,No,Yes,Yes,Month-to-month,No,Mailed check,99.55,1099.54,1
8736-TIFFK,Female,0,No,No,39,Yes,No,Fiber optic,Yes,Yes,No,No,No,No,One year,No,Credit card (automatic),93.81,3653.1,1
2812-YTCWL,Male,1,Yes,No,9,Yes,No,Fiber optic,No,Yes,Yes,No,No,Yes,One year,No,Credit card (automatic),92.35,835.02,1
9351-OGYVR,Female,0,No,Yes,12,Yes,Yes,Fiber optic,Yes,No,Yes,No,Yes,Yes,Month-to-month,Yes,Bank transfer (automatic),116.54,1405.45,1
9221-VOHVI,Male,0,Yes,Yes,69,No,No phone service,Fiber optic,No,No,No,No,No,No,Month-to-month,Yes,Bank transfer (automatic),81.73,5624.11,1
5912-OPTCE,Female,0,No,No,7,Yes,Yes,Fiber optic,No,No,Yes,No,No,No,Month-to-month,Yes,Credit card (automatic),79.05,536.91,1
8187-CBBDC,Male,0,Yes,No,67,Yes,No,Fiber optic,No,No,No,No,No,Yes,Month-to-month,Yes,Credit card (automatic),96.95,6489.49,1
2800-IWVZL,Male,0,No,Yes,5,Yes,Yes,DSL,Yes,No,Yes,No,Yes,Yes,Two year,No,Electronic check,84.54,421.08,1
3429-XISLP,Male,0,Yes,Yes,16,Yes,No,DSL,Yes,No,Yes,No,No,No,Two year,Yes,Electronic check,57.33,914.66,1
6482-ZWYAJ,Female,0,Yes,No,6,Yes,Yes,DSL,No,No,No,No,No,No,One year,Yes,Electronic check,44.08,256.17,1
9841-YWJDK,Male,0,No,No,2,Yes,No,Fiber optic,Yes,No,No,No,No,No,One year,No,Bank transfer (automatic),89.27,186.21,1
7029-VKKVF,Female,0,Yes,Yes,27,Yes,Yes,DSL,No,No,No,Yes,No,No,Month-to-month,No,Credit card (automatic),55.57,1523.17,1
2968-OBUWV,Male,0,No,No,28,Yes,No,No,No internet service,No internet service,No internet service,No internet service,No internet service,No internet service,One year,No,Credit card (automatic),18.25,527.71,0
7825-CEXKU,Female,0,No,No,51,Yes,Yes,DSL,No,No,Yes,No,Yes,No,Month-to-month,No,Credit card (automatic),56.64,2867.74,1
7532-LZCIC,Male,1,Yes,No,67,Yes,No,Fiber optic,Yes,Yes,No,No,Yes,No,Two year,No,Credit card (automatic),98.87,6633.48,0
7054-BFXFQ,Male,0,No,No,20,Yes,Yes,DSL,Yes,No,Yes,Yes,No,Yes,One year,Yes,Mailed check,73.03,1452.0,0
5987-HAYHV,Male,0,Yes,No,30,Yes,No,No,No internet service,No internet service,No internet service,No internet service,No internet service,No internet service,Month-to-month,No,Electronic check,21.08,626.43,1
9776-ORMYH,Female,1,Yes,Yes,49,Yes,Yes,DSL,Yes,Yes,No,No,Yes,No,Two year,No,Electronic check,70.39,3456.39,0
5650-TRMNO,Male,0,No,No,31,Yes,Yes,Fiber optic,Yes,Yes,Yes,Yes,Yes,No,Month-to-month,No,Bank transfer (automatic),116.38,3603.5,1
2159-FAGAO,Male,0,No,Yes,5,Yes,No,No,No internet service,No internet service,No internet service,No internet service,No internet service,No internet service,Month-to-month,No,Bank transfer (automatic),21.71,117.74,1
2213-FELZC,Female,0,Yes,No,66,Yes,No,DSL,No,Yes,Yes,Yes,No,No,Two year,No,Credit card (automatic),53.97,3560.43,0
7267-VTNFD,Female,0,No,No,8,Yes,No,Fiber optic,No,No,No,No,Yes,Yes,Month-to-month,No,Electronic check,95.58,785.66,1
2325-OQEXF,Male,0,Yes,Yes,5,Yes,No,Fiber optic,No,No,Yes,Yes,No,No,Month-to-month,Yes,Mailed check,94.7,465.74,1
9011-JIDZI,Female,0,No,No,63,No,No phone service,Fiber optic,No,Yes,No,No,Yes,No,Month-to-month,Yes,Credit card (automatic),93.41,5845.0,1
7091-HCVTA,Female,0,Yes,Yes,38,Yes,No,Fiber optic,Yes,No,Yes,No,No,No,Month-to-month,Yes,Electronic check,98.37,3727.72,1
5796-YTECD,Male,0,Yes,No,1,Yes,Yes,Fiber optic,Yes,Yes,Yes,Yes,No,No,Month-to-month,No,Mailed check,103.18,103.18,1
2455-YWXSO,Female,0,Yes,No,69,No,No phone service,DSL,No,Yes,No,No,No,Yes,Month-to-month,Yes,Electronic check,69.97,4829.5,1
6410-SPWHN,Male,0,No,No,12,Yes,No,Fiber optic,No,No,No,Yes,Yes,No,Month-to-month,Yes,Bank transfer (automatic),90.72,1094.12,1
9161-EASEC,Male,0,No,No,5,Yes,Yes,Fiber optic,No,No,No,No,Yes,No,One year,No,Electronic check,92.2,445.71,1
8753-QGQZM,Male,1,Yes,No,1,Yes,Yes,Fiber optic,No,Yes,Yes,No,Yes,No,Month-to-month,Yes,Credit card (automatic),95.2,95.2,1
5962-VVNWL,Female,0,No,No,51,Yes,No,No,No internet service,No internet service,No internet service,No internet service,No internet service,No internet service,Month-to-month,Yes,Credit card (automatic),23.81,1204.69,0
9667-KACLI,Female,0,No,No,71,Yes,Yes,Fiber optic,Yes,No,No,Yes,No,No,Month-to-month,Yes,Electronic check,98.47,6991.04,0
2644-BNECL,Male,0,Yes,Yes,47,Yes,No,No,No internet service,No internet service,No internet service,No internet service,No internet service,No internet service,Month-to-month,Yes,Credit card (automatic),21.89,1025.67,1
3140-LUGAC,Male,0,No,Yes,3,Yes,Yes,No,No internet service,No internet service,No internet service,No internet service,No internet service,No internet service,Two year,Yes,Electronic check,23.86,46.16,0
5536-KMVWJ,Female,0,Yes,No,35,Yes,Yes,Fiber optic,No,No,No,Yes,No,No,Month-to-month,Yes,Bank transfer (automatic),99.06,3480.79,1
5457-SDVEK,Female,0,Yes,Yes,33,Yes,No,No,No internet service,No internet service,No internet service,No internet service,No internet service,No internet service,Two year,Yes,Bank transfer (automatic),24.2,800.46,0
8903-IMQOM,Male,0,Yes,No,12,No,No phone service,DSL,No,No,Yes,Yes,Yes,No,Two year,Yes,Credit card (automatic),68.31,832.07,1
6586-UKAHW,Male,1,Yes,No,8,Yes,No,DSL,No,No,No,No,No,No,Month-to-month,Yes,Mailed check,52.89,416.57,1
5378-EVPDY,Male,0,No,No,67,Yes,No,Fiber optic,No,No,No,No,Yes,No,Two year,No,Bank transfer (automatic),91.22,6108.96,0
1729-SRWBM,Female,0,No,No,60,Yes,Yes,No,No internet service,No internet service,No internet service,No internet service,No internet service,No internet service,Month-to-month,Yes,Mailed check,18.25,1103.63,0
5357-PVHSC,Male,1,Yes,Yes,59,Yes,Yes,DSL,No,No,No,No,Yes,No,Month-to-month,No,Credit card (automatic),60.34,3565.96,1
7226-SQIUY,Female,1,No,No,72,Yes,Yes,Fiber optic,No,No,Yes,No,No,No,Two year,Yes,Mailed check,80.92,5799.88,0
2936-UWQYA,Male,0,No,No,6,Yes,Yes,DSL,No,Yes,No,No,Yes,Yes,One year,No,Credit card (automatic),79.7,509.61,0
4793-DWOLY,Female,1,No,Yes,3,Yes,Yes,Fiber optic,No,Yes,Yes,No,No,Yes,Month-to-month,Yes,Mailed check,88.1,263.43,1
4736-QLPMK,Female,0,No,No,28,Yes,No,Fiber optic,No,No,Yes,No,No,No,Month-to-month,Yes,Electronic check,87.37,2453.97,1
3261-OPFZK,Male,0,Yes,No,61,No,No phone service,Fiber optic,No,No,No,No,No,Yes,One year,Yes,Mailed check,82.93,5054.63,0
7990-OECZB,Female,0,No,No,60,Yes,Yes,DSL,No,Yes,Yes,No,Yes,No,Month-to-month,Yes,Mailed check,60.01,3588.01,0
2110-AOBTF,Female,0,Yes,Yes,63,Yes,Yes,DSL,Yes,No,No,No,No,No,Month-to-month,Yes,Bank transfer (automatic),58.96,3724.54,1
8948-LUPND,Male,0,Yes,No,70,Yes,Yes,No,No internet service,No internet service,No internet service,No internet service,No internet service,No internet service,Month-to-month,No,Bank transfer (automatic),18.25,1293.12,0
6480-HLWNT,Female,0,No,No,12,Yes,No,Fiber optic,Yes,No,No,No,Yes,No,Month-to-month,Yes,Electronic check,107.19,1281.14,1
3998-ZMELJ,Female,0,No,Yes,72,No,No phone service,DSL,No,No,Yes,No,No,No,Month-to-month,Yes,Electronic check,45.43,3290.51,1
3394-USMIK,Male,0,Yes,No,34,Yes,Yes,DSL,No,No,Yes,No,No,No,Month-to-month,No,Mailed check,40.12,1379.48,1
2185-EMJRO,Female,1,Yes,Yes,64,Yes,Yes,DSL,Yes,No,No,Yes,No,Yes,Month-to-month,No,Electronic check,85.51,5489.64,1
3007-TLDEH,Female,0,Yes,No,1,No,No phone service,Fiber optic,No,No,No,Yes,No,Yes,Month-to-month,No,Bank transfer (automatic),89.07,90.22,1
1193-EARSS,Male,0,Yes,No,51,Yes,No,Fiber optic,No,No,Yes,Yes,No,No,Two year,Yes,Bank transfer (automatic),85.52,4363.66,0
6611-JVIZA,Male,0,No,No,35,Yes,No,No,No internet service,No internet service,No internet service,No internet service,No internet service,No internet service,Two year,Yes,Electronic check,21.43,778.7,0
8815-VYTZC,Male,0,No,Yes,46,Yes,Yes,No,No internet service,No internet service,No internet service,No internet service,No internet service,No internet service,Month-to-month,No,Credit card (automatic),18.25,829.04,1
1578-MFFRE,Female,0,Yes,No,13,Yes,No,Fiber optic,No,No,No,No,Yes,No,Month-to-month,No,Bank transfer (automatic),86.25,1129.06,1
6525-QYYCE,Male,0,Yes,No,58,Yes,No,Fiber optic,No,Yes,No,Yes,No,Yes,Two year,No,Credit card (automatic),110.65,6418.7,0
1771-CWMOQ,Male,0,No,No,39,Yes,No,Fiber optic,No,No,No,No,No,Yes,Month-to-month,Yes,Electronic check,90.16,3536.79,1
3395-OEVNK,Male,1,Yes,No,29,Yes,Yes,Fiber optic,No,No,Yes,No,No,No,Month-to-month,No,Bank transfer (automatic),83.65,2389.72,1
2478-NGCWT,Male,1,Yes,Yes,65,Yes,Yes,No,No internet service,No internet service,No internet service,No internet service,No internet service,No internet service,Month-to-month,Yes,Electronic check,24.27,1571.75,1
2846-JKFET,Male,1,Yes,No,70,Yes,No,DSL,No,No,No,Yes,No,No,Two year,Yes,Mailed check,53.99,3800.76,0
9176-VMLSS,Male,0,Yes,No,71,Yes,Yes,DSL,No,No,Yes,No,No,No,Month-to-month,Yes,Electronic check,45.22,3195.58,1
5274-UEYTU,Male,0,Yes,No,57,Yes,Yes,No,No internet service,No internet service,No internet service,No internet service,No internet service,No internet service,Month-to-month,Yes,Electronic check,18.25,1023.75,1
4740-IDOCW,Female,0,Yes,Yes,21,Yes,No,Fiber optic,No,Yes,No,No,No,Yes,One year,Yes,Electronic check,88.05,1851.1,1
5600-GXTTN,Female,0,No,No,5,No,No phone service,Fiber optic,No,No,Yes,Yes,No,Yes,One year,Yes,Bank transfer (automatic),98.02,486.28,0
7290-NIZWC,Male,0,No,No,42,Yes,Yes,No,No internet service,No internet service,No internet service,No internet service,No internet service,No internet service,Month-to-month,No,Credit card (automatic),18.25,767.66,1
7519-IUDQY,Male,0,No,No,22,No,No phone service,Fiber optic,No,No,Yes,No,No,No,Month-to-month,Yes,Electronic check,84.32,1847.41,1
5915-FPRMG,Female,0,No,No,52,Yes,Yes,DSL,No,No,No,No,No,Yes,Month-to-month,Yes,Electronic check,62.25,3230.07,1
3073-CFXCL,Male,0,No,No,60,Yes,No,Fiber optic,Yes,Yes,Yes,No,Yes,No,Two year,Yes,Credit card (automatic),107.23,6415.25,1
5754-EVQJG,Female,0,Yes,No,12,Yes,No,DSL,No,No,Yes,Yes,No,No,Two year,Yes,Bank transfer (automatic),70.5,829.18,0
2896-DJGWK,Male,0,No,No,11,Yes,No,DSL,Yes,No,No,Yes,No,Yes,Two year,No,Electronic check,90.22,982.99,0
9638-UHHEE,Female,1,No,No,62,No,No phone service,No,No internet service,No internet service,No internet service,No internet service,No internet service,No internet service,Two year,No,Electronic check,18.25,1117.37,0
4659-GVDBX,Male,0,No,Yes,9,Yes,No,Fiber optic,Yes,No,Yes,Yes,Yes,No,Month-to-month,Yes,Mailed check,108.19,957.85,1
3379-SBPLO,Female,0,Yes,Yes,29,Yes,Yes,No,No internet service,No internet service,No internet service,No internet service,No internet service,No internet service,Month-to-month,Yes,Electronic check,21.94,619.28,1
2447-JWZFX,Female,0,No,Yes,51,Yes,No,No,No internet service,No internet service,No internet service,No internet service,No internet service,No internet service,Month-to-month,Yes,Bank transfer (automatic),18.25,914.6,0
1342-MFWBZ,Male,1,No,No,53,Yes,No,Fiber optic,No,No,Yes,No,No,No,Month-to-month,Yes,Electronic check,81.42,4330.76,1
6127-NRFYS,Female,0,No,No,51,Yes,No,No,No internet service,No internet service,No internet service,No internet service,No internet service,No internet service,Two year,Yes,Mailed check,29.8,1527.16,0
4136-ZNMHE,Female,0,Yes,No,68,Yes,Yes,No,No internet service,No internet service,No internet service,No internet service,No internet service,No internet service,Month-to-month,No,Mailed check,27.58,1893.81,1
3527-MFVZS,Male,0,Yes,No,61,Yes,No,DSL,No,No,No,No,No,No,Month-to-month,Yes,Bank transfer (automatic),42.92,2630.84,1
1727-KPELQ,Female,0,No,No,11,Yes,No,Fiber optic,No,Yes,Yes,No,Yes,No,Month-to-month,No,Credit card (automatic),92.46,1045.15,1
5577-BJOST,Female,0,Yes,No,5,Yes,No,DSL,No,No,No,No,No,No,Month-to-month,Yes,Mailed check,46.6,250.03,1
1976-YQSSM,Female,0,Yes,Yes,51,Yes,Yes,DSL,Yes,Yes,Yes,Yes,No,No,Month-to-month,No,Mailed check,78.27,3994.34,0
7909-MPVUC,Female,0,No,No,62,Yes,No,DSL,No,No,Yes,Yes,Yes,No,Two year,No,Credit card (automatic),78.53,4854.43,0
9048-DGCIH,Male,0,Yes,No,10,No,No phone service,Fiber optic,No,No,No,Yes,Yes,Yes,Month-to-month,Yes,Bank transfer (automatic),115.48,1178.45,1
4516-RUNTE,Female,0,Yes,Yes,6,Yes,No,Fiber optic,No,No,No,No,Yes,Yes,Month-to-month,No,Electronic check,109.62,656.35,1
7408-CJKQH,Female,0,No,No,11,Yes,Yes,DSL,No,No,No,No,No,No,Month-to-month,No,Electronic check,40.76,424.76,1
9805-IHTBD,Female,0,Yes,No,25,Yes,No,Fiber optic,No,No,Yes,No,No,Yes,Two year,Yes,Credit card (automatic),85.07,2125.3,0
4940-PIZIU,Female,0,Yes,Yes,12,Yes,Yes,Fiber optic,No,Yes,No,No,Yes,No,Two year,No,Electronic check,90.31,1075.88,0
2299-EZCNO,Male,1,No,Yes,67,Yes,Yes,DSL,No,Yes,Yes,Yes,No,Yes,One year,No,Credit card (automatic),71.13,4754.52,0
9784-FPWJN,Female,0,Yes,Yes,3,Yes,Yes,No,No internet service,No internet service,No internet service,No internet service,No internet service,No internet service,One year,Yes,Mailed check,19.38,34.87,0
2348-LIWSL,Male,0,Yes,No,1,Yes,No,Fiber optic,Yes,No,No,Yes,No,No,One year,Yes,Mailed check,102.67,143.74,1
1660-MWMQB,Male,1,Yes,Yes,23,Yes,Yes,No,No internet service,No internet service,No internet service,No internet service,No internet service,No internet service,Month-to-month,Yes,Credit card (automatic),23.61,579.74,1
2492-TWIUH,Female,0,Yes,No,65,Yes,No,DSL,No,No,No,No,Yes,Yes,One year,No,Mailed check,81.77,5301.32,0
7601-GESCM,Male,1,No,Yes,65,Yes,No,No,No internet service,No internet service,No internet service,No internet service,No internet service,No internet service,One year,No,Credit card (automatic),18.25,1173.3,0
7818-FZKDC,Female,0,No,No,70,Yes,Yes,No,No internet service,No internet service,No internet service,No internet service,No internet service,No internet service,One year,No,Bank transfer (automatic),30.84,2174.87,1
8162-DCMOL,Female,0,Yes,Yes,3,No,No phone service,Fiber optic,Yes,Yes,No,No,No,Yes,Two year,Yes,Bank transfer (automatic),102.7,301.18,1
6154-OZKKM,Female,1,Yes,No,11,Yes,Yes,No,No internet service,No internet service,No internet service,No internet service,No internet service,No internet service,Month-to-month,Yes,Electronic check,18.25,203.52,1
3315-LFWTS,Male,0,Yes,No,7,Yes,Yes,Fiber optic,No,No,No,No,No,No,Month-to-month,No,Electronic check,81.35,561.1,1
9647-SCPIN,Male,0,Yes,No,59,Yes,Yes,DSL,No,Yes,No,No,Yes,No,Month-to-month,No,Bank transfer (automatic),58.37,3451.45,0
9614-CCXTG,Female,0,No,No,7,Yes,No,No,No internet service,No internet service,No internet service,No internet service,No internet service,No internet service,Two year,No,Mailed check,18.25,120.77,0
2085-SXCUA,Male,0,No,No,61,Yes,No,Fiber optic,No,No,Yes,No,No,No,Month-to-month,No,Credit card (automatic),80.3,4905.82,1
3524-LUFGB,Male,1,Yes,No,1,Yes,No,Fiber optic,No,No,No,Yes,Yes,Yes,Month-to-month,No,Electronic check,115.95,116.03,1
8911-RYOOJ,Male,0,Yes,No,6,Yes,Yes,DSL,Yes,Yes,Yes,No,Yes,No,Month-to-month,Yes,Credit card (automatic),75.59,435.97,1
6374-QRROZ,Male,0,Yes,Yes,55,Yes,No,Fiber optic,No,No,No,Yes,Yes,Yes,Two year,Yes,Bank transfer (automatic),114.24,6309.37,0
4198-WFIKO,Female,0,No,Yes,71,Yes,No,Fiber optic,No,No,Yes,No,No,Yes,Month-to-month,No,Electronic check,82.09,5831.53,1
7637-WCSAX,Female,1,Yes,No,69,Yes,No,No,No internet service,No internet service,No internet service,No internet service,No internet service,No internet service,Month-to-month,Yes,Credit card (automatic),18.25,1257.46,0
7652-QKRKG,Female,0,Yes,No,56,Yes,Yes,Fiber optic,No,No,No,Yes,No,No,Month-to-month,Yes,Credit card (automatic),94.13,5269.57,1
1067-ALDYH,Male,0,No,Yes,42,Yes,Yes,Fiber optic,Yes,No,No,Yes,Yes,No,Month-to-month,Yes,Mailed check,115.82,4854.13,0
8774-OKHLC,Female,1,No,Yes,42,Yes,No,Fiber optic,No,Yes,No,No,Yes,No,Month-to-month,Yes,Mailed check,89.96,3775.71,1
3269-UDLHW,Female,0,Yes,No,3,Yes,No,Fiber optic,Yes,Yes,No,No,No,Yes,Two year,Yes,Bank transfer (automatic),105.5,287.86,1
9453-WJZWA,Female,0,Yes,No,72,Yes,No,Fiber optic,No,Yes,No,Yes,No,Yes,One year,Yes,Bank transfer (automatic),100.96,7276.92,1
6900-MGTCP,Male,0,Yes,No,1,Yes,No,Fiber optic,No,Yes,Yes,No,Yes,No,Two year,No,Bank transfer (automatic),99.36,99.36,1
8705-LERHL,Male,0,Yes,No,70,Yes,Yes,No,No internet service,No internet service,No internet service,No internet service,No internet service,No internet service,Month-to-month,No,Mailed check,18.25,1273.84,0
9149-YUCPJ,Male,0,No,No,9,Yes,No,Fiber optic,No,Yes,No,No,No,No,Month-to-month,Yes,Credit card (automatic),80.27,722.96,0
6322-WQJCY,Female,0,No,No,1,Yes,No,Fiber optic,No,Yes,No,No,No,Yes,Month-to-month,Yes,Electronic check,89.18,89.18,1
4447-BNIQD,Female,0,No,No,62,Yes,Yes,No,No internet service,No internet service,No internet service,No internet service,No internet service,No internet service,Two year,No,Electronic check,18.83,1178.47,0
3367-ZVOMW,Female,0,Yes,No,70,Yes,Yes,No,No internet service,No internet service,No internet service,No internet service,No internet service,No internet service,Month-to-month,No,Bank transfer (automatic),22.96,1583.3,0
6817-SIDUH,Male,0,No,Yes,10,Yes,Yes,DSL,No,Yes,No,No,Yes,No,Month-to-month,No,Bank transfer (automatic),54.79,545.92,1
7553-ONCXQ,Female,0,No,No,4,Yes,No,Fiber optic,Yes,No,No,No,Yes,No,Month-to-month,No,Mailed check,103.58,427.32,1
3512-HNMOK,Male,0,Yes,Yes,8,Yes,No,No,No internet service,No internet service,No internet service,No internet service,No internet service,No internet service,Month-to-month,Yes,Electronic check,23.97,171.15,1
3723-OLZXV,Male,0,No,No,66,No,No phone service,No,No internet service,No internet service,No internet service,No internet service,No internet service,No internet service,One year,Yes,Electronic check,27.94,1843.38,0
9252-UIVOA,Male,1,No,No,47,Yes,No,DSL,Yes,Yes,No,No,No,Yes,Month-to-month,Yes,Mailed check,71.72,3398.93,1
8243-LFAVS,Female,0,Yes,No,6,Yes,Yes,Fiber optic,No,No,No,Yes,Yes,No,Month-to-month,Yes,Electronic check,110.98,654.35,1
2143-VMFQM,Male,0,Yes,Yes,69,Yes,No,DSL,No,No,No,Yes,No,No,Month-to-month,Yes,Credit card (automatic),57.19,3983.68,0
9757-IHORB,Female,0,Yes,Yes,52,Yes,No,No,No internet service,No internet service,No internet service,No internet service,No internet service,No internet service,One year,No,Mailed check,21.46,1109.89,0
6810-UZBKA,Male,0,Yes,No,59,Yes,Yes,No,No internet service,No internet service,No internet service,No internet service,No internet service,No internet service,Month-to-month,Yes,Mailed check,18.25,1092.79,1
7735-RUZGU,Female,1,No,No,2,Yes,Yes,Fiber optic,No,Yes,Yes,No,Yes,No,One year,Yes,Bank transfer (automatic),90.36,151.66,1
9286-QPGVG,Male,0,No,No,47,Yes,No,Fiber optic,Yes,Yes,Yes,No,No,Yes,Month-to-month,Yes,Electronic check,108.01,5066.71,1
5728-BENHL,Female,0,No,Yes,11,No,No phone service,No,No internet service,No internet service,No internet service,No internet service,No internet service,No internet service,One year,Yes,Credit card (automatic),18.3,186.5,0
6494-GFMVL,Female,1,No,Yes,28,Yes,Yes,Fiber optic,Yes,No,No,No,Yes,Yes,Two year,Yes,Mailed check,105.84,2958.69,1
7074-QPAGC,Male,0,No,No,9,No,No phone service,DSL,Yes,Yes,No,Yes,No,Yes,Month-to-month,Yes,Electronic check,83.4,757.62,1
4789-FUCVC,Female,0,Yes,No,37,Yes,Yes,Fiber optic,No,Yes,Yes,No,No,No,Two year,No,Credit card (automatic),78.29,2909.63,0
3220-HNWIE,Female,0,No,No,65,Yes,No,DSL,Yes,Yes,No,Yes,Yes,No,Month-to-month,Yes,Credit card (automatic),91.19,5923.87,0
6075-OQJHR,Male,0,Yes,Yes,60,Yes,Yes,Fiber optic,No,No,Yes,Yes,No,No,Month-to-month,Yes,Electronic check,86.59,5205.59,1
3331-FQVDU,Male,0,Yes,Yes,45,Yes,No,DSL,Yes,No,No,Yes,No,Yes,Two year,No,Bank transfer (automatic),77.47,3520.55,0
6394-OJWMV,Female,0,No,No,2,Yes,No,DSL,No,Yes,Yes,No,Yes,No,Month-to-month,No,Bank transfer (automatic),67.95,148.58,1
6970-AYVVI,Male,0,No,Yes,1,Yes,Yes,DSL,No,No,No,No,No,Yes,Month-to-month,Yes,Electronic check,59.46,59.46,1
7478-ZEKVV,Female,0,Yes,No,58,Yes,Yes,Fiber optic,No,Yes,Yes,No,No,Yes,Month-to-month,No,Mailed check,88.94,5168.51,1
9396-WYUUD,Male,0,Yes,No,10,Yes,No,No,No internet service,No internet service,No internet service,No internet service,No internet service,No internet service,Month-to-month,No,Mailed check,18.25,207.83,1
5088-ZTPXR,Male,0,No,No,53,Yes,Yes,DSL,No,Yes,Yes,No,Yes,No,Two year,No,Bank transfer (automatic),58.34,3066.62,0
2967-ZHBQJ,Male,0,No,No,69,Yes,No,No,No internet service,No internet service,No internet service,No internet service,No internet service,No internet service,Two year,Yes,Mailed check,26.09,1815.12,0
8967-MOIHF,Female,0,No,No,10,Yes,No,Fiber optic,No,Yes,No,Yes,Yes,Yes,Month-to-month,No,Bank transfer (automatic),114.47,1142.18,1
8650-DRXCZ,Male,0,Yes,No,10,Yes,Yes,No,No internet service,No internet service,No internet service,No internet service,No internet service,No internet service,One year,No,Electronic check,21.88,229.88,0
9622-DUMTK,Female,0,Yes,Yes,9,Yes,No,No,No internet service,No internet service,No internet service,No internet service,No internet service,No internet service,Two year,Yes,Electronic check,25.28,222.49,0
5365-HYNNP,Female,0,Yes,Yes,38,Yes,No,DSL,No,Yes,No,No,Yes,No,Month-to-month,Yes,Electronic check,73.22,2773.28,1
1423-NABTA,Male,0,No,No,5,Yes,No,No,No internet service,No internet service,No internet service,No internet service,No internet service,No internet service,Month-to-month,Yes,Mailed check,18.25,98.35,1
1280-KFOLE,Male,0,Yes,No,60,Yes,No,Fiber optic,Yes,No,No,Yes,No,No,Month-to-month,Yes,Mailed check,95.57,5747.6,1
2904-WLVNN,Male,0,Yes,No,5,Yes,Yes,Fiber optic,No,No,Yes,Yes,Yes,No,One year,No,Credit card (automatic),109.5,561.71,1
1595-SECYR,Male,0,No,No,29,Yes,Yes,Fiber optic,No,No,No,Yes,No,No,Month-to-month,No,Electronic check,92.63,2666.43,1
8246-FIZGU,Male,1,No,No,72,Yes,No,DSL,No,No,Yes,No,Yes,No,Two year,Yes,Electronic check,66.56,4775.47,1
4917-RBTJL,Female,0,No,Yes,4,Yes,No,No,No internet service,No internet service,No internet service,No internet service,No internet service,No internet service,Two year,No,Mailed check,18.87,52.01,0
6661-BMHZW,Male,1,No,Yes,17,Yes,Yes,DSL,No,Yes,Yes,No,Yes,Yes,Two year,No,Mailed check,70.14,1197.18,0
4618-GCWHU,Female,0,No,No,61,Yes,No,Fiber optic,No,No,No,No,No,No,Two year,Yes,Bank transfer (automatic),80.64,4923.69,0
1839-AOALK,Female,0,Yes,No,2,Yes,No,Fiber optic,No,No,No,No,No,No,Month-to-month,Yes,Mailed check,70.32,149.41,1
5596-PDBWC,Male,0,No,No,60,Yes,Yes,Fiber optic,Yes,No,Yes,Yes,No,Yes,Two year,No,Bank transfer (automatic),118.75,7111.51,0
7173-DYRLX,Male,1,Yes,No,24,Yes,No,Fiber optic,No,No,No,No,No,No,Two year,No,Bank transfer (automatic),78.6,1864.9,0
1141-ACDFQ,Female,0,Yes,No,12,Yes,Yes,No,No internet service,No internet service,No internet service,No internet service,No internet service,No internet service,One year,Yes,Bank transfer (automatic),22.27,297.86,0
9072-HRPUF,Female,0,No,No,52,Yes,No,No,No internet service,No internet service,No internet service,No internet service,No internet service,No internet service,Two year,Yes,Credit card (automatic),18.45,967.99,0
2377-XSYUH,Male,0,Yes,No,61,Yes,No,Fiber optic,No,No,Yes,Yes,No,No,One year,No,Electronic check,91.22,5572.5,1
4674-DIHUS,Female,0,Yes,No,49,Yes,Yes,Fiber optic,Yes,Yes,No,No,No,No,Two year,No,Bank transfer (automatic),85.38,4177.43,0
8607-AUUDJ,Female,1,No,No,46,No,No phone service,DSL,Yes,No,Yes,No,Yes,No,One year,No,Electronic check,67.06,3073.64,0
9902-ZHCLZ,Female,0,No,Yes,69,Yes,No,No,No internet service,No internet service,No internet service,No internet service,No internet service,No internet service,Month-to-month,Yes,Bank transfer (automatic),20.09,1399.51,0
5741-ICDFI,Male,0,No,No,20,Yes,No,No,No internet service,No internet service,No internet service,No internet service,No internet service,No internet service,Month-to-month,Yes,Electronic check,18.25,367.96,1
4808-ZBBRU,Female,0,Yes,No,60,Yes,No,DSL,Yes,Yes,No,Yes,No,No,Two year,No,Electronic check,73.29,4397.46,0
2138-VCCRF,Female,0,Yes,No,8,Yes,No,Fiber optic,No,No,No,No,No,Yes,Month-to-month,No,Mailed check,97.74,783.23,1
3257-AYOKJ,Female,0,Yes,No,71,No,No phone service,Fiber optic,No,No,Yes,No,No,Yes,One year,No,Bank transfer (automatic),84.72,6029.37,0
7322-DNBMP,Male,0,Yes,No,11,Yes,No,Fiber optic,No,No,No,No,No,No,Month-to-month,Yes,Credit card (automatic),75.66,848.49,1
2787-LVESC,Male,0,Yes,No,6,Yes,No,No,No internet service,No internet service,No internet service,No internet service,No internet service,No internet service,One year,Yes,Electronic check,25.4,141.58,1
4938-UTUBQ,Female,0,No,No,12,Yes,No,DSL,No,No,Yes,Yes,No,No,Month-to-month,No,Mailed check,68.84,853.29,1
7347-UKASH,Female,0,No,No,66,Yes,No,No,No internet service,No internet service,No internet service,No internet service,No internet service,No internet service,Month-to-month,Yes,Mailed check,18.25,1197.34,0
5646-KHYQT,Female,0,No,No,8,No,No phone service,DSL,No,No,No,No,No,No,One year,No,Bank transfer (automatic),49.26,392.04,0
1459-FGUMG,Male,1,No,Yes,3,Yes,No,Fiber optic,No,Yes,No,No,No,Yes,One year,No,Electronic check,98.82,277.44,1
9582-KJHJV,Male,0,Yes,Yes,69,Yes,Yes,DSL,Yes,No,Yes,No,Yes,Yes,One year,Yes,Credit card (automatic),83.11,5758.97,0
1948-KTQKP,Female,0,Yes,No,44,Yes,Yes,No,No internet service,No internet service,No internet service,No internet service,No internet service,No internet service,Month-to-month,No,Credit card (automatic),19.33,864.32,0
4700-EJZZT,Female,1,No,No,18,Yes,No,DSL,No,Yes,Yes,No,No,No,Two year,No,Credit card (automatic),42.77,796.48,1
2336-ETICC,Female,0,No,No,36,Yes,Yes,Fiber optic,Yes,Yes,No,No,No,No,One year,No,Bank transfer (automatic),97.5,3510.39,1
5628-JGBYH,Female,0,No,Yes,1,No,No phone service,No,No internet service,No internet service,No internet service,No internet service,No internet service,No internet service,One year,No,Bank transfer (automatic),18.25,23.74,1
8787-LVIKS,Female,1,No,Yes,29,Yes,Yes,Fiber optic,Yes,No,Yes,No,No,Yes,Two year,Yes,Bank transfer (automatic),100.47,2926.24,0
2602-TWQMA,Female,1,No,Yes,38,Yes,No,No,No internet service,No internet service,No internet service,No internet service,No internet service,No internet service,One year,Yes,Mailed check,18.25,676.08,0
3238-AHMFC,Female,0,No,Yes,5,Yes,No,Fiber optic,Yes,No,No,No,Yes,Yes,Two year,Yes,Electronic check,117.83,575.55,0
1639-PJGVU,Male,0,No,No,71,No,No phone service,DSL,No,No,Yes,No,No,Yes,Month-to-month,Yes,Credit card (automatic),62.49,4458.4,1
9835-CNPDM,Male,0,Yes,No,67,Yes,No,Fiber optic,Yes,No,No,No,Yes,No,Month-to-month,No,Bank transfer (automatic),96.02,6414.09,1
4830-AYERL,Male,0,No,Yes,7,Yes,No,DSL,No,Yes,Yes,No,Yes,Yes,One year,No,Electronic check,73.41,514.0,1
9451-KIGNX,Female,0,No,No,61,Yes,No,DSL,No,No,Yes,No,No,No,One year,No,Mailed check,53.34,3280.3,0
7414-CPGAF,Male,0,No,No,44,Yes,Yes,Fiber optic,No,Yes,No,Yes,Yes,Yes,Month-to-month,No,Mailed check,106.89,4703.8,1
7772-ZFJLV,Female,0,Yes,No,16,No,No phone service,No,No internet service,No internet service,No internet service,No internet service,No internet service,No internet service,Month-to-month,Yes,Electronic check,18.25,300.48,1
2958-SFNCJ,Male,0,No,Yes,52,Yes,Yes,DSL,No,No,No,No,Yes,No,Month-to-month,No,Mailed check,59.03,3076.09,0
2070-IWTSV,Male,0,No,Yes,1,Yes,No,DSL,No,Yes,Yes,No,No,No,Month-to-month,Yes,Electronic check,52.46,59.72,1
1155-OISHV,Male,0,Yes,No,66,Yes,No,No,No internet service,No internet service,No internet service,No internet service,No internet service,No internet service,Two year,Yes,Electronic check,19.57,1264.02,0
3295-DESNR,Male,0,Yes,No,63,Yes,No,Fiber optic,No,No,No,Yes,No,Yes,Month-to-month,Yes,Electronic check,95.72,6037.56,1
7249-YSFEZ,Male,0,No,Yes,8,Yes,Yes,Fiber optic,No,No,Yes,Yes,No,Yes,Month-to-month,No,Electronic check,107.1,831.61,1
5578-KXEHE,Female,0,Yes,Yes,10,Yes,No,No,No internet service,No internet service,No internet service,No internet service,No internet service,No internet service,One year,No,Electronic check,18.25,208.96,1
2089-KZMFE,Female,0,Yes,Yes,62,Yes,No,Fiber optic,No,Yes,Yes,No,Yes,No,Month-to-month,Yes,Credit card (automatic),93.06,5746.6,1
3940-RZJPV,Male,0,Yes,No,4,Yes,Yes,No,No internet service,No internet service,No internet service,No internet service,No internet service,No internet service,Month-to-month,No,Credit card (automatic),18.25,64.91,1
1723-NWOCC,Female,0,Yes,No,41,Yes,No,Fiber optic,No,No,Yes,Yes,No,No,Month-to-month,No,Mailed check,84.84,3466.74,1
5384-LWOKJ,Male,0,No,No,23,No,No phone service,Fiber optic,No,No,No,No,No,No,Two year,Yes,Bank transfer (automatic),81.99,1884.21,0
1930-TORYN,Male,0,Yes,No,5,Yes,Yes,Fiber optic,Yes,No,No,No,No,No,Month-to-month,Yes,Credit card (automatic),90.93,462.15,1
3909-YFNPB,Male,0,Yes,No,71,Yes,Yes,Fiber optic,No,No,No,Yes,No,No,Two year,No,Bank transfer (automatic),86.87,6189.44,0
7306-SEKKU,Female,0,No,No,68,Yes,No,Fiber optic,No,No,No,No,No,No,Two year,No,Mailed check,82.71,5630.69,0
1895-YZSRZ,Male,0,No,Yes,10,Yes,Yes,DSL,No,No,No,No,No,Yes,Two year,No,Mailed check,59.17,600.0,1
4247-HWLIC,Male,0,No,No,7,Yes,Yes,DSL,Yes,No,Yes,No,No,Yes,Month-to-month,Yes,Bank transfer (automatic),74.3,527.17,0
3326-FUUZX,Female,0,Yes,No,38,Yes,Yes,Fiber optic,No,Yes,No,No,No,No,Two year,No,Electronic check,83.89,3195.05,0
9998-AQCRR,Male,0,No,No,22,Yes,No,Fiber optic,No,No,No,Yes,No,Yes,Month-to-month,Yes,Bank transfer (automatic),103.3,2290.07,1
7092-BDAJY,Female,0,No,Yes,68,Yes,Yes,Fiber optic,No,No,No,Yes,No,Yes,Two year,No,Electronic check,96.26,6565.44,0
8176-EEINU,Female,0,Yes,Yes,1,Yes,No,Fiber optic,Yes,No,No,No,No,No,Month-to-month,Yes,Mailed check,90.48,90.48,1
6038-MMXAQ,Female,0,No,No,6,Yes,No,No,No internet service,No internet service,No internet service,No internet service,No internet service,No internet service,Month-to-month,No,Electronic check,27.2,164.85,1
5136-THCQL,Female,0,No,No,10,No,No phone service,Fiber optic,Yes,No,No,Yes,Yes,No,One year,No,Bank transfer (automatic),113.98,1134.55,0
9313-YYYYR,Female,0,No,No,3,Yes,No,DSL,Yes,Yes,No,No,No,No,Two year,No,Credit card (automatic),63.39,203.14,0
2715-NKPDR,Female,0,No,Yes,54,Yes,No,DSL,Yes,No,Yes,No,Yes,No,Month-to-month,Yes,Bank transfer (automatic),69.23,3723.72,0
2698-GKPPC,Female,0,No,No,51,Yes,Yes,DSL,No,No,Yes,No,No,No,Month-to-month,Yes,Bank transfer (automatic),52.95,2684.23,1
9719-YWXIH,Female,0,No,No,1,Yes,No,No,No internet service,No internet service,No internet service,No internet service,No internet service,No internet service,One year,No,Electronic check,23.12,24.7,1
9589-GYQKD,Female,0,Yes,No,60,Yes,Yes,Fiber optic,No,No,No,No,Yes,No,One year,Yes,Mailed check,92.34,5521.15,1
9972-DEHJQ,Female,0,No,Yes,8,Yes,No,No,No internet service,No internet service,No internet service,No internet service,No internet service,No internet service,Month-to-month,No,Bank transfer (automatic),20.27,157.36,1
7629-FIJHO,Female,0,No,No,48,Yes,No,DSL,No,Yes,Yes,No,No,Yes,Month-to-month,Yes,Credit card (automatic),52.35,2502.12,1
4831-RWERA,Female,1,No,No,2,Yes,No,Fiber optic,No,Yes,No,Yes,No,No,Month-to-month,Yes,Credit card (automatic),87.72,174.74,1
4348-BJFXS,Female,0,No,No,47,Yes,No,Fiber optic,No,No,Yes,Yes,No,Yes,Month-to-month,No,Bank transfer (automatic),101.04,4733.24,1
9562-UKRPH,Female,0,No,No,7,Yes,Yes,No,No internet service,No internet service,No internet service,No internet service,No internet service,No internet service,Month-to-month,Yes,Bank transfer (automatic),18.25,118.22,1
1985-DKJPL,Female,0,No,No,31,Yes,Yes,Fiber optic,No,No,No,Yes,Yes,No,Month-to-month,Yes,Credit card (automatic),109.17,3405.28,1
2821-VCKXP,Female,0,No,No,11,Yes,Yes,No,No internet service,No internet service,No internet service,No internet service,No internet service,No internet service,One year,No,Electronic check,23.35,252.02,0
5571-XCYJU,Female,0,No,No,9,Yes,No,No,No internet service,No internet service,No internet service,No internet service,No internet service,No internet service,Month-to-month,Yes,Credit card (automatic),25.14,206.26,1
1587-PZYGO,Male,0,Yes,No,54,Yes,No,No,No internet service,No internet service,No internet service,No internet service,No internet service,No internet service,Month-to-month,Yes,Bank transfer (automatic),21.89,1177.53,0
9777-OJCFZ,Male,0,Yes,Yes,50,Yes,Yes,DSL,No,No,No,No,No,No,One year,Yes,Electronic check,48.08,2406.87,1
6077-RVEPM,Female,0,No,No,9,Yes,Yes,Fiber optic,Yes,No,No,No,Yes,No,One year,Yes,Credit card (automatic),102.21,900.18,1
9804-COWTF,Female,0,No,No,41,Yes,No,DSL,No,No,No,No,No,No,Month-to-month,Yes,Credit card (automatic),57.49,2357.83,1
7803-YVDOZ,Male,0,Yes,No,70,Yes,Yes,No,No internet service,No internet service,No internet service,No internet service,No internet service,No internet service,One year,Yes,Credit card (automatic),28.48,1985.77,0
9566-RITDP,Male,0,Yes,No,14,Yes,Yes,No,No internet service,No internet service,No internet service,No internet service,No internet service,No internet service,Month-to-month,Yes,Credit card (automatic),27.71,391.59,1
9968-REMFZ,Female,0,Yes,No,12,Yes,No,Fiber optic,No,Yes,Yes,No,No,No,Month-to-month,No,Electronic check,85.77,1019.54,1
6483-VSLOI,Female,0,No,Yes,3,Yes,Yes,No,No internet service,No internet service,No internet service,No internet service,No internet service,No internet service,Month-to-month,Yes,Mailed check,18.25,83.83,1
7224-GNSTP,Male,0,No,No,5,Yes,Yes,Fiber optic,No,No,No,No,No,No,Month-to-month,No,Credit card (automatic),65.83,314.64,1
7773-WXVDL,Female,0,Yes,Yes,11,Yes,Yes,Fiber optic,No,No,No,No,Yes,No,Two year,Yes,Bank transfer (automatic),98.58,1099.17,1
6514-RZHQY,Male,0,Yes,Yes,45,Yes,No,Fiber optic,No,No,Yes,No,No,No,Month-to-month,Yes,Credit card (automatic),85.68,3855.1,1
8760-XCZDJ,Female,0,Yes,No,62,No,No phone service,Fiber optic,No,Yes,No,Yes,Yes,Yes,Two year,Yes,Electronic check,114.74,7119.52,1
6553-PTBLP,Male,0,Yes,No,47,Yes,Yes,No,No internet service,No internet service,No internet service,No internet service,No internet service,No internet service,One year,No,Credit card (automatic),18.25,850.77,1
4557-JELCL,Female,0,Yes,No,47,Yes,No,DSL,Yes,No,No,No,No,Yes,Month-to-month,No,Electronic check,72.0,3384.28,0
2395-ABKLG,Female,0,Yes,Yes,41,Yes,No,No,No internet service,No internet service,No internet service,No internet service,No internet service,No internet service,One year,No,Mailed check,20.47,871.11,1
1264-AMMBJ,Male,0,Yes,Yes,69,Yes,No,Fiber optic,Yes,No,Yes,No,No,No,Month-to-month,Yes,Electronic check,87.38,6059.62,1
4547-WAGMX,Female,0,No,Yes,8,Yes,No,Fiber optic,No,No,No,Yes,No,No,Month-to-month,Yes,Mailed check,88.09,714.38,1
8879-BTGQV,Male,0,Yes,No,31,No,No phone service,DSL,No,No,Yes,No,Yes,No,Two year,No,Electronic check,61.54,1894.7,1
4069-EKVXK,Male,0,No,No,3,Yes,Yes,Fiber optic,Yes,Yes,No,No,Yes,No,Month-to-month,Yes,Mailed check,105.3,313.55,1
6025-KQSYH,Male,0,No,No,4,Yes,No,No,No internet service,No internet service,No internet service,No internet service,No internet service,No internet service,Month-to-month,Yes,Bank transfer (automatic),18.43,45.83,1
7919-TNJYG,Female,1,Yes,No,8,Yes,No,Fiber optic,No,No,Yes,Yes,Yes,Yes,Month-to-month,Yes,Electronic check,111.72,897.47,0
4864-BQAMS,Male,0,No,Yes,6,Yes,Yes,Fiber optic,No,No,No,No,No,No,One year,Yes,Electronic check,82.66,479.93,1
9115-NZRTN,Female,0,No,Yes,6,Yes,No,Fiber optic,No,No,No,Yes,Yes,No,Month-to-month,Yes,Electronic check,100.51,594.72,1
3400-ONXEP,Male,0,No,No,1,Yes,Yes,Fiber optic,No,No,Yes,No,No,No,Two year,Yes,Electronic check,72.98,72.98,1
8080-EVMPO,Male,0,No,No,4,Yes,No,Fiber optic,No,No,No,Yes,No,No,One year,No,Bank transfer (automatic),84.28,325.76,1
4711-EUWFM,Male,0,No,Yes,40,No,No phone service,Fiber optic,Yes,No,No,No,Yes,No,Month-to-month,No,Electronic check,98.39,3947.2,1
1246-PJBMQ,Male,0,No,No,70,No,No phone service,No,No internet service,No internet service,No internet service,No internet service,No internet service,No internet service,Month-to-month,Yes,Bank transfer (automatic),18.25,1289.21,0
2594-ADRFL,Female,0,No,No,10,Yes,Yes,No,No internet service,No internet service,No internet service,No internet service,No internet service,No internet service,Month-to-month,No,Electronic check,18.25,192.91,1
2529-YZZXT,Female,0,Yes,No,66,Yes,Yes,DSL,Yes,Yes,Yes,No,No,No,Month-to-month,Yes,Credit card (automatic),54.84,3608.19,1
7628-MBQWJ,Female,0,No,No,72,Yes,No,No,No internet service,No internet service,No internet service,No internet service,No internet service,No internet service,Month-to-month,No,Credit card (automatic),19.47,1407.69,0
1923-SVEUL,Female,0,Yes,Yes,7,Yes,Yes,Fiber optic,No,No,No,No,No,Yes,One year,No,Bank transfer (automatic),96.67,666.13,1
7065-RIKDJ,Female,0,Yes,No,19,Yes,Yes,DSL,No,Yes,No,No,No,No,Month-to-month,No,Bank transfer (automatic),53.57,990.47,1
5364-ABIWZ,Female,0,Yes,No,2,Yes,No,No,No internet service,No internet service,No internet service,No internet service,No internet service,No internet service,Two year,Yes,Bank transfer (automatic),28.73,38.56,0
1669-RPWND,Male,0,No,No,11,Yes,Yes,DSL,No,Yes,Yes,Yes,No,Yes,Month-to-month,No,Bank transfer (automatic),70.81,766.55,1
4604-ZBLTE,Female,0,Yes,No,11,Yes,No,DSL,No,Yes,No,No,Yes,No,Two year,Yes,Electronic check,63.62,687.98,1
6108-DOCVQ,Female,1,Yes,No,50,Yes,Yes,DSL,No,No,Yes,No,Yes,Yes,Month-to-month,No,Credit card (automatic),65.12,3239.66,0
2910-HLUHZ,Female,0,Yes,No,6,Yes,No,No,No internet service,No internet service,No internet service,No internet service,No internet service,No internet service,One year,Yes,Credit card (automatic),18.89,90.02,1
8619-TTEUF,Female,0,No,No,41,Yes,Yes,No,No internet service,No internet service,No internet service,No internet service,No internet service,No internet service,Month-to-month,No,Bank transfer (automatic),23.08,975.44,1
6248-EUHVR,Female,0,Yes,Yes,44,Yes,No,DSL,Yes,No,Yes,Yes,No,No,Month-to-month,No,Electronic check,79.76,3492.97,1
4958-DDEOF,Female,0,No,No,55,Yes,Yes,Fiber optic,No,No,No,Yes,Yes,No,Month-to-month,No,Bank transfer (automatic),92.3,5061.86,0
6643-UPNNP,Male,1,No,No,71,Yes,Yes,DSL,No,No,Yes,No,No,Yes,Month-to-month,Yes,Credit card (automatic),63.49,4497.13,0
3696-VXDKS,Male,0,No,No,62,Yes,No,DSL,Yes,No,Yes,No,Yes,Yes,Month-to-month,Yes,Mailed check,87.46,5405.71,1
3591-YSHJE,Female,0,Yes,No,6,Yes,No,No,No internet service,No internet service,No internet service,No internet service,No internet service,No internet service,One year,No,Electronic check,22.36,127.21,0
2781-PYCZJ,Male,0,Yes,No,72,Yes,No,No,No internet service,No internet service,No internet service,No internet service,No internet service,No internet service,One year,Yes,Credit card (automatic),18.25,1317.09,0
4013-XMGLW,Female,1,Yes,No,19,Yes,Yes,No,No internet service,No internet service,No internet service,No internet service,No internet service,No internet service,Two year,No,Electronic check,26.5,489.72,0
3307-NJILX,Male,0,No,No,11,Yes,Yes,DSL,Yes,No,No,No,No,No,Month-to-month,No,Credit card (automatic),58.88,633.07,1
6851-CMFFU,Female,0,Yes,No,2,Yes,Yes,Fiber optic,Yes,No,No,Yes,Yes,Yes,Month-to-month,No,Credit card (automatic),118.75,247.87,1
4690-SYGDV,Male,1,No,No,7,Yes,No,DSL,Yes,No,No,Yes,Yes,Yes,Two year,No,Electronic check,92.61,640.75,0
1687-EARQI,Male,1,Yes,Yes,11,Yes,No,Fiber optic,Yes,No,No,No,No,No,Two year,Yes,Electronic check,93.32,1022.94,1
1612-IUXJT,Female,0,No,No,1,No,No phone service,No,No internet service,No internet service,No internet service,No internet service,No internet service,No internet service,One year,Yes,Credit card (automatic),24.65,24.65,1
7142-QMDWR,Female,0,Yes,No,10,Yes,No,DSL,Yes,No,No,No,No,No,Month-to-month,Yes,Electronic check,63.47,640.14,1
4200-RVICG,Male,0,No,No,52,Yes,Yes,Fiber optic,Yes,No,No,Yes,No,No,Two year,Yes,Mailed check,98.67,5096.7,0
3267-ZOIID,Female,0,No,No,69,Yes,No,Fiber optic,No,Yes,No,No,Yes,No,Month-to-month,No,Bank transfer (automatic),92.67,6370.45,0
9799-RQVUF,Female,0,Yes,No,61,No,No phone service,Fiber optic,Yes,No,No,Yes,Yes,Yes,Month-to-month,Yes,Bank transfer (automatic),118.75,7230.34,0
8438-GYJJF,Female,1,Yes,No,42,Yes,No,DSL,No,No,No,No,Yes,No,Month-to-month,No,Mailed check,62.32,2593.39,1
2898-FSHIA,Female,0,Yes,No,16,No,No phone service,DSL,No,No,Yes,No,Yes,No,Month-to-month,Yes,Electronic check,50.0,788.27,1
9573-PFWHO,Female,0,No,No,9,Yes,Yes,Fiber optic,No,No,No,No,Yes,Yes,Month-to-month,No,Electronic check,108.22,959.16,1
7204-LJPOK,Female,0,No,No,69,Yes,Yes,Fiber optic,No,No,No,Yes,Yes,Yes,Month-to-month,No,Mailed check,115.26,7950.32,1
1258-XGHKI,Male,0,Yes,Yes,40,Yes,No,Fiber optic,Yes,No,No,No,No,Yes,Month-to-month,Yes,Bank transfer (automatic),103.05,4122.71,1
3924-ZGOOP,Female,0,Yes,No,67,Yes,No,DSL,No,No,Yes,No,Yes,Yes,Month-to-month,Yes,Bank transfer (automatic),71.07,4769.35,1
5943-CPOYA,Female,1,Yes,Yes,54,Yes,No,DSL,No,No,No,Yes,No,No,One year,Yes,Electronic check,60.84,3291.4,0
3822-NXVKC,Male,0,Yes,Yes,21,Yes,Yes,No,No internet service,No internet service,No internet service,No internet service,No internet service,No internet service,Month-to-month,Yes,Electronic check,18.25,376.88,1
4339-IFWPK,Male,0,Yes,No,54,Yes,Yes,DSL,No,No,No,No,No,No,One year,Yes,Electronic check,53.34,2901.33,1
4525-RQQCS,Male,0,Yes,No,56,Yes,No,Fiber optic,No,No,No,No,Yes,Yes,Two year,No,Bank transfer (automatic),104.04,5809.57,0
5563-XWOJH,Female,1,Yes,Yes,47,Yes,No,Fiber optic,No,No,Yes,No,No,No,One year,Yes,Electronic check,78.5,3693.67,0
6329-QDHZB,Male,0,No,No,11,Yes,No,DSL,No,No,No,Yes,No,No,Month-to-month,No,Electronic check,62.39,669.22,1
6223-WHYGI,Male,0,No,No,50,Yes,No,Fiber optic,No,No,No,No,No,Yes,Month-to-month,Yes,Mailed check,88.34,4412.48,1
3285-RQALD,Male,0,Yes,No,12,Yes,No,No,No internet service,No internet service,No internet service,No internet service,No internet service,No internet service,Month-to-month,Yes,Mailed check,27.36,302.09,0
5654-QGXCA,Male,0,Yes,No,10,Yes,Yes,DSL,No,No,No,No,Yes,Yes,Month-to-month,No,Mailed check,77.65,750.9,1
8822-SBFKW,Male,1,No,Yes,7,Yes,Yes,Fiber optic,No,No,No,No,No,No,Two year,No,Credit card (automatic),79.05,565.27,1
1484-YUDAK,Male,0,Yes,No,5,Yes,Yes,DSL,No,No,Yes,No,Yes,No,Two year,Yes,Mailed check,55.87,267.38,1
3211-PFKHT,Male,0,Yes,Yes,22,Yes,Yes,No,No internet service,No internet service,No internet service,No internet service,No internet service,No internet service,Month-to-month,No,Electronic check,24.48,552.48,0
6416-ANUZU,Male,0,Yes,No,14,Yes,No,DSL,No,Yes,Yes,Yes,No,Yes,One year,No,Electronic check,71.47,1001.23,0
7468-BFZIN,Female,0,No,Yes,6,Yes,Yes,DSL,Yes,Yes,No,No,Yes,Yes,Two year,Yes,Mailed check,92.24,577.52,0
3555-VHZCJ,Female,0,Yes,No,12,Yes,No,DSL,No,No,No,No,Yes,No,Two year,No,Bank transfer (automatic),68.81,805.01,0
1007-RTIIS,Male,0,No,No,19,No,No phone service,Fiber optic,No,Yes,No,No,No,Yes,Two year,No,Bank transfer (automatic),95.82,1818.81,1
4657-MAQDD,Female,0,Yes,No,27,No,No phone service,Fiber optic,No,No,No,No,No,Yes,Month-to-month,Yes,Electronic check,94.74,2547.21,1
9235-PPOZF,Female,0,Yes,No,3,Yes,Yes,Fiber optic,Yes,No,No,Yes,No,No,Two year,Yes,Electronic check,92.75,269.96,1
5874-EVJGG,Female,0,No,No,9,Yes,Yes,Fiber optic,Yes,No,No,No,No,Yes,One year,No,Credit card (automatic),108.54,946.2,1
5402-JJYOF,Male,0,Yes,No,10,Yes,Yes,No,No internet service,No internet service,No internet service,No internet service,No internet service,No internet service,One year,Yes,Mailed check,24.08,246.73,1
6546-XBHYT,Male,0,Yes,No,60,Yes,Yes,Fiber optic,No,No,No,No,No,No,Two year,Yes,Electronic check,77.82,4656.71,0
8897-OUURE,Female,0,No,Yes,55,No,No phone service,Fiber optic,Yes,No,No,No,No,No,Month-to-month,Yes,Bank transfer (automatic),90.32,4964.91,1
3426-YDJSN,Male,0,Yes,No,11,Yes,Yes,DSL,No,No,No,Yes,Yes,No,Month-to-month,Yes,Bank transfer (automatic),65.68,728.56,1
2814-WXMJV,Female,0,No,No,27,No,No phone service,Fiber optic,Yes,No,No,No,No,No,Month-to-month,Yes,Bank transfer (automatic),83.79,2282.79,1
9657-FMUKV,Male,0,No,No,9,Yes,Yes,No,No internet service,No internet service,No internet service,No internet service,No internet service,No internet service,Month-to-month,No,Electronic check,24.3,206.77,1
3274-YOBZO,Female,0,Yes,No,64,Yes,No,No,No internet service,No internet service,No internet service,No internet service,No internet service,No internet service,Month-to-month,Yes,Credit card (automatic),20.35,1302.93,0
2011-SQTRF,Male,0,Yes,No,35,Yes,Yes,Fiber optic,No,No,No,No,Yes,Yes,One year,Yes,Electronic check,116.18,4036.26,1
9887-OQXZV,Male,0,Yes,Yes,9,Yes,No,No,No internet service,No internet service,No internet service,No internet service,No internet service,No internet service,Month-to-month,No,Electronic check,25.91,222.34,1
2067-ILVZW,Female,0,No,Yes,8,Yes,No,Fiber optic,Yes,Yes,No,Yes,Yes,No,Month-to-month,Yes,Mailed check,113.96,915.66,1
2991-ENXHZ,Female,0,No,Yes,40,Yes,No,No,No internet service,No internet service,No internet service,No internet service,No internet service,No internet service,One year,Yes,Credit card (automatic),19.6,790.12,1
4970-YVQIC,Female,0,No,No,6,Yes,Yes,No,No internet service,No internet service,No internet service,No internet service,No internet service,No internet service,One year,Yes,Credit card (automatic),18.25,83.56,0
9116-YGLCI,Female,0,Yes,Yes,66,Yes,Yes,DSL,Yes,Yes,No,Yes,Yes,No,Two year,Yes,Credit card (automatic),79.35,5248.68,0
6879-NWWWR,Male,0,No,No,9,Yes,No,Fiber optic,No,No,No,Yes,No,No,One year,Yes,Bank transfer (automatic),89.03,779.21,1
7969-KDZHR,Male,0,Yes,No,21,Yes,No,Fiber optic,Yes,Yes,No,Yes,Yes,No,Month-to-month,Yes,Bank transfer (automatic),108.9,2279.07,1
5542-MDJHL,Female,0,Yes,No,6,Yes,No,DSL,No,Yes,Yes,No,No,No,Two year,No,Bank transfer (automatic),41.22,244.32,1
9386-SLVBX,Female,0,No,No,16,Yes,Yes,Fiber optic,No,No,No,No,Yes,Yes,Month-to-month,No,Electronic check,102.25,1627.87,1
4867-HMACB,Male,0,Yes,No,65,Yes,Yes,DSL,No,Yes,No,No,Yes,Yes,Two year,No,Electronic check,71.65,4661.71,1
9470-WWTHC,Male,0,No,No,7,Yes,No,DSL,No,No,No,No,No,Yes,Month-to-month,Yes,Credit card (automatic),61.05,414.71,1
4048-YUOBY,Male,0,Yes,No,37,Yes,No,Fiber optic,No,No,No,No,No,No,Month-to-month,Yes,Credit card (automatic),78.15,2874.96,1
1781-QXFAD,Male,0,Yes,Yes,3,Yes,No,DSL,Yes,No,No,No,No,No,Month-to-month,No,Mailed check,58.06,177.18,1
3675-SGWVN,Female,1,No,No,11,Yes,Yes,No,No internet service,No internet service,No internet service,No internet service,No internet service,No internet service,Month-to-month,Yes,Bank transfer (automatic),21.92,245.32,1
2749-ZNJXG,Female,0,No,No,51,Yes,Yes,No,No internet service,No internet service,No internet service,No internet service,No internet service,No internet service,One year,Yes,Mailed check,18.25,944.89,0
3791-PDGOQ,Male,0,No,No,3,Yes,No,No,No internet service,No internet service,No internet service,No internet service,No internet service,No internet service,Month-to-month,No,Electronic check,21.56,61.53,1
6774-CPBGY,Male,0,No,No,7,Yes,No,No,No internet service,No internet service,No internet service,No internet service,No internet service,No internet service,Month-to-month,Yes,Electronic check,20.21,134.07,1
5979-PUILX,Female,0,No,Yes,58,Yes,No,Fiber optic,Yes,No,Yes,Yes,No,No,Month-to-month,No,Mailed check,103.22,5982.93,0
2091-ANKRV,Female,0,Yes,Yes,64,Yes,Yes,Fiber optic,No,No,No,No,No,Yes,Month-to-month,Yes,Bank transfer (automatic),89.9,5737.56,1
7770-EOGYN,Male,0,No,Yes,49,Yes,Yes,DSL,No,No,Yes,No,No,No,Two year,No,Credit card (automatic),44.25,2146.07,0
5627-THDCL,Female,0,No,No,69,No,No phone service,DSL,No,No,No,No,Yes,No,Month-to-month,Yes,Bank transfer (automatic),62.96,4352.78,0
3324-RXOKX,Female,0,No,No,37,No,No phone service,Fiber optic,Yes,Yes,No,No,Yes,No,One year,Yes,Bank transfer (automatic),108.44,4019.84,1
9389-KLSQF,Male,1,Yes,No,8,Yes,Yes,Fiber optic,Yes,No,No,No,No,Yes,Two year,Yes,Credit card (automatic),95.23,772.57,0
6055-UHOVT,Female,0,Yes,No,69,Yes,No,DSL,No,No,Yes,Yes,No,No,Month-to-month,Yes,Electronic check,59.08,4081.0,1
3608-ZJOLK,Male,0,No,Yes,57,No,No phone service,DSL,Yes,Yes,Yes,No,No,Yes,Two year,Yes,Mailed check,69.17,3955.13,0
9016-RXELX,Male,0,Yes,Yes,68,Yes,No,DSL,No,No,No,Yes,Yes,No,Month-to-month,Yes,Credit card (automatic),74.53,5044.88,0
3290-EVJNP,Male,0,Yes,No,72,Yes,Yes,DSL,No,Yes,No,No,No,No,One year,Yes,Mailed check,48.35,3466.76,0
2727-EKSZH,Female,1,No,Yes,53,Yes,No,No,No internet service,No internet service,No internet service,No internet service,No internet service,No internet service,Month-to-month,No,Electronic check,24.95,1322.52,0
1610-STVRW,Female,0,No,No,22,Yes,No,Fiber optic,No,No,Yes,No,No,No,One year,No,Mailed check,77.61,1705.58,0
5666-ULZMU,Female,1,Yes,No,63,Yes,Yes,Fiber optic,Yes,No,No,No,Yes,Yes,Month-to-month,No,Bank transfer (automatic),116.14,7334.38,1
7883-UROOL,Male,0,Yes,No,13,Yes,No,DSL,No,No,Yes,No,No,Yes,Two year,Yes,Bank transfer (automatic),58.96,770.48,0
1343-ZISLW,Female,0,No,No,12,Yes,Yes,DSL,Yes,No,Yes,No,No,No,Month-to-month,No,Electronic check,60.95,712.02,1
7850-EZZUT,Female,0,No,No,36,Yes,No,Fiber optic,Yes,No,No,No,Yes,No,Two year,Yes,Electronic check,104.7,3761.62,1
8627-JVGWK,Male,0,Yes,Yes,61,Yes,No,DSL,Yes,Yes,Yes,No,No,No,One year,Yes,Credit card (automatic),71.93,4373.54,0
4750-HUGPP,Female,0,No,No,42,No,No phone service,Fiber optic,No,No,Yes,No,No,No,Two year,Yes,Electronic check,77.69,3244.26,0
8012-NOTIP,Female,1,Yes,No,61,Yes,Yes,No,No internet service,No internet service,No internet service,No internet service,No internet service,No internet service,Two year,No,Credit card (automatic),18.25,1117.16,0
9370-PECUY,Male,0,No,No,64,No,No phone service,DSL,No,No,Yes,No,Yes,Yes,Month-to-month,Yes,Mailed check,81.96,5230.5,0
4215-MHQEF,Female,0,No,Yes,57,Yes,No,Fiber optic,Yes,No,No,No,No,No,One year,No,Credit card (automatic),88.73,5063.93,0
1097-ZBVNY,Female,1,No,No,10,Yes,Yes,Fiber optic,Yes,Yes,No,No,No,No,One year,No,Electronic check,87.43,879.67,1
7161-DCIRL,Female,0,No,No,70,Yes,Yes,No,No internet service,No internet service,No internet service,No internet service,No internet service,No internet service,Month-to-month,Yes,Bank transfer (automatic),22.52,1568.83,0
6176-IZRMN,Female,1,No,No,1,Yes,No,No,No internet service,No internet service,No internet service,No internet service,No internet service,No internet service,One year,Yes,Credit card (automatic),20.65,37.39,0
2537-JCGRP,Female,0,Yes,No,18,Yes,Yes,Fiber optic,No,Yes,No,No,Yes,Yes,Two year,Yes,Mailed check,101.99,1829.45,1
4588-QYFYL,Female,0,Yes,No,72,Yes,No,Fiber optic,No,No,No,No,No,No,Two year,No,Electronic check,80.4,5798.48,0
6955-SCZCR,Male,0,No,Yes,46,Yes,No,DSL,No,No,Yes,No,No,No,Month-to-month,Yes,Electronic check,54.0,2458.57,1
4648-KFSEM,Male,0,No,No,11,Yes,No,No,No internet service,No internet service,No internet service,No internet service,No internet service,No internet service,Two year,No,Electronic check,24.76,259.09,0
8784-EZCSQ,Male,0,No,No,1,No,No phone service,Fiber optic,Yes,Yes,Yes,No,No,Yes,Month-to-month,Yes,Electronic check,99.29,99.29,1
7066-VCOQM,Female,0,Yes,No,66,Yes,Yes,Fiber optic,No,Yes,Yes,Yes,Yes,No,Month-to-month,Yes,Credit card (automatic),99.44,6566.67,1
2517-NZPYK,Male,0,Yes,Yes,11,Yes,No,Fiber optic,Yes,No,No,No,Yes,No,Month-to-month,No,Bank transfer (automatic),108.44,1229.18,1
6061-QEUOR,Male,0,No,No,62,Yes,No,DSL,Yes,Yes,No,No,No,Yes,Month-to-month,Yes,Bank transfer (automatic),67.89,4190.04,1
9408-PNNMA,Male,1,No,No,19,Yes,Yes,No,No internet service,No internet service,No internet service,No internet service,No internet service,No internet service,Month-to-month,Yes,Bank transfer (automatic),18.25,355.34,0
5624-FWKKY,Female,0,No,No,69,Yes,No,No,No internet service,No internet service,No internet service,No internet service,No internet service,No internet service,Month-to-month,Yes,Bank transfer (automatic),18.25,1287.3,1
5272-PXZCY,Male,1,No,Yes,62,Yes,Yes,DSL,No,No,Yes,No,No,No,Month-to-month,Yes,Electronic check,38.48,2388.31,0
4669-QVNZB,Female,0,Yes,No,69,Yes,Yes,Fiber optic,No,Yes,Yes,No,Yes,No,Month-to-month,Yes,Bank transfer (automatic),89.61,6166.8,1
6800-ZYIHK,Male,0,No,No,65,Yes,Yes,DSL,No,Yes,Yes,Yes,Yes,No,Month-to-month,No,Mailed check,73.12,4731.33,0
3090-GVBDZ,Male,0,Yes,No,44,Yes,Yes,DSL,Yes,Yes,No,Yes,No,No,One year,No,Electronic check,73.93,3278.27,0
1572-WNMVY,Male,1,No,No,65,Yes,Yes,DSL,No,No,Yes,Yes,No,Yes,Month-to-month,No,Bank transfer (automatic),81.79,5315.27,1
9598-MMELF,Male,0,No,Yes,3,Yes,Yes,No,No internet service,No internet service,No internet service,No internet service,No internet service,No internet service,Month-to-month,Yes,Mailed check,21.67,75.42,1
8414-ZVNHX,Female,0,Yes,No,62,Yes,Yes,Fiber optic,Yes,No,No,Yes,No,No,Two year,Yes,Electronic check,102.77,6375.02,1
9117-VHGQU,Male,1,No,No,64,No,No phone service,Fiber optic,Yes,Yes,Yes,No,Yes,No,Month-to-month,Yes,Bank transfer (automatic),108.65,6940.7,1
4062-KZJMJ,Male,0,Yes,No,10,Yes,No,No,No internet service,No internet service,No internet service,No internet service,No internet service,No internet service,Month-to-month,Yes,Electronic check,20.33,188.04,1
7214-UZNIG,Male,1,No,No,66,Yes,No,No,No internet service,No internet service,No internet service,No internet service,No internet service,No internet service,Month-to-month,No,Mailed check,28.63,1882.92,1
8089-GZRPH,Female,1,Yes,No,3,Yes,No,DSL,No,Yes,No,Yes,No,No,One year,No,Electronic check,54.54,154.48,1
8503-PSOYO,Male,1,No,No,4,Yes,No,DSL,No,No,Yes,Yes,Yes,No,Month-to-month,No,Electronic check,67.65,265.16,1
7346-FIOYG,Male,0,Yes,No,6,Yes,No,DSL,No,No,No,No,No,Yes,One year,No,Electronic check,61.48,335.54,1
7566-ZHRUP,Female,0,No,Yes,10,Yes,No,DSL,Yes,No,Yes,No,Yes,Yes,One year,No,Electronic check,84.44,832.74,1
5479-OCAMV,Female,0,No,No,4,No,No phone service,No,No internet service,No internet service,No internet service,No internet service,No internet service,No internet service,One year,Yes,Electronic check,18.25,77.04,1
5948-LIBIH,Male,0,Yes,No,4,Yes,No,Fiber optic,Yes,Yes,No,No,Yes,Yes,Month-to-month,No,Bank transfer (automatic),117.1,471.02,1
1370-YEMBJ,Male,0,No,Yes,3,Yes,No,DSL,No,Yes,No,No,No,Yes,One year,No,Mailed check,57.89,167.81,1
2938-ZFGCN,Male,0,No,Yes,62,Yes,No,Fiber optic,No,No,No,Yes,No,Yes,Two year,No,Credit card (automatic),97.62,6065.03,0
7931-PFVHA,Male,0,No,No,1,No,No phone service,DSL,No,No,No,Yes,No,No,Month-to-month,No,Credit card (automatic),55.23,69.63,1
2753-TOQXR,Female,0,Yes,No,51,Yes,Yes,DSL,Yes,No,No,Yes,Yes,Yes,Month-to-month,Yes,Credit card (automatic),102.37,5223.98,0
4670-XCXFQ,Male,1,No,Yes,5,Yes,No,DSL,Yes,No,Yes,No,No,No,Two year,Yes,Electronic check,63.98,316.73,0
4652-WMWVQ,Male,0,Yes,No,62,No,No phone service,No,No internet service,No internet service,No internet service,No internet service,No internet service,No internet service,Two year,Yes,Mailed check,21.92,1364.75,0
6201-UPQAP,Male,0,No,No,62,Yes,Yes,Fiber optic,Yes,No,No,No,No,No,Month-to-month,Yes,Electronic check,91.85,5714.73,0
3361-FHABO,Female,0,Yes,No,65,Yes,No,No,No internet service,No internet service,No internet service,No internet service,No internet service,No internet service,Month-to-month,Yes,Mailed check,30.8,1998.15,0
5260-EXTOU,Female,1,Yes,No,70,Yes,No,Fiber optic,No,No,No,No,Yes,No,Month-to-month,Yes,Electronic check,93.5,6518.85,1
6432-JECFU,Male,0,Yes,No,67,Yes,No,Fiber optic,No,Yes,Yes,No,No,No,Month-to-month,Yes,Electronic check,76.91,5157.05,1
5991-ORNJD,Female,0,No,No,39,No,No phone service,No,No internet service,No internet service,No internet service,No internet service,No internet service,No internet service,Month-to-month,Yes,Credit card (automatic),19.15,771.16,1
7109-KTGOW,Male,0,No,No,8,Yes,No,DSL,No,No,Yes,No,No,Yes,Month-to-month,No,Mailed check,60.72,503.16,1
9509-IOZLR,Male,0,No,Yes,7,Yes,Yes,No,No internet service,No internet service,No internet service,No internet service,No internet service,No internet service,Two year,Yes,Bank transfer (automatic),18.25,138.69,1
4737-FRYRV,Female,0,No,Yes,30,Yes,No,DSL,No,Yes,No,Yes,Yes,Yes,Two year,Yes,Electronic check,87.07,2586.92,1
7373-XFOSE,Female,1,No,No,12,Yes,No,No,No internet service,No internet service,No internet service,No internet service,No internet service,No internet service,Month-to-month,Yes,Bank transfer (automatic),18.25,243.34,0
7759-DQUJL,Female,0,No,Yes,55,Yes,No,No,No internet service,No internet service,No internet service,No internet service,No internet service,No internet service,Two year,No,Credit card (automatic),22.87,1275.99,0
7802-EGLWB,Male,0,No,No,32,Yes,No,No,No internet service,No internet service,No internet service,No internet service,No internet service,No internet service,Month-to-month,Yes,Credit card (automatic),18.25,569.64,1
6591-TQMEE,Female,0,No,No,5,Yes,Yes,No,No internet service,No internet service,No internet service,No internet service,No internet service,No internet service,Month-to-month,Yes,Electronic check,18.25,105.89,1
2171-TZLLG,Male,0,No,No,68,Yes,Yes,Fiber optic,No,No,No,Yes,Yes,No,Month-to-month,Yes,Credit card (automatic),105.47,7158.95,1
7381-FJSPB,Female,1,No,No,6,Yes,Yes,No,No internet service,No internet service,No internet service,No internet service,No internet service,No internet service,Two year,No,Mailed check,20.72,142.02,0
2422-DIZEA,Male,0,No,No,62,Yes,No,DSL,Yes,Yes,Yes,Yes,Yes,No,Month-to-month,Yes,Electronic check,87.68,5438.22,1
9494-KSYWC,Male,1,No,Yes,69,Yes,No,Fiber optic,No,No,No,No,No,Yes,Month-to-month,No,Mailed check,94.75,6546.78,1
9409-ADIPG,Male,1,Yes,Yes,23,Yes,No,No,No internet service,No internet service,No internet service,No internet service,No internet service,No internet service,Two year,No,Bank transfer (automatic),18.25,411.54,0
7443-EMKNV,Female,0,Yes,Yes,42,Yes,No,Fiber optic,No,No,No,Yes,Yes,Yes,Month-to-month,No,Electronic check,118.75,5014.37,1
9234-QWLUW,Female,0,No,No,43,Yes,Yes,DSL,Yes,No,Yes,Yes,No,No,Two year,No,Bank transfer (automatic),69.5,2980.05,0
1874-UUSEX,Female,1,Yes,No,12,Yes,No,No,No internet service,No internet service,No internet service,No internet service,No internet service,No internet service,One year,No,Bank transfer (automatic),18.25,263.84,0
3297-HBQBW,Male,0,No,Yes,3,Yes,No,DSL,Yes,No,No,No,No,No,Month-to-month,Yes,Mailed check,59.98,194.12,1
3643-CXTZZ,Female,0,No,No,18,Yes,Yes,Fiber optic,Yes,No,No,No,No,No,Month-to-month,Yes,Credit card (automatic),89.96,1634.51,1
7357-XROEV,Female,0,No,No,1,Yes,No,Fiber optic,No,No,No,No,Yes,No,Month-to-month,Yes,Electronic check,86.12,86.12,1
2719-QNANI,Female,0,No,No,60,Yes,Yes,No,No internet service,No internet service,No internet service,No internet service,No internet service,No internet service,Month-to-month,Yes,Electronic check,22.51,1372.23,0
6347-EDACT,Female,1,Yes,No,1,No,No phone service,No,No internet service,No internet service,No internet service,No internet service,No internet service,No internet service,One year,No,Bank transfer (automatic),18.63,18.63,0
6932-KPKUJ,Male,0,No,No,41,Yes,No,Fiber optic,No,Yes,No,No,No,Yes,Month-to-month,Yes,Mailed check,98.09,4037.19,1
1840-LEJXM,Female,0,No,No,19,Yes,Yes,Fiber optic,Yes,No,Yes,No,No,No,Two year,No,Mailed check,90.66,1710.9,0
9941-SGPFJ,Male,0,Yes,Yes,35,Yes,Yes,No,No internet service,No internet service,No internet service,No internet service,No internet service,No internet service,Two year,Yes,Bank transfer (automatic),27.76,954.25,0
1581-JZKVJ,Male,1,Yes,Yes,47,Yes,No,Fiber optic,No,Yes,Yes,No,No,Yes,Two year,Yes,Mailed check,98.55,4619.1,1
1204-YNOGM,Male,0,Yes,No,6,Yes,No,Fiber optic,No,Yes,Yes,No,Yes,No,One year,No,Credit card (automatic),90.03,530.81,1
2641-KGKNQ,Male,1,No,Yes,9,Yes,No,DSL,No,No,No,No,No,No,Month-to-month,No,Credit card (automatic),55.34,506.18,1
3014-PAIIJ,Male,1,Yes,No,8,Yes,Yes,No,No internet service,No internet service,No internet service,No internet service,No internet service,No internet service,Month-to-month,Yes,Electronic check,18.53,171.29,1
4253-SOPKX,Female,0,Yes,No,6,Yes,Yes,Fiber optic,No,No,No,No,No,No,One year,No,Electronic check,76.5,433.42,1
7053-YQSMF,Female,0,Yes,No,9,No,No phone service,Fiber optic,No,No,Yes,No,No,No,Month-to-month,No,Electronic check,75.03,673.14,1
1905-OPDHY,Male,0,No,Yes,26,Yes,No,DSL,No,No,Yes,No,Yes,No,Month-to-month,Yes,Bank transfer (automatic),58.82,1519.57,1
1631-GQPBQ,Female,0,No,No,49,Yes,No,Fiber optic,No,No,Yes,Yes,Yes,No,Two year,Yes,Bank transfer (automatic),102.0,4971.48,0
7954-YDZNH,Male,0,No,No,41,Yes,No,Fiber optic,No,Yes,No,No,No,Yes,Two year,No,Mailed check,94.4,3865.58,1
9786-EEEEC,Male,0,No,Yes,3,Yes,No,DSL,No,No,Yes,No,No,No,Month-to-month,No,Bank transfer (automatic),52.59,146.19,1
2974-FAHMT,Male,0,Yes,No,48,Yes,Yes,No,No internet service,No internet service,No internet service,No internet service,No internet service,No internet service,One year,No,Bank transfer (automatic),21.69,1059.48,0
1162-FRRPH,Male,0,No,No,12,Yes,No,No,No internet service,No internet service,No internet service,No internet service,No internet service,No internet service,Month-to-month,Yes,Electronic check,23.64,258.44,1
5998-QHOZJ,Female,0,Yes,No,9,Yes,Yes,DSL,No,No,No,No,No,No,Two year,Yes,Credit card (automatic),57.97,525.19,0
7689-AIQTY,Male,0,Yes,No,7,Yes,Yes,Fiber optic,No,No,Yes,No,No,No,One year,Yes,Mailed check,77.04,530.08,1
9498-AINXE,Female,0,Yes,No,11,No,No phone service,DSL,Yes,Yes,No,Yes,No,No,Two year,Yes,Electronic check,70.82,767.01,1
7239-FEDPP,Female,0,Yes,No,5,Yes,No,Fiber optic,Yes,No,Yes,No,Yes,No,Month-to-month,Yes,Credit card (automatic),101.84,535.93,1
5713-JNMDN,Female,0,Yes,No,54,Yes,Yes,Fiber optic,No,Yes,No,No,No,No,Month-to-month,Yes,Mailed check,70.82,3830.94,0
1875-ZXXIC,Female,0,No,No,10,Yes,No,Fiber optic,Yes,No,No,No,No,Yes,Two year,Yes,Electronic check,107.49,1072.65,1
2431-JOXSB,Male,0,Yes,No,51,Yes,No,DSL,No,Yes,Yes,No,Yes,Yes,Two year,No,Bank transfer (automatic),75.09,3833.2,0
5643-BIDEB,Female,0,No,Yes,62,Yes,Yes,DSL,No,No,No,No,No,Yes,Month-to-month,No,Bank transfer (automatic),65.2,4046.98,1
6080-YGSFW,Male,1,No,Yes,20,Yes,Yes,Fiber optic,Yes,No,No,Yes,Yes,Yes,One year,Yes,Bank transfer (automatic),118.75,2385.48,0
6783-PNLFZ,Female,0,No,No,56,Yes,No,No,No internet service,No internet service,No internet service,No internet service,No internet service,No internet service,Two year,No,Bank transfer (automatic),24.14,1354.3,0
9211-ZVMOX,Male,1,No,Yes,64,Yes,No,No,No internet service,No internet service,No internet service,No internet service,No internet service,No internet service,Two year,Yes,Electronic check,18.25,1146.05,0
8698-NHUTK,Male,0,No,No,16,Yes,Yes,No,No internet service,No internet service,No internet service,No internet service,No internet service,No internet service,Two year,No,Credit card (automatic),22.36,353.21,0
7458-UILZF,Female,0,Yes,No,12,Yes,No,DSL,No,Yes,No,No,No,Yes,Month-to-month,Yes,Mailed check,60.1,723.42,1
7234-SCAOO,Female,0,No,No,54,Yes,No,DSL,No,No,No,No,Yes,Yes,Two year,Yes,Mailed check,70.63,3809.36,0
9488-EVXKY,Female,0,Yes,No,36,No,No phone service,Fiber optic,No,Yes,No,No,No,Yes,Two year,Yes,Electronic check,97.08,3490.64,0
3856-WAWJY,Male,0,Yes,No,66,Yes,No,DSL,Yes,Yes,No,No,No,Yes,Month-to-month,Yes,Mailed check,69.29,4571.71,1
2861-TKGYQ,Female,1,Yes,No,36,Yes,No,Fiber optic,Yes,No,No,No,No,Yes,One year,Yes,Mailed check,107.94,3871.45,1
3659-LZYDL,Female,1,Yes,No,62,Yes,Yes,No,No internet service,No internet service,No internet service,No internet service,No internet service,No internet service,One year,Yes,Credit card (automatic),28.46,1762.22,0
4384-XCRLX,Female,1,No,No,54,Yes,No,DSL,No,No,No,No,No,Yes,One year,No,Electronic check,65.82,3563.35,0
9603-XSMPH,Male,0,Yes,Yes,60,Yes,No,No,No internet service,No internet service,No internet service,No internet service,No internet service,No internet service,One year,Yes,Bank transfer (automatic),23.05,1398.8,1
9794-FJYJF,Female,0,No,No,31,No,No phone service,DSL,No,Yes,No,No,No,Yes,Month-to-month,Yes,Bank transfer (automatic),57.99,1800.19,1
7494-HRQZJ,Female,0,No,No,9,Yes,No,DSL,No,No,No,Yes,No,No,Month-to-month,No,Credit card (automatic),61.79,551.45,0
9597-BLTJI,Male,0,No,Yes,66,Yes,No,Fiber optic,Yes,No,No,No,Yes,Yes,Month-to-month,Yes,Credit card (automatic),114.63,7584.37,1
5733-PGIYY,Female,0,No,No,27,Yes,No,Fiber optic,No,Yes,No,No,No,Yes,Two year,Yes,Electronic check,88.89,2413.19,0
4331-XFJGR,Male,0,Yes,Yes,68,Yes,Yes,No,No internet service,No internet service,No internet service,No internet service,No internet service,No internet service,Month-to-month,Yes,Credit card (automatic),19.68,1334.35,0
8995-KAUXS,Male,1,No,No,1,Yes,No,Fiber optic,No,No,Yes,No,Yes,Yes,Month-to-month,Yes,Electronic check,102.61,102.61,1
8361-WEZXF,Male,0,No,No,13,Yes,No,Fiber optic,No,No,Yes,No,No,No,Month-to-month,Yes,Electronic check,81.95,1033.14,1
7832-VGWDZ,Male,1,No,Yes,50,Yes,No,Fiber optic,No,No,No,Yes,No,No,Two year,Yes,Credit card (automatic),87.24,4362.29,1
3096-PJZOM,Male,1,No,Yes,65,Yes,Yes,No,No internet service,No internet service,No internet service,No internet service,No internet service,No internet service,Month-to-month,No,Electronic check,18.25,1188.02,0
3003-HVMXG,Male,0,No,No,5,Yes,Yes,No,No internet service,No internet service,No internet service,No internet service,No internet service,No internet service,Month-to-month,Yes,Electronic check,21.47,109.39,1
8874-QDGPY,Male,0,No,No,41,No,No phone service,Fiber optic,No,No,No,No,Yes,No,Two year,Yes,Electronic check,91.97,3771.67,1
7663-BUYYV,Male,0,Yes,No,3,Yes,No,No,No internet service,No internet service,No internet service,No internet service,No internet service,No internet service,Month-to-month,No,Mailed check,22.44,99.24,1
6017-WYNNZ,Male,0,No,No,7,Yes,No,Fiber optic,No,Yes,No,No,Yes,Yes,One year,Yes,Credit card (automatic),103.47,704.59,1
1546-HZFVG,Male,0,No,Yes,10,Yes,Yes,Fiber optic,No,No,Yes,No,Yes,No,Month-to-month,Yes,Credit card (automatic),92.14,931.81,1
2449-GBYDM,Male,0,Yes,Yes,62,Yes,Yes,DSL,No,Yes,No,Yes,Yes,No,Month-to-month,Yes,Mailed check,73.78,4594.15,0
7796-JIOLJ,Male,0,No,No,69,Yes,Yes,DSL,Yes,Yes,No,No,No,No,Month-to-month,No,Bank transfer (automatic),56.14,3873.35,1
3610-SUEGT,Male,0,Yes,No,11,Yes,Yes,Fiber optic,No,No,No,No,No,No,Month-to-month,Yes,Credit card (automatic),75.32,844.38,1
2900-KPMDP,Male,0,No,No,34,No,No phone service,DSL,No,No,No,Yes,Yes,Yes,Month-to-month,No,Bank transfer (automatic),84.78,2852.94,0
8702-MAVDO,Female,1,No,Yes,3,Yes,No,Fiber optic,No,No,No,No,No,No,Two year,No,Bank transfer (automatic),75.71,226.05,1
3757-ZZUYP,Male,0,No,Yes,55,Yes,No,Fiber optic,No,Yes,No,No,No,No,Month-to-month,Yes,Electronic check,70.38,3852.68,1
2885-DQKYE,Female,0,No,Yes,68,No,No phone service,DSL,Yes,Yes,Yes,No,Yes,Yes,Month-to-month,Yes,Mailed check,76.14,5178.41,1
9962-ZMLWC,Female,0,No,No,4,Yes,No,Fiber optic,Yes,No,Yes,Yes,Yes,No,Month-to-month,Yes,Credit card (automatic),113.75,440.7,1
6738-DJIJM,Female,0,Yes,No,67,Yes,No,Fiber optic,Yes,No,No,No,No,No,Month-to-month,No,Electronic check,88.4,5939.09,0
8415-ALKUH,Female,0,Yes,Yes,34,Yes,No,DSL,No,No,Yes,No,No,No,Two year,Yes,Electronic check,46.31,1552.36,0
6890-ZWNNT,Female,0,No,Yes,48,Yes,No,Fiber optic,No,No,Yes,No,No,Yes,Month-to-month,No,Electronic check,87.96,4228.11,1
3097-WQVYS,Female,0,Yes,No,43,Yes,No,Fiber optic,No,Yes,No,No,No,Yes,Month-to-month,No,Bank transfer (automatic),95.19,4110.31,1
9760-TXUUQ,Male,0,No,No,2,Yes,Yes,Fiber optic,No,Yes,Yes,Yes,Yes,Yes,Two year,No,Electronic check,104.27,218.45,1
6692-FNRQF,Female,0,Yes,Yes,8,No,No phone service,Fiber optic,No,Yes,No,No,No,Yes,One year,No,Electronic check,86.66,708.4,1
1499-EMPUI,Male,0,No,Yes,41,Yes,Yes,DSL,No,Yes,Yes,Yes,Yes,Yes,Month-to-month,Yes,Credit card (automatic),85.18,3487.48,1
6624-LJZMS,Male,0,Yes,No,1,Yes,No,DSL,No,Yes,No,No,No,Yes,Two year,Yes,Credit card (automatic),58.27,58.27,1
1836-PQPNP,Female,0,Yes,No,50,Yes,No,DSL,No,Yes,Yes,Yes,Yes,No,Two year,Yes,Credit card (automatic),69.01,3444.4,1
4471-XOLEK,Male,0,Yes,No,57,No,No phone service,No,No internet service,No internet service,No internet service,No internet service,No internet service,No internet service,Two year,Yes,Mailed check,24.51,1399.81,0
5697-EXXKB,Male,0,Yes,No,60,Yes,No,Fiber optic,No,No,No,No,No,Yes,Month-to-month,Yes,Credit card (automatic),91.15,5519.33,1
8781-SZZQS,Female,0,Yes,No,45,Yes,No,Fiber optic,Yes,No,Yes,Yes,No,No,Month-to-month,Yes,Electronic check,95.89,4324.52,1
3171-LTWYE,Male,0,No,Yes,62,Yes,No,Fiber optic,No,No,No,No,No,Yes,Month-to-month,Yes,Credit card (automatic),102.99,6390.27,1
9297-LPABJ,Female,0,Yes,No,12,Yes,No,Fiber optic,Yes,No,Yes,No,No,No,One year,Yes,Electronic check,89.74,1080.0,0
6678-BYJWR,Female,0,Yes,No,36,Yes,Yes,No,No internet service,No internet service,No internet service,No internet service,No internet service,No internet service,Two year,No,Mailed check,20.84,738.34,0
9251-AELQY,Female,0,No,No,20,Yes,No,No,No internet service,No internet service,No internet service,No internet service,No internet service,No internet service,Month-to-month,No,Bank transfer (automatic),27.45,562.5,1
1398-SRMVC,Female,0,Yes,No,9,Yes,No,Fiber optic,No,No,No,No,Yes,Yes,One year,Yes,Bank transfer (automatic),102.75,920.58,1
3010-UJNHJ,Female,0,No,No,34,Yes,Yes,DSL,No,No,No,No,No,No,Month-to-month,Yes,Mailed check,50.84,1736.92,1
6166-BMEKX,Male,0,No,No,11,Yes,No,Fiber optic,No,Yes,No,Yes,Yes,Yes,Month-to-month,No,Electronic check,118.75,1300.29,1
6871-AZJMD,Female,0,No,No,20,Yes,Yes,Fiber optic,No,No,Yes,Yes,No,Yes,One year,Yes,Credit card (automatic),97.04,1941.82,1
9809-UJLNC,Female,0,No,No,70,Yes,Yes,Fiber optic,No,No,Yes,No,Yes,Yes,Two year,No,Credit card (automatic),107.06,7501.23,0
2283-BSKUG,Male,0,Yes,No,70,Yes,Yes,Fiber optic,No,No,No,Yes,No,No,Month-to-month,Yes,Electronic check,87.41,6112.69,1
7908-RNGVG,Female,0,No,No,12,Yes,No,DSL,No,No,No,No,No,No,Month-to-month,Yes,Bank transfer (automatic),47.36,572.31,1
8157-WIWLF,Female,0,No,No,60,Yes,No,DSL,Yes,No,No,Yes,Yes,Yes,Two year,Yes,Electronic check,82.91,4987.71,0
5256-ZXGVD,Female,0,No,No,8,Yes,No,DSL,No,No,Yes,Yes,Yes,No,One year,Yes,Credit card (automatic),69.37,524.47,1
2836-PGHHT,Female,0,Yes,No,2,Yes,Yes,Fiber optic,No,No,No,Yes,Yes,Yes,Two year,No,Electronic check,115.14,228.38,1
9107-ZYCIS,Female,0,Yes,Yes,7,Yes,No,DSL,Yes,No,No,Yes,Yes,No,Month-to-month,No,Electronic check,73.39,507.47,1
2019-MGTUO,Female,0,No,Yes,18,Yes,No,No,No internet service,No internet service,No internet service,No internet service,No internet service,No internet service,Month-to-month,No,Bank transfer (automatic),26.27,462.42,1
8084-SBLHW,Female,1,Yes,No,68,Yes,Yes,Fiber optic,No,Yes,Yes,No,Yes,No,Month-to-month,No,Electronic check,92.63,6326.73,1
2326-WHMAX,Male,0,Yes,Yes,8,Yes,Yes,DSL,Yes,No,Yes,Yes,Yes,No,One year,Yes,Credit card (automatic),85.78,706.55,1
7076-JUXIB,Female,0,Yes,No,10,Yes,No,No,No internet service,No internet service,No internet service,No internet service,No internet service,No internet service,Month-to-month,Yes,Electronic check,22.19,207.14,1
1475-SVYNJ,Male,0,No,No,5,Yes,No,Fiber optic,Yes,No,Yes,No,No,Yes,Month-to-month,Yes,Credit card (automatic),102.34,517.23,1
3810-JHNMF,Female,0,No,No,72,Yes,No,Fiber optic,No,No,No,No,No,No,Month-to-month,No,Mailed check,77.24,5553.64,1
9534-UMCTM,Female,0,No,No,5,Yes,Yes,DSL,No,No,No,No,Yes,Yes,One year,Yes,Electronic check,76.94,371.11,1
2651-WWSPD,Female,0,No,No,38,Yes,No,DSL,No,Yes,No,No,Yes,No,Month-to-month,Yes,Mailed check,60.04,2286.91,1
9644-COORV,Male,0,Yes,No,69,Yes,No,Fiber optic,No,Yes,No,No,Yes,Yes,Two year,No,Bank transfer (automatic),96.62,6652.99,0
2169-GTEHY,Male,0,Yes,No,6,No,No phone service,Fiber optic,Yes,Yes,No,No,Yes,No,Month-to-month,Yes,Mailed check,102.79,641.67,1
3528-WJAKC,Male,0,Yes,No,10,Yes,No,Fiber optic,No,No,No,No,Yes,Yes,Two year,Yes,Credit card (automatic),99.75,992.65,1
2206-UCOQR,Female,0,No,No,6,Yes,No,Fiber optic,No,Yes,No,Yes,No,No,Month-to-month,No,Bank transfer (automatic),88.55,567.97,1
7370-HWMJC,Female,0,No,Yes,1,Yes,No,DSL,No,No,No,No,No,No,One year,Yes,Electronic check,52.27,52.27,1
6469-TNMCM,Male,0,Yes,No,62,Yes,No,No,No internet service,No internet service,No internet service,No internet service,No internet service,No internet service,Two year,Yes,Electronic check,20.45,1259.95,0
9441-TXYWI,Male,0,No,No,7,Yes,Yes,No,No internet service,No internet service,No internet service,No internet service,No internet service,No internet service,One year,Yes,Mailed check,18.25,135.64,0
8528-YPWWH,Female,0,No,No,72,Yes,No,No,No internet service,No internet service,No internet service,No internet service,No internet service,No internet service,Month-to-month,No,Bank transfer (automatic),26.7,1923.44,0
7187-LZLSX,Female,0,No,Yes,18,Yes,No,Fiber optic,Yes,No,Yes,No,No,Yes,One year,Yes,Credit card (automatic),115.26,2072.56,1
1867-QOVRG,Female,0,Yes,No,1,Yes,Yes,No,No internet service,No internet service,No internet service,No internet service,No internet service,No internet service,Month-to-month,No,Credit card (automatic),20.03,20.03,1
3974-MSPKZ,Male,1,Yes,No,33,Yes,No,Fiber optic,Yes,Yes,Yes,No,No,No,One year,Yes,Electronic check,85.72,2827.97,1
6236-EZBAP,Male,0,Yes,No,22,Yes,No,Fiber optic,No,Yes,No,No,Yes,No,Month-to-month,Yes,Credit card (automatic),95.8,2094.02,1
6093-EYYGI,Female,0,Yes,No,42,Yes,Yes,Fiber optic,No,No,Yes,No,Yes,No,One year,Yes,Electronic check,99.82,4210.29,1
6433-DSTOG,Female,0,No,No,1,No,No phone service,Fiber optic,No,No,No,No,Yes,No,Month-to-month,No,Credit card (automatic),97.71,109.18,1
1541-XREUY,Female,0,Yes,Yes,61,Yes,Yes,Fiber optic,No,Yes,Yes,Yes,Yes,Yes,Month-to-month,Yes,Mailed check,111.79,6819.98,1
6195-MCFZL,Male,0,No,No,4,Yes,Yes,DSL,No,No,No,No,No,Yes,Month-to-month,Yes,Electronic check,68.32,274.98,1
2132-URRDT,Female,0,Yes,No,5,Yes,No,DSL,No,Yes,Yes,No,Yes,Yes,Month-to-month,No,Credit card (automatic),68.21,344.92,1
9852-WNNAK,Male,0,Yes,No,32,Yes,No,No,No internet service,No internet service,No internet service,No internet service,No internet service,No internet service,Two year,Yes,Electronic check,19.9,614.97,0
8713-VIREJ,Male,0,No,Yes,67,Yes,No,DSL,No,Yes,No,No,Yes,No,Month-to-month,Yes,Electronic check,64.88,4348.4,1
9393-OJPDD,Male,0,No,No,37,Yes,No,DSL,Yes,No,No,Yes,No,No,One year,No,Mailed check,68.97,2527.74,0
4390-HFWKY,Female,1,Yes,No,2,Yes,No,DSL,Yes,No,No,No,Yes,No,Month-to-month,No,Electronic check,77.82,142.47,1
8046-MSKBC,Female,0,No,Yes,10,Yes,Yes,Fiber optic,No,No,Yes,No,No,No,Month-to-month,No,Credit card (automatic),91.78,930.73,1
3962-OXMYJ,Male,0,Yes,No,9,Yes,No,Fiber optic,Yes,No,No,Yes,No,Yes,Month-to-month,Yes,Mailed check,118.75,1070.83,1
5155-EXKWN,Male,0,No,Yes,69,Yes,Yes,Fiber optic,No,Yes,No,Yes,Yes,No,Month-to-month,No,Mailed check,103.69,7149.99,1
4259-YTOMZ,Female,0,Yes,Yes,3,Yes,No,No,No internet service,No internet service,No internet service,No internet service,No internet service,No internet service,Month-to-month,No,Mailed check,21.28,49.76,1
7034-CIHOW,Male,0,Yes,No,4,Yes,Yes,DSL,No,No,Yes,No,Yes,Yes,Month-to-month,Yes,Credit card (automatic),61.75,245.53,1
7362-ABIUQ,Female,0,No,No,10,Yes,No,DSL,No,No,Yes,No,No,No,Month-to-month,No,Mailed check,41.52,418.25,0
9940-IAHEK,Female,0,No,Yes,71,Yes,Yes,Fiber optic,Yes,Yes,No,No,Yes,Yes,Month-to-month,Yes,Bank transfer (automatic),111.76,7933.54,1
3583-FQRWR,Female,0,Yes,No,12,Yes,No,DSL,No,No,Yes,Yes,Yes,Yes,One year,Yes,Electronic check,81.68,995.91,1
3813-EYESM,Female,0,No,No,1,Yes,No,No,No internet service,No internet service,No internet service,No internet service,No internet service,No internet service,One year,Yes,Bank transfer (automatic),18.25,37.0,0
8588-VGZNZ,Male,0,Yes,No,24,Yes,Yes,Fiber optic,No,Yes,Yes,No,Yes,No,Month-to-month,No,Electronic check,92.93,2211.63,1
3947-HCDJD,Female,0,No,No,15,Yes,No,Fiber optic,Yes,No,No,No,No,No,Month-to-month,No,Credit card (automatic),87.24,1285.83,1
6174-RWLTT,Male,0,No,Yes,68,Yes,Yes,DSL,No,Yes,No,No,Yes,No,Month-to-month,No,Credit card (automatic),55.1,3738.59,1
7794-OMLHV,Male,0,Yes,No,23,Yes,Yes,No,No internet service,No internet service,No internet service,No internet service,No internet service,No internet service,One year,Yes,Electronic check,22.26,539.67,0
4586-VITIQ,Male,0,No,No,71,Yes,Yes,Fiber optic,No,No,No,No,No,No,Month-to-month,No,Electronic check,81.59,5789.8,1
9294-YAWFG,Female,0,No,Yes,70,Yes,No,Fiber optic,No,Yes,Yes,No,Yes,Yes,Month-to-month,Yes,Credit card (automatic),100.59,7003.23,1
7417-IJDPL,Female,1,Yes,No,64,Yes,Yes,Fiber optic,No,No,No,No,No,No,Month-to-month,Yes,Bank transfer (automatic),76.21,4876.52,1
3563-ICZIQ,Male,0,Yes,No,66,Yes,Yes,No,No internet service,No internet service,No internet service,No internet service,No internet service,No internet service,Two year,Yes,Credit card (automatic),23.16,1540.37,1
3630-NEZUA,Female,0,No,No,65,Yes,No,DSL,Yes,No,No,Yes,No,No,Month-to-month,No,Credit card (automatic),66.94,4362.82,0
9336-ACIWF,Female,0,No,No,26,No,No phone service,DSL,No,No,No,No,No,No,Month-to-month,Yes,Mailed check,60.81,1606.76,1
7250-IDTSE,Female,1,Yes,No,57,Yes,No,DSL,Yes,Yes,No,Yes,Yes,No,Month-to-month,No,Credit card (automatic),90.71,5163.6,1
6036-ENJWP,Female,0,Yes,Yes,46,Yes,Yes,Fiber optic,No,No,No,No,No,No,Two year,No,Credit card (automatic),74.25,3396.73,0
2080-WFTWN,Female,0,Yes,No,64,Yes,Yes,DSL,No,No,No,No,Yes,No,Two year,No,Electronic check,64.59,4166.23,0
5283-RIGRJ,Male,0,Yes,Yes,2,Yes,No,Fiber optic,No,No,Yes,Yes,Yes,No,Month-to-month,Yes,Electronic check,100.92,195.52,1
7424-BMFWI,Female,0,Yes,Yes,8,Yes,Yes,Fiber optic,Yes,Yes,No,Yes,No,No,Month-to-month,Yes,Credit card (automatic),108.38,873.78,1
3085-THJPO,Female,0,No,No,5,Yes,No,Fiber optic,No,Yes,No,No,Yes,Yes,One year,No,Electronic check,106.51,533.68,0
3452-MRFTX,Male,0,Yes,No,54,Yes,Yes,Fiber optic,No,No,No,No,No,Yes,Month-to-month,Yes,Bank transfer (automatic),95.57,5153.08,1
5966-IRGWX,Female,0,Yes,Yes,10,Yes,Yes,Fiber optic,No,No,No,No,Yes,No,Month-to-month,Yes,Bank transfer (automatic),90.65,908.49,1
3023-EKMCA,Male,0,No,No,10,Yes,Yes,No,No internet service,No internet service,No internet service,No internet service,No internet service,No internet service,Two year,Yes,Bank transfer (automatic),27.37,280.42,0
7480-DSRFW,Male,0,Yes,Yes,72,Yes,No,DSL,No,No,Yes,Yes,Yes,No,One year,No,Bank transfer (automatic),81.7,5876.13,0
8964-JGLHM,Female,1,No,No,11,No,No phone service,Fiber optic,Yes,No,Yes,Yes,No,No,Month-to-month,No,Electronic check,101.51,1086.63,1
8895-RNKJF,Male,1,Yes,No,71,Yes,Yes,Fiber optic,No,No,No,Yes,No,Yes,One year,Yes,Bank transfer (automatic),105.1,7424.2,0
1226-MVJLA,Male,0,No,Yes,23,No,No phone service,DSL,No,Yes,No,No,Yes,No,Month-to-month,No,Mailed check,67.91,1578.11,1
2013-RMYXD,Female,1,No,No,4,Yes,No,DSL,No,No,No,No,No,No,One year,No,Electronic check,47.56,172.21,1
2929-FRERE,Male,0,Yes,Yes,8,Yes,No,No,No internet service,No internet service,No internet service,No internet service,No internet service,No internet service,Month-to-month,No,Mailed check,18.25,126.05,1
7913-GWICL,Female,0,No,No,43,Yes,Yes,Fiber optic,No,No,Yes,No,Yes,Yes,One year,Yes,Bank transfer (automatic),102.15,4390.68,1
6251-TYNHL,Male,0,No,No,68,Yes,Yes,DSL,Yes,No,No,No,Yes,No,Two year,No,Credit card (automatic),70.47,4810.07,0
2404-GXILD,Female,1,Yes,No,11,Yes,Yes,No,No internet service,No internet service,No internet service,No internet service,No internet service,No internet service,One year,No,Bank transfer (automatic),21.42,246.52,0
3179-EIGNT,Male,0,No,No,8,Yes,Yes,Fiber optic,No,No,Yes,Yes,No,Yes,Month-to-month,No,Mailed check,101.73,806.45,1
1697-VQAYO,Female,0,No,No,10,No,No phone service,Fiber optic,Yes,No,Yes,Yes,No,No,One year,Yes,Electronic check,96.37,946.5,1
2124-XOAOB,Female,1,No,Yes,1,Yes,Yes,Fiber optic,No,No,No,Yes,No,Yes,Month-to-month,No,Electronic check,108.56,108.56,1
4895-DQPRU,Male,0,Yes,No,2,Yes,Yes,DSL,Yes,No,No,No,No,No,Month-to-month,No,Electronic check,60.4,133.14,1
7615-PHFVT,Male,0,Yes,No,1,Yes,Yes,DSL,Yes,No,No,No,No,Yes,Month-to-month,Yes,Electronic check,71.17,71.17,1
6110-BSMVV,Female,0,No,No,2,Yes,Yes,DSL,Yes,No,Yes,Yes,No,Yes,Month-to-month,Yes,Electronic check,79.91,186.76,1
2778-UFFMA,Male,0,Yes,No,35,Yes,No,Fiber optic,No,Yes,No,No,Yes,Yes,Two year,No,Credit card (automatic),107.51,3750.58,1
7535-VUXIV,Male,0,No,Yes,43,No,No phone service,No,No internet service,No internet service,No internet service,No internet service,No internet service,No internet service,Month-to-month,No,Electronic check,23.23,1010.35,1
3634-LLZDS,Male,0,No,No,8,Yes,Yes,Fiber optic,No,Yes,Yes,No,No,No,One year,Yes,Electronic check,90.17,734.97,1
4489-PZLAW,Female,0,No,No,56,Yes,Yes,DSL,No,No,Yes,No,No,No,One year,Yes,Bank transfer (automatic),52.87,2964.17,0
7681-UDIGJ,Female,0,No,No,12,Yes,Yes,Fiber optic,No,Yes,No,No,Yes,Yes,Month-to-month,No,Mailed check,105.17,1244.38,1
2037-MHTJJ,Female,0,No,No,52,Yes,Yes,No,No internet service,No internet service,No internet service,No internet service,No internet service,No internet service,Two year,Yes,Credit card (automatic),18.25,948.45,0
7093-HTOAO,Male,0,No,Yes,1,Yes,No,DSL,Yes,No,No,No,Yes,Yes,Month-to-month,Yes,Electronic check,88.45,88.45,1
3256-XQMLC,Male,0,Yes,No,12,Yes,Yes,No,No internet service,No internet service,No internet service,No internet service,No internet service,No internet service,Two year,No,Mailed check,18.25,204.65,0
7569-WSXEC,Male,0,Yes,No,11,Yes,No,DSL,No,No,No,No,No,Yes,Month-to-month,Yes,Electronic check,62.47,672.4,1
3613-UEXIF,Female,0,No,Yes,47,Yes,No,DSL,No,No,No,No,No,Yes,Month-to-month,Yes,Bank transfer (automatic),73.67,3450.2,1
1313-PJPCR,Female,0,Yes,No,3,Yes,No,Fiber optic,No,Yes,No,No,Yes,No,Month-to-month,No,Bank transfer (automatic),99.91,319.9,1
3649-KSYWO,Female,1,Yes,No,3,Yes,No,DSL,No,Yes,No,Yes,No,No,Month-to-month,No,Credit card (automatic),58.56,173.85,1
3281-KYVXJ,Female,1,No,No,21,Yes,Yes,No,No internet service,No internet service,No internet service,No internet service,No internet service,No internet service,Month-to-month,No,Electronic check,26.4,540.42,1
8020-ICWIR,Male,0,No,No,12,Yes,No,No,No internet service,No internet service,No internet service,No internet service,No internet service,No internet service,Two year,Yes,Electronic check,22.46,235.02,0
3547-LWUXP,Male,1,No,No,13,No,No phone service,Fiber optic,No,Yes,No,No,Yes,Yes,Two year,Yes,Credit card (automatic),103.02,1349.77,0
6512-DAMZH,Male,0,Yes,No,7,Yes,No,DSL,No,Yes,No,No,No,Yes,Month-to-month,No,Mailed check,54.76,387.7,1
6132-FHSXX,Female,0,No,No,61,Yes,Yes,DSL,No,No,No,No,No,No,Two year,No,Electronic check,42.63,2593.51,0
3159-LADWM,Male,0,No,No,44,Yes,No,Fiber optic,No,Yes,Yes,No,Yes,No,Month-to-month,Yes,Bank transfer (automatic),103.6,4575.69,1
4137-QSSVE,Male,0,No,Yes,53,Yes,Yes,DSL,No,No,No,Yes,No,No,Month-to-month,No,Electronic check,61.17,3238.92,0
9127-KGCKQ,Female,0,Yes,No,71,Yes,Yes,Fiber optic,Yes,Yes,No,No,Yes,Yes,One year,No,Mailed check,112.49,7966.47,1
6850-KOSHP,Female,0,Yes,Yes,2,Yes,No,DSL,Yes,Yes,Yes,No,No,No,One year,No,Mailed check,58.03,109.67,1
4967-UOCXF,Male,0,Yes,No,50,Yes,Yes,Fiber optic,No,Yes,No,Yes,No,No,Month-to-month,No,Credit card (automatic),102.3,5111.01,1
2428-CEAVN,Female,0,No,No,21,Yes,No,DSL,No,Yes,No,No,Yes,No,Month-to-month,No,Bank transfer (automatic),58.97,1234.9,1
8868-LMNYL,Male,0,No,Yes,18,Yes,No,DSL,No,Yes,No,Yes,No,No,Month-to-month,Yes,Mailed check,63.03,1138.89,1
3520-WMXFU,Male,0,No,Yes,20,Yes,No,Fiber optic,No,Yes,No,No,Yes,No,Month-to-month,Yes,Mailed check,95.6,1936.18,1
7299-OVWPI,Female,0,No,No,36,Yes,Yes,Fiber optic,No,No,No,No,No,Yes,Month-to-month,Yes,Credit card (automatic),91.29,3294.89,1
8086-HEOGX,Female,0,No,Yes,66,Yes,Yes,Fiber optic,No,Yes,No,No,Yes,No,Month-to-month,Yes,Credit card (automatic),89.9,5917.55,1
9384-QPXKG,Male,0,No,No,71,Yes,Yes,DSL,No,Yes,Yes,No,No,Yes,Month-to-month,No,Electronic check,59.09,4216.99,1
8354-KBBFC,Female,0,No,No,6,Yes,No,DSL,Yes,Yes,No,No,No,No,Month-to-month,Yes,Mailed check,63.51,397.38,1
6602-AXWTP,Female,0,No,No,42,Yes,No,DSL,No,No,No,Yes,Yes,No,One year,No,Mailed check,71.49,3013.56,0
9878-NQRYD,Male,0,No,No,40,Yes,No,Fiber optic,No,Yes,No,Yes,No,Yes,Month-to-month,Yes,Electronic check,109.82,4394.06,1
1448-CHDWO,Male,1,Yes,No,12,Yes,No,DSL,No,No,No,Yes,Yes,No,Month-to-month,Yes,Electronic check,71.63,863.29,1
9092-MNNEE,Male,0,No,No,33,Yes,No,No,No internet service,No internet service,No internet service,No internet service,No internet service,No internet service,Month-to-month,Yes,Electronic check,20.89,695.62,1
2284-VMDRF,Female,0,Yes,No,60,Yes,No,No,No internet service,No internet service,No internet service,No internet service,No internet service,No internet service,Two year,Yes,Bank transfer (automatic),18.64,1125.54,0
6995-ECTCC,Female,0,No,No,71,Yes,No,No,No internet service,No internet service,No internet service,No internet service,No internet service,No internet service,Month-to-month,Yes,Credit card (automatic),18.25,1320.75,0
4727-TBTZR,Female,0,No,Yes,14,Yes,No,No,No internet service,No internet service,No internet service,No internet service,No internet service,No internet service,One year,Yes,Credit card (automatic),18.25,251.12,1
1361-JXZUG,Male,1,Yes,No,20,Yes,Yes,Fiber optic,Yes,Yes,No,No,No,No,Two year,No,Credit card (automatic),94.6,1882.2,1
6230-TZVNJ,Female,0,Yes,Yes,64,Yes,No,No,No internet service,No internet service,No internet service,No internet service,No internet service,No internet service,Month-to-month,Yes,Bank transfer (automatic),18.25,1177.83,0
8881-TPFQF,Male,1,No,Yes,23,Yes,No,Fiber optic,No,No,No,Yes,No,No,Two year,No,Electronic check,92.56,2127.62,0
8796-VRJJI,Female,0,No,No,38,Yes,No,DSL,No,No,Yes,No,Yes,Yes,Month-to-month,No,Electronic check,74.6,2829.17,1
6926-VOKGR,Male,0,No,No,68,Yes,Yes,Fiber optic,No,No,No,Yes,Yes,No,Month-to-month,Yes,Electronic check,107.03,7300.1,1
6149-BBZMK,Female,0,No,No,71,Yes,No,Fiber optic,No,Yes,No,No,No,Yes,Month-to-month,Yes,Electronic check,94.44,6718.91,1
3460-YSTAQ,Male,0,No,No,7,Yes,Yes,DSL,No,No,No,No,No,No,Month-to-month,Yes,Mailed check,51.67,385.54,1
1022-TRHMD,Male,0,No,No,7,Yes,No,No,No internet service,No internet service,No internet service,No internet service,No internet service,No internet service,Two year,Yes,Electronic check,18.25,122.04,0
3066-SCFFV,Male,0,Yes,Yes,9,Yes,No,No,No internet service,No internet service,No internet service,No internet service,No internet service,No internet service,Month-to-month,Yes,Mailed check,21.75,192.62,1
2653-FXHYQ,Male,0,Yes,No,4,Yes,No,Fiber optic,No,No,Yes,No,No,Yes,Two year,Yes,Credit card (automatic),91.79,380.57,1
1702-JXESK,Female,0,Yes,No,34,Yes,Yes,Fiber optic,No,Yes,No,Yes,Yes,No,Two year,No,Mailed check,96.12,3265.11,0
8088-JCVXJ,Female,0,Yes,Yes,19,No,No phone service,Fiber optic,Yes,Yes,No,Yes,No,Yes,Month-to-month,No,Bank transfer (automatic),112.73,2141.66,1
3743-BIEUQ,Female,0,No,Yes,6,Yes,No,Fiber optic,No,No,No,No,No,No,Month-to-month,Yes,Mailed check,76.82,430.91,1
2376-FKEGG,Female,0,No,Yes,51,Yes,Yes,DSL,No,No,Yes,No,No,No,Month-to-month,No,Credit card (automatic),52.88,2724.43,1
8952-DUJXR,Female,0,No,No,5,Yes,Yes,Fiber optic,No,No,No,Yes,Yes,No,Two year,Yes,Electronic check,101.9,527.86,0
3468-ANFKN,Male,1,No,No,72,Yes,No,DSL,No,No,No,No,No,Yes,Month-to-month,Yes,Credit card (automatic),49.54,3576.1,1
4754-TZCPP,Female,0,No,Yes,68,Yes,No,DSL,No,No,No,Yes,No,Yes,Month-to-month,No,Mailed check,77.08,5260.89,1
3325-GHDLL,Female,0,Yes,No,22,Yes,Yes,No,No internet service,No internet service,No internet service,No internet service,No internet service,No internet service,One year,Yes,Credit card (automatic),18.96,436.44,0
1460-JLKKO,Male,0,No,No,66,Yes,Yes,DSL,No,No,Yes,No,No,Yes,Month-to-month,Yes,Bank transfer (automatic),59.82,3926.83,1
6163-FKBXV,Female,0,No,Yes,71,Yes,No,No,No internet service,No internet service,No internet service,No internet service,No internet service,No internet service,Month-to-month,Yes,Electronic check,21.7,1551.72,1
5183-IKPMM,Female,0,Yes,Yes,7,Yes,No,No,No internet service,No internet service,No internet service,No internet service,No internet service,No internet service,Month-to-month,No,Credit card (automatic),22.58,174.48,1
9028-VVRUY,Female,0,No,No,67,Yes,Yes,DSL,No,No,No,Yes,Yes,Yes,Month-to-month,Yes,Electronic check,84.66,5692.57,1
5082-ATJZS,Male,0,Yes,No,7,Yes,Yes,No,No internet service,No internet service,No internet service,No internet service,No internet service,No internet service,Month-to-month,Yes,Credit card (automatic),20.22,127.43,1
2486-QAAQO,Male,0,Yes,No,46,Yes,Yes,Fiber optic,No,Yes,No,No,No,No,Month-to-month,Yes,Electronic check,78.74,3633.57,1
4678-BKUBT,Female,0,No,No,2,No,No phone service,DSL,No,No,No,No,No,No,One year,No,Electronic check,50.38,87.5,0
1282-ISBPT,Male,0,Yes,Yes,34,No,No phone service,Fiber optic,Yes,No,No,No,No,Yes,Month-to-month,No,Mailed check,102.25,3485.29,1
5558-ITUDX,Female,1,No,No,9,Yes,No,No,No internet service,No internet service,No internet service,No internet service,No internet service,No internet service,Two year,No,Electronic check,18.32,164.13,0
5308-MOTBT,Male,0,No,No,64,Yes,No,Fiber optic,No,Yes,No,No,Yes,Yes,One year,Yes,Credit card (automatic),101.12,6470.45,1
5865-RYXIT,Male,0,No,No,7,No,No phone service,Fiber optic,No,No,No,No,No,No,Month-to-month,Yes,Mailed check,77.58,543.07,1
4537-ACWQK,Female,0,Yes,No,43,Yes,No,DSL,No,Yes,No,No,No,Yes,Month-to-month,No,Bank transfer (automatic),64.43,2793.58,1
7890-XYHUL,Male,1,No,Yes,16,Yes,No,Fiber optic,No,No,Yes,No,Yes,No,Month-to-month,No,Electronic check,93.01,1475.12,1
3581-KMOYT,Female,0,No,No,2,No,No phone service,DSL,Yes,No,No,No,No,Yes,Month-to-month,No,Electronic check,70.44,163.03,1
2368-YQLST,Male,0,Yes,No,66,Yes,No,DSL,No,No,Yes,No,No,No,Month-to-month,Yes,Credit card (automatic),52.17,3437.52,0
9516-KJQVM,Female,0,Yes,Yes,71,Yes,No,Fiber optic,Yes,Yes,No,No,No,No,One year,No,Electronic check,91.39,6466.63,0
7584-PTTQE,Male,0,Yes,No,12,Yes,No,Fiber optic,No,No,No,Yes,Yes,No,Month-to-month,Yes,Credit card (automatic),95.99,1135.8,1
1597-IVXDI,Female,1,No,No,21,Yes,No,DSL,No,Yes,No,No,No,No,Month-to-month,No,Bank transfer (automatic),52.4,1083.59,1
5351-PGNNG,Female,1,Yes,No,64,Yes,Yes,Fiber optic,No,Yes,No,Yes,No,No,Month-to-month,Yes,Credit card (automatic),94.8,6059.01,1
8947-XPRFG,Female,0,No,No,30,Yes,Yes,DSL,No,No,Yes,No,No,Yes,Two year,No,Bank transfer (automatic),57.99,1745.53,1
5758-SHAQZ,Female,0,No,No,56,Yes,Yes,Fiber optic,Yes,No,Yes,No,Yes,No,Two year,Yes,Mailed check,106.35,5952.2,0
1646-SVGRF,Male,0,No,Yes,64,Yes,No,Fiber optic,Yes,No,No,No,Yes,No,Month-to-month,No,Mailed check,107.68,6898.1,1
9725-UFAJW,Female,0,No,No,8,Yes,No,Fiber optic,Yes,No,Yes,No,No,Yes,Month-to-month,No,Mailed check,93.9,752.71,1
7023-HGIAZ,Male,0,No,No,56,Yes,No,Fiber optic,No,No,Yes,No,No,No,Month-to-month,Yes,Electronic check,81.34,4547.6,1
7393-YKCRF,Male,0,Yes,No,63,No,No phone service,DSL,Yes,No,No,No,No,No,Month-to-month,Yes,Bank transfer (automatic),59.46,3741.96,1
4468-KETDH,Female,0,No,No,42,Yes,No,Fiber optic,No,No,No,No,No,No,Month-to-month,No,Electronic check,75.95,3181.57,1
7266-JCMQE,Female,0,Yes,No,1,Yes,No,No,No internet service,No internet service,No internet service,No internet service,No internet service,No internet service,One year,Yes,Mailed check,21.07,21.43,1
3990-HSRAD,Female,0,No,Yes,56,Yes,No,No,No internet service,No internet service,No internet service,No internet service,No internet service,No internet service,Month-to-month,No,Bank transfer (automatic),18.54,1044.2,0
9462-RNXKZ,Female,1,No,No,9,Yes,No,Fiber optic,No,Yes,No,Yes,No,No,Month-to-month,Yes,Credit card (automatic),95.18,877.4,1
5875-IMZQO,Male,0,Yes,No,33,Yes,Yes,No,No internet service,No internet service,No internet service,No internet service,No internet service,No internet service,Month-to-month,Yes,Mailed check,28.59,947.06,1
3544-BFZGB,Female,0,No,No,66,Yes,Yes,Fiber optic,No,Yes,Yes,No,Yes,Yes,One year,No,Bank transfer (automatic),116.77,7743.05,0
8275-XMJPI,Female,0,Yes,No,52,Yes,Yes,DSL,No,No,No,No,Yes,No,Month-to-month,Yes,Bank transfer (automatic),68.02,3530.54,0
6341-HYOVG,Female,0,No,No,32,Yes,Yes,Fiber optic,Yes,No,No,Yes,No,Yes,One year,Yes,Mailed check,117.76,3793.12,0
8171-VWSDI,Female,0,No,No,3,Yes,Yes,No,No internet service,No internet service,No internet service,No internet service,No internet service,No internet service,Month-to-month,No,Electronic check,21.11,72.89,1
5066-SBGVS,Male,0,Yes,No,40,Yes,Yes,Fiber optic,No,No,No,No,No,Yes,Month-to-month,Yes,Electronic check,94.91,3788.4,1
4988-FOGFA,Male,0,No,No,60,Yes,No,DSL,No,No,No,No,No,Yes,Two year,No,Electronic check,61.14,3675.2,0
3160-NAYFR,Male,0,No,No,21,Yes,No,No,No internet service,No internet service,No internet service,No internet service,No internet service,No internet service,Two year,Yes,Bank transfer (automatic),24.37,493.8,0
1685-QBHUW,Female,0,Yes,Yes,72,Yes,No,Fiber optic,No,No,No,No,No,No,Two year,Yes,Credit card (automatic),79.19,5706.84,1
7255-WBPDB,Male,0,Yes,Yes,4,Yes,Yes,DSL,No,No,Yes,Yes,Yes,No,One year,No,Credit card (automatic),69.16,273.58,1
4243-WEQBV,Female,0,Yes,No,18,Yes,Yes,Fiber optic,No,Yes,No,Yes,Yes,No,Month-to-month,No,Bank transfer (automatic),105.76,1912.18,1
8044-NTGOR,Male,0,Yes,Yes,62,Yes,No,DSL,Yes,No,No,Yes,Yes,No,Two year,Yes,Mailed check,84.08,5208.63,0
7558-MLBLF,Female,0,Yes,No,7,Yes,Yes,DSL,Yes,No,No,No,No,Yes,Month-to-month,Yes,Credit card (automatic),63.35,442.19,1
8569-XAUAO,Male,0,No,Yes,72,Yes,No,DSL,Yes,No,Yes,Yes,No,No,Month-to-month,No,Credit card (automatic),77.72,5623.5,1
5083-PVGVN,Female,0,Yes,Yes,35,Yes,No,DSL,Yes,Yes,No,No,Yes,Yes,One year,Yes,Bank transfer (automatic),90.04,3131.94,1
3837-YSXSW,Female,0,Yes,Yes,48,Yes,No,Fiber optic,No,Yes,No,Yes,No,No,Month-to-month,Yes,Bank transfer (automatic),93.32,4492.95,0
4697-MULAL,Male,0,No,No,6,No,No phone service,DSL,No,Yes,Yes,No,Yes,No,Two year,Yes,Electronic check,67.74,399.59,0
5941-DOYPO,Female,0,Yes,No,3,No,No phone service,No,No internet service,No internet service,No internet service,No internet service,No internet service,No internet service,One year,No,Mailed check,18.25,68.96,1
6946-HSORK,Male,0,Yes,No,12,No,No phone service,Fiber optic,Yes,No,No,No,Yes,No,Month-to-month,No,Mailed check,104.36,1284.54,1
5583-IAIWL,Male,0,Yes,No,2,Yes,No,Fiber optic,No,No,Yes,No,No,No,One year,No,Credit card (automatic),81.44,193.02,1
6784-BKUNB,Male,1,Yes,No,26,Yes,No,DSL,No,No,Yes,No,Yes,No,Month-to-month,No,Credit card (automatic),61.49,1603.14,1
5040-OUWUR,Female,0,No,No,3,Yes,No,No,No internet service,No internet service,No internet service,No internet service,No internet service,No internet service,One year,Yes,Mailed check,18.25,40.36,0
3230-NULJN,Male,1,Yes,No,1,Yes,No,Fiber optic,No,No,No,No,Yes,No,Month-to-month,No,Mailed check,102.54,102.54,1
8146-VOEBV,Female,0,No,No,2,No,No phone service,Fiber optic,Yes,Yes,Yes,No,No,No,Month-to-month,No,Electronic check,89.83,180.47,1
3320-FLBDG,Female,0,Yes,No,66,Yes,No,DSL,No,No,No,No,No,Yes,Month-to-month,No,Credit card (automatic),60.82,4015.36,1
5878-PAANK,Male,0,No,No,8,Yes,No,DSL,No,No,Yes,No,No,No,Two year,Yes,Electronic check,42.75,353.01,1
1521-LKFWL,Male,0,No,No,50,Yes,No,No,No internet service,No internet service,No internet service,No internet service,No internet service,No internet service,Two year,Yes,Credit card (automatic),18.25,925.38,0
1522-ULJHT,Female,1,Yes,No,64,Yes,No,Fiber optic,No,No,No,Yes,No,Yes,Two year,Yes,Bank transfer (automatic),93.29,5984.03,1
6345-SGNDA,Female,0,No,No,25,Yes,No,No,No internet service,No internet service,No internet service,No internet service,No internet service,No internet service,Month-to-month,Yes,Electronic check,18.54,458.14,1
8635-HEHHU,Male,0,No,No,1,Yes,No,No,No internet service,No internet service,No internet service,No internet service,No internet service,No internet service,One year,No,Mailed check,18.25,33.07,0
8870-XGSDW,Female,0,Yes,No,11,Yes,Yes,DSL,No,No,Yes,No,Yes,Yes,One year,Yes,Electronic check,75.35,813.51,1
8866-TFLRL,Female,0,No,No,5,Yes,Yes,No,No internet service,No internet service,No internet service,No internet service,No internet service,No internet service,Two year,No,Bank transfer (automatic),18.25,112.01,0
8383-RCJGC,Female,0,Yes,No,2,No,No phone service,No,No internet service,No internet service,No internet service,No internet service,No internet service,No internet service,Two year,Yes,Credit card (automatic),18.25,37.32,0
1780-SMDJF,Male,0,No,No,16,Yes,Yes,No,No internet service,No internet service,No internet service,No internet service,No internet service,No internet service,Month-to-month,No,Bank transfer (automatic),18.25,302.7,0
9361-AFHOH,Male,0,Yes,Yes,11,Yes,No,Fiber optic,No,Yes,No,No,Yes,Yes,One year,Yes,Electronic check,100.85,1148.01,1
9400-VFSNB,Male,0,No,Yes,11,No,No phone service,DSL,Yes,No,No,No,No,Yes,Two year,No,Mailed check,70.55,760.58,0
6607-GHJMV,Female,0,No,No,70,Yes,No,DSL,Yes,No,Yes,No,Yes,No,Two year,No,Credit card (automatic),69.43,4860.37,0
6978-UTAIJ,Male,0,No,No,10,Yes,No,DSL,No,No,No,No,No,Yes,One year,No,Credit card (automatic),65.2,664.91,1
1651-TBTKE,Male,1,No,No,18,No,No phone service,No,No internet service,No internet service,No internet service,No internet service,No internet service,No internet service,Month-to-month,No,Bank transfer (automatic),18.25,316.17,1
8301-RGCPO,Female,0,Yes,No,8,Yes,No,No,No internet service,No internet service,No internet service,No internet service,No internet service,No internet service,Two year,No,Mailed check,25.03,190.98,0
3196-HTECE,Male,1,No,No,9,Yes,Yes,Fiber optic,No,No,Yes,No,Yes,Yes,Month-to-month,Yes,Credit card (automatic),113.72,1011.68,1
7950-IPNRG,Male,1,No,No,12,Yes,No,Fiber optic,No,Yes,No,No,No,Yes,Month-to-month,Yes,Credit card (automatic),84.66,1007.76,1
1369-OZHCK,Male,0,Yes,Yes,71,No,No phone service,Fiber optic,No,Yes,Yes,No,No,No,Month-to-month,Yes,Credit card (automatic),77.51,5521.51,1
7448-TZROJ,Female,0,No,Yes,71,Yes,No,Fiber optic,Yes,Yes,No,No,Yes,No,Two year,Yes,Credit card (automatic),103.4,7333.95,0
5214-YCOYW,Female,0,Yes,Yes,21,Yes,Yes,Fiber optic,No,No,No,Yes,No,No,Two year,Yes,Bank transfer (automatic),86.0,1815.76,1
1377-FKKSW,Male,0,No,No,71,No,No phone service,DSL,No,No,No,Yes,No,No,One year,No,Mailed check,54.75,3866.21,0
8257-CMVHU,Female,1,Yes,No,72,Yes,No,Fiber optic,No,No,No,Yes,Yes,No,Month-to-month,Yes,Mailed check,102.17,7371.42,1
3216-KKMCF,Male,0,Yes,No,66,Yes,No,DSL,No,No,No,Yes,Yes,Yes,Two year,No,Bank transfer (automatic),83.26,5497.86,0
9416-XJSLN,Male,0,No,Yes,67,Yes,No,DSL,No,No,No,Yes,Yes,No,One year,No,Mailed check,71.02,4760.32,0
2613-KUYZJ,Male,0,No,No,6,Yes,Yes,Fiber optic,No,No,No,No,Yes,No,Two year,Yes,Credit card (automatic),89.74,555.52,1
2827-CMRMX,Male,0,No,Yes,69,Yes,No,Fiber optic,No,No,No,No,Yes,No,One year,No,Electronic check,94.15,6498.83,1
4632-NNGLY,Female,0,Yes,No,21,Yes,No,Fiber optic,No,Yes,No,Yes,No,No,Month-to-month,Yes,Bank transfer (automatic),87.09,1837.96,1
1962-DPSJP,Male,0,Yes,No,31,Yes,Yes,Fiber optic,No,No,Yes,No,No,Yes,Two year,Yes,Electronic check,87.39,2729.36,1
3993-EPAEM,Female,1,No,No,12,Yes,No,DSL,No,No,No,No,No,No,Month-to-month,Yes,Mailed check,46.7,564.15,1
9701-MCQSE,Female,0,Yes,Yes,67,Yes,No,No,No internet service,No internet service,No internet service,No internet service,No internet service,No internet service,Two year,Yes,Electronic check,20.52,1384.96,0
9704-EOJLX,Male,0,Yes,No,1,Yes,Yes,Fiber optic,No,Yes,Yes,Yes,Yes,No,Two year,No,Mailed check,110.12,117.38,1
8922-KAWUC,Male,1,No,Yes,47,Yes,No,No,No internet service,No internet service,No internet service,No internet service,No internet service,No internet service,Month-to-month,Yes,Mailed check,18.25,869.35,1
1359-DSXTC,Male,0,Yes,Yes,3,Yes,Yes,No,No internet service,No internet service,No internet service,No internet service,No internet service,No internet service,Month-to-month,No,Electronic check,22.55,75.04,1
4839-RCGVZ,Male,0,Yes,Yes,61,Yes,No,DSL,No,Yes,Yes,Yes,Yes,Yes,Month-to-month,Yes,Electronic check,86.39,5252.66,0
9198-UXASR,Female,0,No,No,31,Yes,No,No,No internet service,No internet service,No internet service,No internet service,No internet service,No internet service,Month-to-month,No,Electronic check,22.71,726.98,1
2246-BLQUU,Female,0,Yes,Yes,23,Yes,No,No,No internet service,No internet service,No internet service,No internet service,No internet service,No internet service,One year,Yes,Mailed check,18.25,405.07,0
7835-CLYLF,Female,0,Yes,No,42,Yes,Yes,DSL,No,No,Yes,No,Yes,No,Month-to-month,Yes,Bank transfer (automatic),65.92,2759.69,0
6087-JVZFN,Female,0,Yes,Yes,19,Yes,Yes,DSL,Yes,No,No,No,No,No,Two year,No,Electronic check,61.4,1164.74,1
4694-BKOZZ,Male,0,Yes,No,28,Yes,No,No,No internet service,No internet service,No internet service,No internet service,No internet service,No internet service,Month-to-month,No,Mailed check,22.62,641.09,0
2573-HVMSJ,Male,0,No,No,1,Yes,Yes,DSL,No,Yes,No,No,Yes,Yes,One year,Yes,Mailed check,72.95,92.95,1
7281-IRGCL,Female,0,No,No,22,Yes,No,No,No internet service,No internet service,No internet service,No internet service,No internet service,No internet service,One year,No,Credit card (automatic),20.89,465.71,0
8177-OVUMF,Female,0,No,No,63,No,No phone service,DSL,No,No,No,Yes,Yes,No,Month-to-month,No,Bank transfer (automatic),65.9,4138.91,0
3567-HNCPR,Female,1,No,Yes,70,Yes,No,Fiber optic,No,No,No,No,No,No,One year,No,Credit card (automatic),70.33,4932.44,0
4423-XQRJQ,Male,0,Yes,No,25,Yes,No,Fiber optic,Yes,No,No,No,Yes,Yes,Month-to-month,Yes,Electronic check,110.49,2763.53,1
3037-PUXBT,Male,0,Yes,No,48,Yes,Yes,No,No internet service,No internet service,No internet service,No internet service,No internet service,No internet service,Month-to-month,No,Electronic check,19.68,951.31,1
1772-DKGQY,Female,0,Yes,Yes,63,Yes,No,Fiber optic,Yes,No,Yes,No,Yes,No,Month-to-month,Yes,Credit card (automatic),91.52,5745.65,1
6380-SFJUD,Male,0,No,Yes,6,No,No phone service,DSL,No,Yes,Yes,No,Yes,No,Month-to-month,Yes,Bank transfer (automatic),58.94,349.19,1
9605-YYAGZ,Female,0,No,No,4,Yes,Yes,Fiber optic,No,No,Yes,No,Yes,No,Month-to-month,Yes,Mailed check,89.35,368.08,1
4562-YUPQX,Female,0,No,Yes,46,Yes,No,Fiber optic,No,No,Yes,No,Yes,No,Two year,Yes,Mailed check,84.53,3885.56,1
1562-EVWJG,Male,0,No,No,40,No,No phone service,Fiber optic,No,No,No,No,No,No,Month-to-month,No,Bank transfer (automatic),80.08,3198.05,1
3546-MGOQW,Male,0,Yes,Yes,21,Yes,Yes,Fiber optic,No,Yes,No,No,Yes,Yes,Month-to-month,Yes,Credit card (automatic),101.31,2111.48,1
6510-CEJEX,Female,1,No,No,52,Yes,No,DSL,No,Yes,No,Yes,No,Yes,Month-to-month,Yes,Mailed check,74.4,3847.82,1
6330-GGVWN,Male,0,Yes,No,61,Yes,No,Fiber optic,Yes,Yes,No,No,No,No,Two year,Yes,Electronic check,90.25,5488.93,0
7497-WOEED,Male,0,No,No,11,Yes,Yes,DSL,Yes,No,No,No,Yes,No,Month-to-month,Yes,Credit card (automatic),74.93,817.82,1
5531-TUZIL,Male,0,No,Yes,18,No,No phone service,No,No internet service,No internet service,No internet service,No internet service,No internet service,No internet service,Month-to-month,Yes,Mailed check,25.88,476.19,0
2674-PVHIL,Male,0,Yes,Yes,38,Yes,No,DSL,No,No,No,Yes,Yes,No,Two year,No,Credit card (automatic),61.8,2375.26,0
1365-TGUDW,Male,0,No,No,4,Yes,No,Fiber optic,No,Yes,No,No,No,No,One year,No,Bank transfer (automatic),81.34,331.91,1
7705-CAGIB,Male,0,No,No,64,Yes,No,No,No internet service,No internet service,No internet service,No internet service,No internet service,No internet service,One year,Yes,Electronic check,18.83,1220.79,0
7339-GJBMC,Female,0,Yes,Yes,56,Yes,No,No,No internet service,No internet service,No internet service,No internet service,No internet service,No internet service,Two year,Yes,Electronic check,18.99,1054.17,0
5327-MJLZC,Female,0,Yes,No,4,Yes,Yes,Fiber optic,Yes,No,No,No,No,Yes,Month-to-month,No,Mailed check,102.41,401.18,1
1147-TFCYB,Female,1,Yes,Yes,3,Yes,No,Fiber optic,No,Yes,No,No,No,No,Month-to-month,No,Electronic check,85.03,249.69,1
2668-WVNOR,Female,1,Yes,No,11,Yes,Yes,Fiber optic,No,No,No,No,No,Yes,Two year,No,Credit card (automatic),101.32,1126.49,1
4088-SVJTQ,Male,1,No,No,50,Yes,Yes,No,No internet service,No internet service,No internet service,No internet service,No internet service,No internet service,One year,No,Electronic check,22.09,1097.96,0
8715-QSXDK,Female,0,Yes,Yes,38,Yes,No,DSL,No,No,No,Yes,No,No,One year,No,Credit card (automatic),60.85,2316.62,0
1407-QXJVQ,Male,0,Yes,No,17,Yes,Yes,DSL,No,No,No,Yes,No,No,Month-to-month,Yes,Mailed check,55.9,959.4,1
9620-LJJFQ,Female,0,No,No,6,Yes,No,Fiber optic,No,No,No,No,Yes,Yes,Month-to-month,No,Mailed check,105.1,627.89,1
4456-ZZSBD,Female,0,No,No,61,Yes,No,Fiber optic,No,Yes,No,Yes,No,No,Month-to-month,Yes,Credit card (automatic),88.49,5372.86,1
7186-RUDFN,Male,0,Yes,Yes,38,Yes,No,DSL,Yes,Yes,No,No,Yes,Yes,One year,No,Mailed check,94.82,3604.11,0
5182-GLBRX,Male,0,Yes,Yes,67,Yes,No,Fiber optic,Yes,Yes,No,No,No,Yes,One year,Yes,Mailed check,101.83,6815.4,0
4576-MMYEG,Female,0,Yes,No,1,Yes,No,DSL,No,No,No,No,No,Yes,Two year,Yes,Electronic check,65.92,65.92,0
4271-LYNAX,Male,0,No,No,46,Yes,No,DSL,Yes,No,No,No,No,Yes,One year,Yes,Bank transfer (automatic),71.52,3306.01,0
5940-JZYIJ,Male,0,No,No,63,Yes,No,No,No internet service,No internet service,No internet service,No internet service,No internet service,No internet service,Month-to-month,No,Mailed check,18.25,1159.91,1
2031-GPLLZ,Male,0,Yes,No,70,Yes,Yes,Fiber optic,No,No,No,No,Yes,No,Two year,Yes,Mailed check,100.83,7069.45,0
7421-SMURZ,Male,1,Yes,Yes,3,Yes,No,DSL,No,No,Yes,Yes,No,Yes,Two year,Yes,Electronic check,78.85,214.45,0
9379-CZGAC,Female,1,Yes,Yes,6,Yes,Yes,No,No internet service,No internet service,No internet service,No internet service,No internet service,No internet service,Month-to-month,Yes,Electronic check,18.25,110.64,1
9826-UNDSV,Male,0,Yes,No,17,No,No phone service,DSL,No,No,Yes,Yes,Yes,Yes,Month-to-month,Yes,Electronic check,95.25,1604.76,1
1855-FTIKV,Female,1,Yes,No,36,Yes,Yes,DSL,No,No,No,No,No,No,One year,Yes,Credit card (automatic),45.66,1656.87,1
4926-OIKZJ,Female,0,No,No,10,Yes,No,No,No internet service,No internet service,No internet service,No internet service,No internet service,No internet service,Two year,Yes,Bank transfer (automatic),23.14,242.11,0
1078-BVNDB,Female,0,Yes,No,68,Yes,Yes,DSL,No,Yes,No,No,No,No,One year,Yes,Mailed check,53.54,3630.81,0
3247-ENOSF,Female,1,No,No,3,Yes,No,No,No internet service,No internet service,No internet service,No internet service,No internet service,No internet service,Two year,Yes,Electronic check,21.21,55.09,1
8251-ONHTL,Female,0,No,No,66,Yes,No,Fiber optic,No,No,No,No,No,No,Month-to-month,No,Electronic check,82.39,5439.65,1
9952-DUFKW,Female,1,Yes,Yes,13,Yes,No,Fiber optic,Yes,Yes,Yes,Yes,No,No,Month-to-month,Yes,Electronic check,93.04,1228.67,0
9608-VGYDZ,Female,0,No,No,37,Yes,No,Fiber optic,No,No,No,Yes,No,No,One year,Yes,Mailed check,91.84,3398.41,1
8567-OAIWT,Male,0,Yes,No,67,Yes,Yes,Fiber optic,Yes,No,No,Yes,No,Yes,Month-to-month,Yes,Electronic check,114.03,7627.07,1
7742-ZHLGR,Female,0,Yes,Yes,5,Yes,Yes,No,No internet service,No internet service,No internet service,No internet service,No internet service,No internet service,Month-to-month,No,Credit card (automatic),23.98,129.68,1
1788-AIGNZ,Male,0,Yes,No,21,Yes,Yes,DSL,No,No,Yes,Yes,Yes,No,Month-to-month,No,Mailed check,73.84,1563.34,1
3279-AMTOE,Male,0,Yes,No,63,Yes,No,No,No internet service,No internet service,No internet service,No internet service,No internet service,No internet service,Two year,Yes,Credit card (automatic),18.25,1158.65,0
5095-ENNNE,Female,0,Yes,No,24,Yes,Yes,No,No internet service,No internet service,No internet service,No internet service,No internet service,No internet service,Two year,No,Electronic check,22.46,535.45,0
4897-KSEDO,Female,0,No,No,37,Yes,No,Fiber optic,No,No,No,No,Yes,Yes,Month-to-month,Yes,Electronic check,106.6,3937.96,1
7664-UGEON,Female,0,No,No,61,Yes,Yes,DSL,Yes,No,No,Yes,Yes,No,Two year,No,Credit card (automatic),76.74,4681.59,0
9122-XXCEL,Male,0,No,Yes,63,No,No phone service,DSL,No,No,No,No,Yes,No,Month-to-month,Yes,Bank transfer (automatic),65.64,4159.79,1
9500-TNEXD,Male,0,No,No,9,No,No phone service,Fiber optic,Yes,No,No,No,Yes,Yes,Two year,No,Bank transfer (automatic),115.73,1029.32,1
4631-UPGCV,Male,0,No,No,71,Yes,Yes,DSL,No,No,No,No,No,Yes,Month-to-month,Yes,Mailed check,57.7,4095.85,0
8329-YDTVF,Female,0,No,No,37,Yes,No,DSL,No,Yes,No,No,No,Yes,Month-to-month,Yes,Mailed check,56.79,2129.56,1
7272-CACXH,Male,0,Yes,Yes,63,Yes,No,Fiber optic,No,Yes,Yes,No,No,No,Month-to-month,Yes,Electronic check,85.96,5424.92,1
1424-PVGRI,Female,0,No,No,52,Yes,No,Fiber optic,No,No,No,Yes,Yes,No,Month-to-month,Yes,Electronic check,108.87,5665.34,1
1392-CRPUA,Male,0,Yes,No,3,Yes,No,No,No internet service,No internet service,No internet service,No internet service,No internet service,No internet service,Month-to-month,Yes,Electronic check,20.84,56.44,1
8308-UZTPL,Female,1,No,Yes,6,Yes,No,Fiber optic,No,No,No,No,Yes,Yes,Two year,Yes,Mailed check,105.68,624.56,0
1016-FUIUM,Female,0,Yes,No,7,Yes,Yes,DSL,No,No,Yes,No,Yes,No,Two year,No,Electronic check,60.79,428.25,1
8317-XLMRS,Female,0,Yes,Yes,4,Yes,Yes,DSL,No,Yes,No,No,Yes,Yes,Month-to-month,Yes,Bank transfer (automatic),75.7,310.8,1
5200-SSFPG,Male,0,Yes,No,50,Yes,No,Fiber optic,Yes,No,Yes,No,No,Yes,Month-to-month,Yes,Bank transfer (automatic),101.57,5078.06,1
3672-GWSPQ,Male,0,No,No,69,Yes,No,Fiber optic,Yes,No,No,No,Yes,No,Month-to-month,Yes,Bank transfer (automatic),100.46,6916.43,0
3444-VSPPS,Male,0,No,Yes,50,Yes,No,Fiber optic,Yes,No,No,No,Yes,Yes,Month-to-month,Yes,Credit card (automatic),118.75,5939.56,0
8007-OCOYP,Male,0,No,No,1,No,No phone service,DSL,No,Yes,Yes,No,No,Yes,Month-to-month,Yes,Bank transfer (automatic),64.06,66.44,1
7627-TESJM,Male,0,Yes,No,61,Yes,Yes,No,No internet service,No internet service,No internet service,No internet service,No internet service,No internet service,Two year,No,Mailed check,18.25,1148.22,0
4493-OLQOD,Female,0,No,No,31,Yes,Yes,DSL,Yes,Yes,No,Yes,No,No,Two year,Yes,Mailed check,63.18,1960.12,0
7044-OQKWW,Female,0,Yes,No,12,Yes,No,DSL,No,No,No,Yes,Yes,Yes,Two year,No,Electronic check,80.3,988.3,1
2459-OTUZG,Female,0,No,No,10,Yes,No,Fiber optic,No,No,No,No,Yes,No,Month-to-month,Yes,Mailed check,89.54,905.6,1
8071-MVMTT,Female,0,No,No,8,Yes,No,Fiber optic,Yes,No,Yes,No,No,No,Two year,No,Bank transfer (automatic),81.94,661.33,1
8139-BJRTE,Male,0,Yes,No,1,Yes,No,Fiber optic,No,Yes,Yes,No,Yes,No,One year,No,Electronic check,97.1,104.81,1
7622-TSBDP,Male,0,Yes,Yes,64,Yes,No,DSL,No,No,Yes,Yes,No,Yes,Month-to-month,Yes,Credit card (automatic),63.2,4030.96,1
7509-UPQOM,Female,1,Yes,No,61,Yes,Yes,DSL,No,No,Yes,No,No,No,Month-to-month,No,Mailed check,49.6,3039.49,0
4835-AVETA,Female,0,No,Yes,45,Yes,No,DSL,Yes,No,Yes,Yes,No,No,Two year,Yes,Mailed check,67.04,3008.57,0
9376-LWODS,Male,1,No,No,72,No,No phone service,Fiber optic,No,No,No,No,No,Yes,Two year,Yes,Electronic check,88.94,6389.19,1
6683-PWRZQ,Male,0,Yes,No,27,Yes,No,Fiber optic,No,Yes,No,Yes,Yes,No,Two year,Yes,Electronic check,103.95,2795.4,1
9324-KTMXV,Female,0,Yes,No,3,Yes,No,Fiber optic,No,Yes,Yes,No,No,Yes,Two year,No,Credit card (automatic),101.73,301.41,1
6827-IQQEV,Female,1,Yes,Yes,6,Yes,No,No,No internet service,No internet service,No internet service,No internet service,No internet service,No internet service,Two year,No,Mailed check,18.25,83.4,0
9769-HCFCH,Male,0,Yes,No,31,Yes,Yes,DSL,No,No,No,No,No,No,Month-to-month,No,Credit card (automatic),39.08,1237.54,1
5724-LDBYJ,Male,0,No,No,11,Yes,Yes,Fiber optic,No,Yes,No,No,Yes,No,One year,Yes,Bank transfer (automatic),96.04,1057.2,1
8592-OMXOV,Male,0,No,Yes,22,Yes,No,DSL,No,Yes,Yes,Yes,Yes,Yes,Month-to-month,No,Credit card (automatic),83.49,1808.95,1
6887-SRMTT,Female,0,Yes,No,60,Yes,Yes,Fiber optic,Yes,No,No,No,No,Yes,Two year,No,Bank transfer (automatic),99.86,5971.07,0
3355-AYPZH,Female,0,Yes,No,1,No,No phone service,Fiber optic,No,No,No,No,Yes,Yes,Two year,Yes,Bank transfer (automatic),102.39,102.39,1
7036-WFCTP,Male,1,No,No,5,Yes,Yes,Fiber optic,Yes,No,Yes,Yes,No,Yes,Two year,Yes,Credit card (automatic),113.49,559.87,0
5798-BWBOJ,Female,0,Yes,No,14,Yes,Yes,DSL,No,Yes,No,No,Yes,Yes,Month-to-month,Yes,Bank transfer (automatic),68.02,949.39,1
3442-AVTOX,Female,0,No,No,9,Yes,No,Fiber optic,No,No,Yes,No,No,Yes,Month-to-month,Yes,Electronic check,92.3,840.9,1
7633-AYVPR,Male,0,No,No,42,Yes,Yes,No,No internet service,No internet service,No internet service,No internet service,No internet service,No internet service,Month-to-month,Yes,Bank transfer (automatic),29.27,1265.2,0
5592-XEUEW,Female,0,Yes,No,26,Yes,No,No,No internet service,No internet service,No internet service,No internet service,No internet service,No internet service,Month-to-month,No,Electronic check,18.25,469.59,1
8609-WJWLJ,Female,1,Yes,No,24,Yes,No,DSL,No,No,Yes,Yes,No,No,Two year,No,Mailed check,56.41,1317.14,0
1464-BXAPR,Female,0,No,No,4,Yes,No,Fiber optic,Yes,No,Yes,No,No,Yes,Month-to-month,Yes,Credit card (automatic),105.37,434.26,1
1163-GDJJY,Male,0,No,Yes,71,Yes,No,DSL,No,Yes,No,Yes,Yes,No,Month-to-month,Yes,Credit card (automatic),66.93,4768.61,0
9326-KYCNM,Male,0,Yes,No,35,Yes,No,Fiber optic,No,Yes,No,No,Yes,Yes,Two year,No,Mailed check,105.45,3703.19,0
9485-SYJOH,Female,0,Yes,Yes,1,Yes,Yes,Fiber optic,No,No,No,No,No,No,Two year,Yes,Credit card (automatic),80.48,80.48,1
7933-QFGNH,Female,1,Yes,No,65,Yes,No,DSL,No,Yes,Yes,Yes,No,Yes,One year,No,Mailed check,76.07,4950.73,0
9795-LRNAD,Female,0,Yes,Yes,56,Yes,Yes,Fiber optic,Yes,Yes,Yes,No,No,No,Month-to-month,No,Electronic check,88.11,4946.94,1
1241-QRSDF,Female,0,Yes,No,56,Yes,Yes,No,No internet service,No internet service,No internet service,No internet service,No internet service,No internet service,One year,Yes,Electronic check,19.55,1087.72,0
3009-HYOTA,Male,0,No,No,31,Yes,Yes,DSL,No,No,No,No,Yes,No,Month-to-month,Yes,Electronic check,56.52,1781.05,1
7356-EPUYF,Female,0,No,Yes,32,Yes,Yes,Fiber optic,No,No,No,No,No,Yes,Month-to-month,Yes,Bank transfer (automatic),88.45,2800.77,1
4084-UJJEH,Female,0,No,No,23,Yes,No,DSL,No,Yes,No,No,No,No,Two year,No,Mailed check,57.1,1321.37,1
7208-AEAGO,Female,0,Yes,No,61,Yes,Yes,No,No internet service,No internet service,No internet service,No internet service,No internet service,No internet service,Month-to-month,Yes,Electronic check,18.25,1130.39,0
1900-WZXNW,Female,0,Yes,Yes,65,Yes,Yes,DSL,No,No,No,No,No,Yes,One year,Yes,Mailed check,65.13,4245.79,0
6542-IHHCZ,Male,0,No,No,6,No,No phone service,DSL,No,No,Yes,Yes,No,No,One year,Yes,Credit card (automatic),61.12,372.96,1
9444-TDQFB,Female,1,No,No,62,Yes,Yes,DSL,No,Yes,No,No,No,No,Month-to-month,Yes,Electronic check,50.74,3143.93,1
8652-INAQK,Male,0,No,No,9,Yes,No,No,No internet service,No internet service,No internet service,No internet service,No internet service,No internet service,Month-to-month,Yes,Bank transfer (automatic),23.19,212.9,1
5837-ZFASP,Male,0,No,No,62,Yes,No,Fiber optic,No,No,No,No,Yes,Yes,Month-to-month,Yes,Electronic check,96.97,5997.5,1
3293-ZRKIU,Female,0,Yes,Yes,14,Yes,No,Fiber optic,No,No,Yes,No,No,Yes,Two year,No,Credit card (automatic),90.87,1247.73,0
7410-FBHVP,Male,0,No,No,51,No,No phone service,DSL,No,No,No,No,No,No,Month-to-month,Yes,Mailed check,48.45,2472.66,1
5481-HHNAG,Male,0,No,Yes,59,Yes,No,DSL,Yes,Yes,No,No,No,Yes,Two year,No,Electronic check,66.56,3945.11,0
6302-BOXRD,Male,0,Yes,No,61,Yes,Yes,Fiber optic,No,No,No,No,Yes,No,Month-to-month,Yes,Credit card (automatic),85.98,5234.82,1
5605-RWEPM,Female,0,No,Yes,65,Yes,Yes,DSL,No,Yes,No,No,Yes,No,One year,Yes,Electronic check,63.99,4147.37,0
4716-IEHRC,Male,1,No,No,30,Yes,No,No,No internet service,No internet service,No internet service,No internet service,No internet service,No internet service,One year,Yes,Mailed check,21.77,638.05,0
9114-FKWNZ,Male,0,No,No,1,Yes,Yes,Fiber optic,No,No,No,No,No,No,Month-to-month,Yes,Electronic check,86.7,86.7,1
7140-XSGXJ,Female,0,No,Yes,11,Yes,No,DSL,No,Yes,Yes,Yes,No,No,Two year,Yes,Credit card (automatic),53.52,594.68,1
2764-OFTFP,Male,0,Yes,Yes,68,Yes,Yes,DSL,Yes,No,No,No,Yes,No,Month-to-month,Yes,Mailed check,71.65,4846.06,1
2549-ISREP,Female,1,No,No,3,Yes,Yes,DSL,No,No,Yes,No,Yes,No,Two year,Yes,Electronic check,62.99,198.8,1
4029-GSETK,Female,0,No,No,9,Yes,No,DSL,No,No,Yes,No,No,Yes,One year,No,Credit card (automatic),73.04,660.2,1
8391-WRGRC,Female,0,No,No,67,No,No phone service,DSL,No,No,Yes,No,No,No,Two year,Yes,Credit card (automatic),41.86,2840.98,0
7298-EWMPV,Female,0,Yes,No,58,Yes,No,Fiber optic,No,Yes,Yes,No,No,No,Two year,Yes,Electronic check,82.23,4738.21,0
3044-LGVMA,Female,0,No,No,9,Yes,No,No,No internet service,No internet service,No internet service,No internet service,No internet service,No internet service,Month-to-month,Yes,Bank transfer (automatic),22.89,207.67,1
1767-OULQW,Male,1,No,No,28,No,No phone service,DSL,No,No,Yes,No,No,No,One year,Yes,Mailed check,53.54,1509.15,0
6693-TEQXO,Female,0,No,No,11,Yes,Yes,No,No internet service,No internet service,No internet service,No internet service,No internet service,No internet service,One year,Yes,Credit card (automatic),22.99,255.89,0
2508-TSADC,Male,0,Yes,No,43,Yes,No,Fiber optic,No,No,No,No,No,Yes,One year,Yes,Mailed check,92.15,3973.84,1
4302-HILEI,Male,0,No,No,63,Yes,No,No,No internet service,No internet service,No internet service,No internet service,No internet service,No internet service,Month-to-month,No,Electronic check,18.25,1138.6,0
5517-AWKGV,Female,0,No,Yes,66,Yes,No,Fiber optic,No,No,No,No,No,Yes,Two year,Yes,Credit card (automatic),93.6,6166.44,0
5219-TYNCK,Male,0,No,Yes,1,Yes,No,DSL,Yes,Yes,Yes,No,Yes,Yes,Month-to-month,Yes,Mailed check,84.82,84.82,1
9126-QRSRF,Male,0,Yes,Yes,2,Yes,No,No,No internet service,No internet service,No internet service,No internet service,No internet service,No internet service,Month-to-month,Yes,Bank transfer (automatic),18.25,38.9,1
7418-OGEEG,Female,0,Yes,No,4,No,No phone service,DSL,No,No,Yes,No,No,No,One year,No,Electronic check,53.81,238.02,1
4292-VLHYR,Female,1,No,No,9,Yes,No,DSL,Yes,No,No,Yes,No,Yes,Month-to-month,Yes,Credit card (automatic),86.68,788.93,1
1819-RQWKO,Female,0,Yes,Yes,20,Yes,No,No,No internet service,No internet service,No internet service,No internet service,No internet service,No internet service,Month-to-month,Yes,Credit card (automatic),18.25,372.95,1
2403-TYFLW,Male,0,No,No,4,Yes,Yes,DSL,No,No,Yes,No,No,Yes,Two year,Yes,Electronic check,58.01,223.13,0
2382-GHDCC,Male,1,Yes,No,32,Yes,Yes,Fiber optic,No,Yes,No,No,No,Yes,One year,No,Electronic check,88.27,2848.49,1
3148-JXOMS,Male,0,No,Yes,9,No,No phone service,No,No internet service,No internet service,No internet service,No internet service,No internet service,No internet service,Month-to-month,Yes,Electronic check,19.89,168.0,1
6671-HREUG,Male,0,No,No,5,Yes,No,Fiber optic,No,No,No,No,No,Yes,Two year,No,Mailed check,102.43,486.47,0
2638-EYSYQ,Female,0,Yes,Yes,3,Yes,No,Fiber optic,Yes,Yes,Yes,No,Yes,No,Month-to-month,No,Electronic check,98.29,304.67,1
6891-SDVZX,Male,0,Yes,No,8,No,No phone service,Fiber optic,No,Yes,No,No,No,No,One year,No,Electronic check,78.78,641.46,1
1608-GXVFN,Male,0,No,No,69,No,No phone service,Fiber optic,No,Yes,Yes,Yes,No,Yes,Two year,No,Bank transfer (automatic),99.54,6867.34,0
1399-VSZTK,Female,1,Yes,No,7,Yes,No,No,No internet service,No internet service,No internet service,No internet service,No internet service,No internet service,One year,Yes,Mailed check,22.43,159.5,0
7406-VGCTV,Male,0,Yes,No,61,No,No phone service,Fiber optic,Yes,No,No,No,No,No,Month-to-month,No,Bank transfer (automatic),85.83,5224.84,1
1882-QKOGO,Female,0,No,No,5,Yes,Yes,Fiber optic,No,No,No,Yes,No,Yes,One year,Yes,Bank transfer (automatic),98.97,480.42,1
4565-QKLMZ,Male,1,No,No,67,Yes,Yes,Fiber optic,Yes,No,Yes,No,No,No,One year,No,Mailed check,93.38,6263.7,1
5285-KKYZI,Female,0,Yes,No,19,Yes,Yes,Fiber optic,No,No,Yes,No,Yes,Yes,Month-to-month,Yes,Bank transfer (automatic),99.47,1906.45,1
2179-KYDBW,Male,0,Yes,No,32,Yes,Yes,No,No internet service,No internet service,No internet service,No internet service,No internet service,No internet service,Month-to-month,No,Credit card (automatic),25.57,843.0,0
6448-DNEQL,Female,1,No,Yes,21,No,No phone service,DSL,No,No,No,No,Yes,No,One year,Yes,Bank transfer (automatic),77.65,1605.52,0
5244-ZFLOW,Male,0,No,No,65,Yes,Yes,Fiber optic,No,Yes,No,No,Yes,No,Month-to-month,No,Credit card (automatic),85.32,5547.39,1
6218-SJBLL,Male,0,Yes,No,1,Yes,No,Fiber optic,No,Yes,No,No,Yes,No,Month-to-month,Yes,Credit card (automatic),93.06,101.11,1
7688-ZGARC,Female,0,No,No,11,Yes,Yes,DSL,No,No,Yes,No,Yes,No,Month-to-month,No,Mailed check,60.45,674.47,1
3130-TETOJ,Female,0,Yes,Yes,6,Yes,Yes,No,No internet service,No internet service,No internet service,No internet service,No internet service,No internet service,Month-to-month,Yes,Electronic check,18.25,94.78,0
6078-SAGZV,Female,0,No,No,7,Yes,No,No,No internet service,No internet service,No internet service,No internet service,No internet service,No internet service,Month-to-month,Yes,Bank transfer (automatic),21.4,166.37,1
1456-RBSXX,Male,0,No,No,10,Yes,No,DSL,No,No,No,Yes,No,No,Two year,Yes,Electronic check,60.25,578.8,0
8439-JOJZJ,Female,1,Yes,No,3,Yes,No,DSL,No,Yes,Yes,No,No,No,Month-to-month,Yes,Bank transfer (automatic),55.68,169.58,1
6175-LHWNB,Female,0,No,No,11,Yes,No,Fiber optic,Yes,Yes,No,No,No,No,Month-to-month,No,Mailed check,85.48,926.47,1
2950-QFHAC,Male,0,No,No,8,Yes,Yes,Fiber optic,No,No,No,No,No,Yes,One year,No,Bank transfer (automatic),88.36,694.38,1
6372-OQZYG,Female,0,No,Yes,12,Yes,No,No,No internet service,No internet service,No internet service,No internet service,No internet service,No internet service,Month-to-month,Yes,Electronic check,18.25,226.13,1
1689-NXYCZ,Female,0,Yes,No,69,Yes,Yes,DSL,No,Yes,No,No,Yes,No,Month-to-month,No,Mailed check,55.83,3848.07,1
8729-RVETV,Female,0,No,No,40,Yes,Yes,No,No internet service,No internet service,No internet service,No internet service,No internet service,No internet service,Two year,Yes,Credit card (automatic),19.38,768.06,0
9836-OFCRY,Male,0,Yes,No,69,Yes,No,Fiber optic,No,No,No,No,Yes,Yes,Month-to-month,Yes,Electronic check,107.27,7405.82,1
2953-XTVCH,Male,0,No,No,66,Yes,No,Fiber optic,No,No,Yes,Yes,Yes,Yes,Two year,No,Mailed check,112.18,7388.32,0
6636-SROWN,Male,1,No,Yes,4,Yes,No,DSL,Yes,No,No,Yes,No,No,One year,No,Bank transfer (automatic),63.38,266.86,1
8388-PCYOS,Female,0,No,No,39,Yes,Yes,No,No internet service,No internet service,No internet service,No internet service,No internet service,No internet service,Two year,No,Bank transfer (automatic),20.4,808.78,0
3710-HBYQL,Male,0,Yes,No,11,Yes,Yes,Fiber optic,Yes,Yes,Yes,No,No,No,One year,Yes,Electronic check,84.25,933.52,1
8229-SKRMN,Male,0,Yes,No,10,Yes,No,DSL,Yes,Yes,Yes,No,Yes,No,Month-to-month,No,Bank transfer (automatic),56.25,604.41,1
8267-LOWUH,Male,1,No,No,4,No,No phone service,DSL,No,Yes,No,No,No,Yes,One year,Yes,Mailed check,69.21,251.44,1
5349-BHWEB,Female,1,Yes,No,33,No,No phone service,Fiber optic,No,Yes,No,No,No,No,Month-to-month,No,Credit card (automatic),76.39,2513.88,1
5138-JWJDD,Male,0,Yes,Yes,29,Yes,Yes,DSL,No,Yes,No,No,Yes,No,One year,No,Bank transfer (automatic),58.45,1687.62,1
2884-HFYOR,Male,0,No,No,12,Yes,No,Fiber optic,Yes,No,No,No,No,No,One year,No,Mailed check,91.32,1081.33,0
8794-UVHTG,Male,0,Yes,No,12,Yes,Yes,No,No internet service,No internet service,No internet service,No internet service,No internet service,No internet service,One year,Yes,Credit card (automatic),18.25,243.49,0
5485-WTQSB,Male,0,Yes,No,48,Yes,No,Fiber optic,No,Yes,Yes,No,No,No,One year,Yes,Bank transfer (automatic),84.93,4072.07,1
3494-LSELQ,Female,0,No,Yes,3,Yes,No,DSL,No,No,No,No,Yes,No,Month-to-month,No,Mailed check,60.29,174.65,1
7985-EBDFI,Male,1,Yes,No,12,Yes,No,DSL,No,No,No,No,Yes,Yes,Two year,Yes,Electronic check,73.14,873.17,0
4036-ZVJKB,Male,0,Yes,No,19,No,No phone service,DSL,Yes,No,Yes,Yes,Yes,No,One year,No,Electronic check,77.98,1468.64,0
6777-XUYZI,Male,0,No,No,8,Yes,Yes,No,No internet service,No internet service,No internet service,No internet service,No internet service,No internet service,Month-to-month,Yes,Electronic check,18.25,135.38,1
4603-TQIYH,Female,0,No,No,64,Yes,Yes,DSL,No,No,Yes,Yes,Yes,Yes,Two year,Yes,Credit card (automatic),86.9,5573.58,0
1845-EEZFP,Female,0,No,No,18,No,No phone service,DSL,Yes,Yes,Yes,No,Yes,Yes,Month-to-month,No,Electronic check,78.56,1425.63,1
1542-AIUGK,Male,0,No,No,11,Yes,No,No,No internet service,No internet service,No internet service,No internet service,No internet service,No internet service,One year,Yes,Credit card (automatic),27.35,309.59,0
4724-OXESF,Female,0,Yes,No,7,Yes,Yes,Fiber optic,No,No,Yes,Yes,No,No,One year,Yes,Bank transfer (automatic),88.05,595.8,1
5187-WNTYN,Male,0,Yes,No,12,Yes,No,Fiber optic,Yes,No,Yes,No,No,Yes,Month-to-month,Yes,Electronic check,94.23,1137.57,1
4679-KDJBY,Female,1,No,No,60,Yes,Yes,No,No internet service,No internet service,No internet service,No internet service,No internet service,No internet service,Month-to-month,No,Credit card (automatic),22.8,1392.05,1
8807-DTJAN,Female,0,No,Yes,2,Yes,No,Fiber optic,Yes,No,Yes,No,No,Yes,Two year,Yes,Credit card (automatic),97.03,172.96,1
7075-RLSWL,Male,0,No,No,7,Yes,No,DSL,No,Yes,Yes,No,No,No,One year,Yes,Mailed check,47.51,299.34,1
7630-YEDMR,Female,0,No,No,11,Yes,No,No,No internet service,No internet service,No internet service,No internet service,No internet service,No internet service,Month-to-month,Yes,Mailed check,18.25,241.91,1
9737-LPWFG,Female,0,No,No,60,Yes,No,DSL,Yes,No,No,No,No,Yes,Month-to-month,Yes,Credit card (automatic),74.19,4437.58,1
8156-XIJEU,Male,1,No,No,69,Yes,Yes,Fiber optic,Yes,No,No,No,Yes,No,Month-to-month,Yes,Mailed check,98.64,6836.25,1
3964-DKSGM,Male,1,No,No,7,Yes,Yes,No,No internet service,No internet service,No internet service,No internet service,No internet service,No internet service,One year,No,Mailed check,18.25,135.63,0
3529-MUWRY,Female,0,No,Yes,48,Yes,No,No,No internet service,No internet service,No internet service,No internet service,No internet service,No internet service,One year,No,Credit card (automatic),18.25,896.27,1
6772-YIMME,Female,1,Yes,No,34,Yes,Yes,Fiber optic,Yes,No,No,No,Yes,No,Month-to-month,No,Electronic check,101.24,3436.52,1
2048-ZLYAR,Female,0,Yes,Yes,39,Yes,Yes,Fiber optic,No,Yes,Yes,No,No,No,Two year,Yes,Credit card (automatic),84.03,3281.39,0
2960-ZUUVX,Female,0,No,No,53,Yes,Yes,DSL,No,Yes,Yes,No,Yes,Yes,One year,Yes,Credit card (automatic),75.3,3991.58,0
3530-QJITH,Male,0,No,No,64,Yes,Yes,Fiber optic,No,No,No,Yes,No,Yes,One year,No,Electronic check,105.05,6723.02,0
9923-OMUQI,Female,1,No,Yes,15,Yes,No,DSL,No,Yes,Yes,Yes,No,No,One year,Yes,Bank transfer (automatic),62.03,927.03,0
1237-XUKDX,Male,0,No,Yes,9,Yes,Yes,Fiber optic,Yes,No,No,Yes,No,No,One year,Yes,Electronic check,92.06,848.36,1
5917-YGTWV,Male,0,No,Yes,23,Yes,No,Fiber optic,Yes,No,Yes,No,No,No,Two year,Yes,Mailed check,92.99,2161.62,0
7479-CJCAN,Male,0,No,No,16,Yes,Yes,Fiber optic,No,No,No,No,No,No,Two year,No,Bank transfer (automatic),83.34,1299.73,1
2133-MEHLF,Female,0,No,Yes,65,Yes,Yes,DSL,No,No,No,Yes,No,No,Month-to-month,Yes,Bank transfer (automatic),57.76,3759.02,1
6901-XWBXD,Female,1,Yes,No,9,Yes,Yes,Fiber optic,No,No,No,Yes,Yes,No,Month-to-month,No,Bank transfer (automatic),98.39,864.1,1
9086-EKMHU,Male,0,No,No,11,Yes,No,DSL,No,No,No,No,No,No,One year,No,Mailed check,52.36,580.05,1
5259-EFOWY,Male,0,Yes,Yes,48,No,No phone service,DSL,No,Yes,No,No,No,No,Two year,Yes,Bank transfer (automatic),49.13,2367.71,0
8710-PKGFL,Male,0,No,No,9,Yes,Yes,DSL,No,No,No,No,No,No,Month-to-month,Yes,Mailed check,54.45,488.67,1
9978-ZDNKZ,Male,0,No,No,48,Yes,Yes,No,No internet service,No internet service,No internet service,No internet service,No internet service,No internet service,Two year,Yes,Electronic check,18.25,881.55,0
8237-LBKMK,Male,0,No,Yes,53,Yes,Yes,Fiber optic,No,No,No,No,No,Yes,One year,Yes,Electronic check,92.68,4896.25,1
8355-IZUPE,Female,0,No,No,63,Yes,No,No,No internet service,No internet service,No internet service,No internet service,No internet service,No internet service,Month-to-month,Yes,Bank transfer (automatic),18.25,1144.91,1
6656-LCPSQ,Female,0,No,No,62,Yes,Yes,Fiber optic,Yes,No,No,No,Yes,Yes,Month-to-month,Yes,Mailed check,109.82,6816.17,1
8545-KUSRI,Female,0,Yes,No,72,Yes,No,DSL,No,No,No,No,No,Yes,Month-to-month,Yes,Mailed check,69.45,4991.84,0
8856-MZFCW,Female,0,No,Yes,28,Yes,No,DSL,No,No,Yes,No,Yes,Yes,Month-to-month,No,Mailed check,75.29,2128.32,1
6907-LIIOA,Male,0,No,Yes,2,Yes,Yes,DSL,No,No,Yes,No,No,Yes,One year,Yes,Credit card (automatic),64.71,137.96,1
3978-ROHKQ,Male,0,No,No,5,Yes,Yes,No,No internet service,No internet service,No internet service,No internet service,No internet service,No internet service,Two year,Yes,Bank transfer (automatic),21.79,120.89,0
8741-NSWXE,Female,0,Yes,Yes,61,Yes,No,DSL,No,No,No,Yes,No,Yes,Month-to-month,No,Bank transfer (automatic),70.27,4281.48,1
6524-BOSYP,Male,0,No,Yes,44,Yes,Yes,DSL,No,No,No,No,No,Yes,Two year,Yes,Bank transfer (automatic),59.84,2653.26,0
8523-MZGQS,Male,0,Yes,No,12,Yes,Yes,No,No internet service,No internet service,No internet service,No internet service,No internet service,No internet service,Month-to-month,Yes,Bank transfer (automatic),20.2,258.32,1
7618-YGLMM,Male,0,No,No,64,Yes,Yes,DSL,No,No,No,No,Yes,Yes,Month-to-month,Yes,Electronic check,78.08,4990.45,1
8298-NOBFI,Female,0,Yes,No,71,Yes,No,Fiber optic,No,No,No,No,No,No,One year,Yes,Electronic check,79.75,5675.22,1
4919-OTPZB,Female,0,No,No,8,Yes,Yes,DSL,Yes,No,No,No,Yes,Yes,Month-to-month,Yes,Bank transfer (automatic),88.3,706.08,1
4138-CWTWU,Female,0,No,Yes,62,Yes,No,No,No internet service,No internet service,No internet service,No internet service,No internet service,No internet service,Month-to-month,Yes,Electronic check,26.05,1593.76,1
9471-HHUGK,Female,0,Yes,No,48,Yes,Yes,Fiber optic,No,No,Yes,No,Yes,Yes,Two year,No,Electronic check,102.9,4935.48,0
6789-VMHIP,Female,0,No,No,29,Yes,No,Fiber optic,No,No,Yes,No,Yes,No,Month-to-month,Yes,Electronic check,90.66,2651.61,1
5073-EWNAX,Female,1,No,Yes,10,Yes,No,No,No internet service,No internet service,No internet service,No internet service,No internet service,No internet service,Two year,Yes,Mailed check,22.31,222.59,0
4287-SQVNM,Male,0,Yes,Yes,38,Yes,No,Fiber optic,Yes,No,Yes,Yes,No,Yes,Month-to-month,No,Electronic check,106.27,4069.29,1
4229-HCASO,Female,1,No,No,7,Yes,No,No,No internet service,No internet service,No internet service,No internet service,No internet service,No internet service,Month-to-month,Yes,Electronic check,19.4,114.42,1
2826-UHIML,Male,0,No,No,15,Yes,No,No,No internet service,No internet service,No internet service,No internet service,No internet service,No internet service,Two year,No,Electronic check,20.28,318.7,0
6548-ITXKE,Female,0,No,No,10,Yes,No,DSL,No,No,Yes,No,No,Yes,Month-to-month,No,Electronic check,53.28,526.72,1
1593-SURKK,Female,0,No,No,28,Yes,Yes,DSL,No,Yes,No,No,Yes,No,One year,Yes,Mailed check,58.59,1646.84,0
3725-FAVUI,Male,0,Yes,No,16,Yes,Yes,Fiber optic,No,No,Yes,No,No,Yes,Month-to-month,No,Bank transfer (automatic),90.45,1472.35,1
5137-GFWJE,Female,1,No,Yes,19,Yes,No,Fiber optic,No,No,No,No,Yes,No,Month-to-month,Yes,Bank transfer (automatic),101.08,1929.96,1
1560-AOYET,Male,0,No,No,41,No,No phone service,No,No internet service,No internet service,No internet service,No internet service,No internet service,No internet service,Two year,Yes,Bank transfer (automatic),24.52,1022.63,0
8659-FEQRD,Female,0,No,Yes,64,Yes,Yes,DSL,No,Yes,No,No,No,No,Two year,No,Electronic check,45.85,2927.6,0
7899-XUWBH,Male,1,Yes,No,9,Yes,No,Fiber optic,No,Yes,Yes,Yes,No,No,One year,No,Bank transfer (automatic),85.61,762.33,1
1243-EDYVN,Female,0,No,Yes,70,Yes,Yes,Fiber optic,Yes,Yes,Yes,Yes,Yes,No,Month-to-month,Yes,Bank transfer (automatic),115.87,8112.88,1
6435-DHCNZ,Male,0,No,No,33,Yes,No,Fiber optic,No,No,No,Yes,No,No,Month-to-month,Yes,Mailed check,102.17,3371.7,0
5437-RWLOT,Female,0,Yes,No,37,Yes,No,DSL,Yes,No,No,No,Yes,No,Month-to-month,No,Bank transfer (automatic),70.06,2585.09,1
7798-TZIBA,Male,0,Yes,No,61,Yes,No,DSL,No,No,No,No,No,No,One year,Yes,Bank transfer (automatic),50.93,3084.13,0
1405-OWOHC,Female,0,No,No,12,Yes,Yes,DSL,No,No,No,No,No,Yes,Two year,No,Mailed check,54.73,660.94,0
2442-BDRLR,Female,0,No,No,50,Yes,No,Fiber optic,No,Yes,No,No,No,Yes,Month-to-month,Yes,Credit card (automatic),94.98,4738.11,1
1261-UJUHY,Female,0,Yes,Yes,70,Yes,No,Fiber optic,No,Yes,No,No,Yes,No,Month-to-month,Yes,Electronic check,94.49,6591.73,1
7576-RQSFN,Female,0,No,No,21,Yes,Yes,DSL,No,No,Yes,No,No,No,Month-to-month,Yes,Electronic check,50.23,1032.9,1
9576-EHHRI,Female,0,No,Yes,1,Yes,Yes,Fiber optic,No,No,No,Yes,No,Yes,Month-to-month,Yes,Electronic check,103.28,104.25,1
2689-NNTNQ,Female,0,Yes,Yes,14,Yes,No,No,No internet service,No internet service,No internet service,No internet service,No internet service,No internet service,Month-to-month,No,Bank transfer (automatic),21.78,295.0,0
2725-BNVUL,Male,0,No,Yes,11,Yes,Yes,DSL,Yes,No,No,No,No,No,One year,Yes,Credit card (automatic),55.68,623.41,1
8976-WYPVF,Male,0,No,No,28,Yes,No,Fiber optic,No,No,Yes,Yes,Yes,Yes,Month-to-month,Yes,Credit card (automatic),118.75,3314.13,1
5930-RGBMW,Male,0,No,No,6,Yes,No,DSL,No,Yes,Yes,Yes,Yes,Yes,Two year,Yes,Credit card (automatic),84.04,532.05,1
6962-HLAIH,Male,0,Yes,No,12,Yes,Yes,No,No internet service,No internet service,No internet service,No internet service,No internet service,No internet service,Month-to-month,Yes,Credit card (automatic),22.01,292.04,1
3496-IEMND,Male,0,Yes,No,12,Yes,No,No,No internet service,No internet service,No internet service,No internet service,No internet service,No internet service,Month-to-month,Yes,Credit card (automatic),21.37,250.77,0
7106-QITOT,Male,0,No,No,7,Yes,Yes,DSL,No,No,Yes,Yes,No,No,Month-to-month,Yes,Mailed check,63.06,452.29,0
7592-DBMDR,Female,0,No,No,72,No,No phone service,No,No internet service,No internet service,No internet service,No internet service,No internet service,No internet service,Two year,Yes,Bank transfer (automatic),18.25,1333.07,0
1340-XPWJB,Female,0,Yes,Yes,31,Yes,No,DSL,No,No,No,Yes,No,No,Two year,No,Electronic check,59.2,1825.01,0
7837-NBRAM,Female,0,No,No,27,Yes,Yes,No,No internet service,No internet service,No internet service,No internet service,No internet service,No internet service,One year,Yes,Electronic check,18.25,482.65,0
2601-FVQQV,Male,0,No,No,6,Yes,Yes,Fiber optic,No,Yes,No,No,Yes,No,Month-to-month,Yes,Credit card (automatic),98.26,570.89,1
7855-KFTCN,Female,0,No,Yes,7,Yes,No,Fiber optic,No,No,No,No,No,No,Two year,No,Mailed check,79.11,547.56,1
6782-YFQCQ,Male,0,No,No,69,Yes,No,Fiber optic,Yes,Yes,Yes,Yes,Yes,Yes,One year,Yes,Mailed check,118.75,8183.61,0
5576-SREOC,Male,0,Yes,Yes,11,Yes,Yes,DSL,No,Yes,Yes,Yes,No,No,Month-to-month,No,Electronic check,65.45,728.14,1
4725-WHGRJ,Male,0,No,No,65,Yes,No,Fiber optic,No,No,No,No,Yes,No,Month-to-month,No,Electronic check,90.13,5861.17,0
3556-ZWJSW,Female,0,No,No,2,Yes,Yes,DSL,Yes,Yes,Yes,No,Yes,No,Month-to-month,Yes,Bank transfer (automatic),71.13,162.25,1
3785-ABZAI,Female,0,Yes,No,25,Yes,No,Fiber optic,No,No,Yes,No,No,No,Two year,Yes,Credit card (automatic),82.08,2052.09,0
2523-ORRVG,Male,0,Yes,Yes,12,Yes,Yes,No,No internet service,No internet service,No internet service,No internet service,No internet service,No internet service,Month-to-month,Yes,Mailed check,19.93,239.63,0
8296-NRTSE,Female,0,Yes,No,8,Yes,No,No,No internet service,No internet service,No internet service,No internet service,No internet service,No internet service,Two year,Yes,Bank transfer (automatic),18.75,148.99,1
3831-IRMEX,Female,0,No,Yes,63,Yes,No,Fiber optic,No,Yes,No,Yes,No,Yes,Month-to-month,Yes,Bank transfer (automatic),93.57,5885.61,1
2012-VTOZX,Male,0,No,Yes,32,Yes,Yes,Fiber optic,No,No,No,No,No,Yes,One year,Yes,Mailed check,91.42,2921.0,1
8883-STKIU,Female,0,No,No,41,Yes,No,DSL,No,Yes,No,No,No,No,Two year,No,Mailed check,41.36,1717.52,1
8908-VPKBY,Female,0,Yes,No,52,Yes,No,Fiber optic,No,No,Yes,No,No,No,Two year,Yes,Bank transfer (automatic),77.06,4016.76,0
2766-HWYUE,Male,0,No,Yes,41,Yes,No,DSL,No,Yes,No,No,No,Yes,Month-to-month,Yes,Mailed check,60.2,2483.06,1
5551-KKIKE,Male,0,No,Yes,43,Yes,Yes,DSL,No,Yes,Yes,Yes,Yes,No,Month-to-month,No,Electronic check,79.14,3440.31,1
7549-IAZJH,Female,0,No,No,1,Yes,No,Fiber optic,No,No,No,No,Yes,Yes,Month-to-month,Yes,Electronic check,107.9,107.9,1
5037-SPMXE,Female,0,Yes,No,56,Yes,Yes,DSL,No,No,No,Yes,No,Yes,Two year,Yes,Electronic check,75.53,4205.33,0
7702-RIDNG,Female,0,Yes,No,11,No,No phone service,Fiber optic,Yes,No,No,No,Yes,No,Month-to-month,No,Mailed check,104.7,1153.95,1
9356-LXGKV,Male,0,Yes,Yes,50,Yes,Yes,No,No internet service,No internet service,No internet service,No internet service,No internet service,No internet service,Two year,Yes,Credit card (automatic),18.25,904.88,0
8933-OGTZQ,Male,0,Yes,No,22,Yes,No,Fiber optic,Yes,No,No,No,No,Yes,Two year,No,Mailed check,109.12,2386.46,0
9681-EHJFU,Male,0,Yes,No,22,Yes,Yes,Fiber optic,No,No,No,No,No,Yes,Month-to-month,Yes,Bank transfer (automatic),91.84,1996.85,1
1363-BZEJC,Female,0,No,No,11,No,No phone service,Fiber optic,No,No,No,Yes,No,No,Month-to-month,No,Credit card (automatic),90.61,989.1,1
6367-MPOBC,Female,1,Yes,Yes,45,Yes,No,No,No internet service,No internet service,No internet service,No internet service,No internet service,No internet service,One year,No,Credit card (automatic),18.25,816.49,0
9948-TRTTO,Male,0,No,No,63,Yes,No,Fiber optic,No,No,No,Yes,Yes,Yes,Month-to-month,Yes,Credit card (automatic),117.66,7397.99,1
7939-VEWKW,Male,0,Yes,No,1,Yes,No,No,No internet service,No internet service,No internet service,No internet service,No internet service,No internet service,One year,Yes,Electronic check,18.56,27.66,0
9501-CIGWB,Male,0,No,Yes,39,Yes,Yes,DSL,Yes,Yes,No,Yes,No,No,Month-to-month,Yes,Electronic check,65.14,2525.54,1
5725-OLPZP,Female,0,No,Yes,8,Yes,No,Fiber optic,No,Yes,No,No,Yes,No,Month-to-month,Yes,Bank transfer (automatic),89.0,715.99,1
5443-PSCVT,Female,0,Yes,No,31,Yes,Yes,Fiber optic,No,Yes,No,No,Yes,No,One year,Yes,Bank transfer (automatic),95.52,2963.31,0
8797-DAVHX,Female,1,Yes,No,68,Yes,No,Fiber optic,Yes,Yes,No,No,No,Yes,Month-to-month,No,Credit card (automatic),99.45,6773.46,1
9621-OXUZV,Female,0,Yes,No,9,Yes,No,Fiber optic,No,No,Yes,Yes,No,No,Two year,Yes,Bank transfer (automatic),92.05,826.09,0
3562-ETLTT,Male,0,No,No,55,Yes,No,Fiber optic,No,No,No,No,Yes,Yes,Month-to-month,Yes,Bank transfer (automatic),94.35,5201.03,1
7853-DVOFE,Female,1,No,No,5,Yes,No,Fiber optic,No,No,No,No,Yes,No,Two year,Yes,Bank transfer (automatic),92.03,459.46,1
9637-KNKIX,Female,1,No,No,61,No,No phone service,Fiber optic,No,No,No,Yes,No,No,Month-to-month,Yes,Bank transfer (automatic),96.36,5880.74,1
6519-JFKIE,Male,1,Yes,No,57,Yes,Yes,No,No internet service,No internet service,No internet service,No internet service,No internet service,No internet service,One year,No,Credit card (automatic),18.25,1051.39,1
9646-JTNFD,Male,0,No,No,28,Yes,Yes,DSL,Yes,Yes,No,No,Yes,No,Two year,No,Mailed check,77.81,2171.45,0
4083-XWUJV,Male,0,No,Yes,9,Yes,Yes,Fiber optic,No,No,Yes,Yes,Yes,No,Month-to-month,Yes,Electronic check,106.59,994.15,1
3959-KPGRY,Female,1,Yes,No,33,Yes,Yes,DSL,No,No,Yes,No,No,No,Month-to-month,No,Electronic check,55.3,1808.33,1
3102-GXUOS,Male,1,Yes,No,4,No,No phone service,DSL,Yes,No,Yes,No,No,No,Month-to-month,No,Electronic check,61.37,258.85,1
1632-RORCA,Female,0,Yes,No,54,Yes,Yes,DSL,No,Yes,Yes,No,No,Yes,Month-to-month,Yes,Credit card (automatic),67.63,3648.7,1
3493-AGJLH,Male,0,No,No,2,Yes,No,Fiber optic,No,No,No,No,No,Yes,Month-to-month,Yes,Bank transfer (automatic),96.13,195.66,1
3665-VWQNQ,Female,0,No,No,10,Yes,Yes,Fiber optic,No,No,No,Yes,Yes,Yes,One year,No,Mailed check,118.75,1181.78,0
8095-YUWFT,Female,0,Yes,No,28,Yes,No,DSL,No,No,Yes,No,Yes,No,One year,No,Bank transfer (automatic),65.31,1838.97,1
5406-QTZZH,Male,0,Yes,No,71,Yes,No,No,No internet service,No internet service,No internet service,No internet service,No internet service,No internet service,Month-to-month,Yes,Electronic check,18.25,1292.76,0
8194-MPLQR,Male,0,Yes,No,57,Yes,Yes,DSL,No,No,Yes,No,No,Yes,Month-to-month,Yes,Bank transfer (automatic),61.28,3487.28,1
8522-HRKML,Female,0,Yes,Yes,1,Yes,No,No,No internet service,No internet service,No internet service,No internet service,No internet service,No internet service,Month-to-month,Yes,Credit card (automatic),18.25,42.5,1
3334-OZYCC,Male,0,No,No,12,Yes,No,DSL,No,No,Yes,No,No,No,One year,No,Bank transfer (automatic),53.65,630.81,1
8504-FCIKH,Female,0,Yes,No,63,Yes,No,Fiber optic,No,No,No,No,Yes,Yes,Month-to-month,No,Credit card (automatic),101.1,6398.9,0
4619-DVXTO,Male,0,Yes,No,59,Yes,No,Fiber optic,No,No,No,No,No,No,One year,Yes,Bank transfer (automatic),75.49,4457.87,1
6561-EGHGH,Female,1,No,No,1,No,No phone service,Fiber optic,No,Yes,Yes,No,No,Yes,Month-to-month,No,Mailed check,92.95,110.6,1
4883-DAVEK,Female,0,Yes,Yes,68,Yes,No,Fiber optic,Yes,Yes,No,Yes,Yes,Yes,One year,Yes,Bank transfer (automatic),118.75,8060.1,1
7942-DBQYL,Male,0,Yes,No,16,Yes,Yes,No,No internet service,No internet service,No internet service,No internet service,No internet service,No internet service,Two year,No,Electronic check,21.59,347.72,0
5211-BIFFR,Female,0,No,No,46,Yes,No,Fiber optic,No,Yes,No,Yes,Yes,No,Two year,Yes,Credit card (automatic),99.62,4571.74,1
9550-VCOGM,Female,0,No,Yes,6,Yes,No,No,No internet service,No internet service,No internet service,No internet service,No internet service,No internet service,Month-to-month,Yes,Bank transfer (automatic),21.06,120.25,1
2494-JDPIU,Female,1,No,Yes,3,Yes,Yes,DSL,No,Yes,No,No,Yes,Yes,One year,No,Mailed check,74.87,228.26,1
3401-JSQAM,Female,0,No,No,48,Yes,No,DSL,Yes,No,No,No,No,No,Month-to-month,Yes,Credit card (automatic),62.2,2971.66,0
4874-DOZJT,Male,0,Yes,No,66,Yes,No,No,No internet service,No internet service,No internet service,No internet service,No internet service,No internet service,Month-to-month,No,Electronic check,18.57,1211.78,0
2232-IHTFW,Female,0,Yes,No,65,Yes,Yes,DSL,Yes,No,No,No,No,No,Month-to-month,Yes,Mailed check,55.36,3609.61,1
3661-JXTQE,Female,0,No,Yes,53,Yes,Yes,DSL,No,No,Yes,No,Yes,Yes,Two year,Yes,Bank transfer (automatic),75.93,4045.38,0
3817-NQKDW,Male,1,Yes,No,35,Yes,Yes,DSL,Yes,No,No,Yes,No,No,Month-to-month,No,Bank transfer (automatic),62.78,2192.46,0
7696-WQYBU,Male,0,No,No,71,Yes,No,Fiber optic,Yes,Yes,Yes,Yes,No,No,One year,Yes,Electronic check,97.67,6958.82,1
3774-VARGV,Female,0,Yes,No,2,Yes,Yes,Fiber optic,No,No,No,Yes,No,Yes,Month-to-month,No,Electronic check,98.35,190.01,1
9830-FFNWZ,Female,0,No,No,2,Yes,Yes,DSL,No,No,No,No,No,No,Month-to-month,No,Credit card (automatic),56.43,137.93,1
8764-LNNLI,Female,1,No,No,58,Yes,Yes,DSL,Yes,No,Yes,Yes,Yes,Yes,Month-to-month,No,Electronic check,83.33,4838.42,1
5153-IBREZ,Male,0,Yes,Yes,1,Yes,No,Fiber optic,No,No,No,No,No,No,Month-to-month,Yes,Mailed check,75.09,92.48,1
8297-WLNMC,Female,0,Yes,No,70,Yes,No,DSL,No,Yes,No,No,No,No,Month-to-month,Yes,Credit card (automatic),54.15,3781.13,1
4061-OOCTS,Female,0,No,No,68,Yes,No,DSL,No,Yes,No,No,No,Yes,One year,No,Bank transfer (automatic),58.33,3959.77,0
1066-OSHWM,Male,1,No,Yes,61,Yes,No,Fiber optic,Yes,No,No,No,Yes,No,One year,Yes,Mailed check,102.98,6261.99,0
9949-WJBKY,Female,0,No,No,40,Yes,No,DSL,No,Yes,No,No,No,Yes,Month-to-month,No,Bank transfer (automatic),58.91,2366.79,0
2735-VSIIF,Male,0,Yes,No,4,Yes,No,DSL,No,No,No,No,Yes,No,Month-to-month,Yes,Electronic check,59.96,241.15,1
3823-JVXHO,Female,0,No,No,1,No,No phone service,Fiber optic,No,Yes,Yes,No,No,Yes,Month-to-month,No,Bank transfer (automatic),86.87,86.87,1
7292-FGTQD,Male,0,Yes,No,64,Yes,No,No,No internet service,No internet service,No internet service,No internet service,No internet service,No internet service,Month-to-month,Yes,Electronic check,19.75,1268.67,1
8462-HMXNR,Female,0,Yes,Yes,63,Yes,No,DSL,Yes,No,No,No,Yes,Yes,One year,Yes,Electronic check,86.79,5457.45,0
7727-WQRNX,Female,0,Yes,No,6,Yes,Yes,DSL,Yes,Yes,No,No,No,Yes,Month-to-month,Yes,Electronic check,79.36,453.71,1
3475-KJMTP,Male,0,Yes,Yes,62,Yes,Yes,Fiber optic,No,No,Yes,No,Yes,Yes,Month-to-month,Yes,Electronic check,100.96,6234.01,1
3564-NCRFT,Male,0,No,No,63,Yes,No,DSL,Yes,Yes,Yes,No,No,No,Month-to-month,Yes,Electronic check,63.24,3978.9,0
9983-CSZCL,Female,0,Yes,Yes,11,Yes,Yes,Fiber optic,Yes,No,Yes,No,No,No,Two year,Yes,Bank transfer (automatic),87.38,955.82,1
4713-HYYEQ,Male,0,Yes,No,4,Yes,No,No,No internet service,No internet service,No internet service,No internet service,No internet service,No internet service,Two year,Yes,Mailed check,18.25,56.77,1
8566-JUQIM,Male,0,No,Yes,3,Yes,No,DSL,No,No,Yes,No,No,No,Month-to-month,Yes,Electronic check,57.67,181.69,1
1707-JHGBB,Male,0,Yes,Yes,50,Yes,Yes,Fiber optic,Yes,Yes,Yes,No,No,No,Two year,No,Bank transfer (automatic),92.12,4621.0,0
4046-DIYNX,Female,0,No,No,11,Yes,No,No,No internet service,No internet service,No internet service,No internet service,No internet service,No internet service,Month-to-month,Yes,Electronic check,20.02,220.57,1
9265-KUGYS,Female,0,Yes,Yes,48,Yes,Yes,No,No internet service,No internet service,No internet service,No internet service,No internet service,No internet service,Month-to-month,No,Credit card (automatic),18.25,858.8,1
6189-DBYWV,Male,0,No,No,41,Yes,Yes,Fiber optic,Yes,No,No,No,Yes,No,Month-to-month,Yes,Credit card (automatic),107.22,4376.75,1
8470-UWSUR,Male,0,Yes,Yes,60,No,No phone service,DSL,Yes,Yes,No,No,No,No,Two year,Yes,Mailed check,55.28,3297.91,0
6472-UGKJK,Male,0,Yes,Yes,16,Yes,No,Fiber optic,No,No,No,Yes,No,No,Two year,No,Mailed check,89.97,1437.66,1
1072-WICXE,Female,1,No,No,15,Yes,Yes,Fiber optic,Yes,Yes,No,Yes,No,No,Two year,Yes,Electronic check,99.0,1447.68,0
7018-WAATE,Male,0,No,No,72,Yes,No,Fiber optic,No,No,No,No,No,Yes,Two year,Yes,Electronic check,91.38,6585.0,0
5448-ZSFCU,Male,1,No,No,63,Yes,No,No,No internet service,No internet service,No internet service,No internet service,No internet service,No internet service,Month-to-month,Yes,Credit card (automatic),22.1,1378.17,0
6860-MQCWC,Female,0,Yes,No,61,Yes,Yes,Fiber optic,No,Yes,No,Yes,No,No,Month-to-month,No,Mailed check,95.71,5841.33,0
5839-UWMBC,Male,0,Yes,No,12,Yes,Yes,Fiber optic,No,No,No,No,Yes,Yes,Two year,No,Electronic check,102.69,1246.88,1
5131-TPULY,Female,0,No,No,71,Yes,No,Fiber optic,No,Yes,No,No,No,Yes,Month-to-month,Yes,Mailed check,89.73,6384.02,1
6101-IPDYT,Female,0,Yes,No,5,Yes,No,DSL,Yes,No,Yes,No,Yes,No,Month-to-month,No,Electronic check,71.08,333.96,1
2190-RZAGT,Male,0,Yes,No,2,No,No phone service,DSL,Yes,Yes,No,No,No,No,Month-to-month,No,Mailed check,59.47,137.71,1
7431-LHHXV,Female,0,No,No,19,No,No phone service,Fiber optic,No,No,No,No,No,Yes,Month-to-month,Yes,Electronic check,88.59,1682.41,1
3601-INTET,Female,0,No,Yes,55,No,No phone service,DSL,Yes,Yes,No,Yes,Yes,Yes,Month-to-month,Yes,Mailed check,93.45,5125.14,0
2125-UBUJX,Female,0,No,No,9,Yes,No,DSL,No,Yes,Yes,Yes,No,No,One year,No,Electronic check,55.37,497.79,1
2241-IGWVR,Female,0,No,No,31,Yes,No,DSL,No,No,Yes,No,No,No,Month-to-month,Yes,Mailed check,51.0,1569.4,1
7672-ZLKJM,Male,0,Yes,No,21,Yes,Yes,No,No internet service,No internet service,No internet service,No internet service,No internet service,No internet service,Month-to-month,Yes,Bank transfer (automatic),28.55,604.08,1
4602-IPUVQ,Female,0,Yes,Yes,6,Yes,Yes,Fiber optic,No,No,No,No,Yes,Yes,One year,Yes,Electronic check,98.93,608.46,1
9066-EFJKB,Male,0,No,No,46,Yes,No,DSL,No,No,No,No,No,Yes,Two year,Yes,Electronic check,66.04,3065.67,0
8345-GNDES,Female,0,Yes,Yes,32,Yes,No,No,No internet service,No internet service,No internet service,No internet service,No internet service,No internet service,Month-to-month,Yes,Bank transfer (automatic),19.87,633.44,0
4351-UTJFB,Female,0,No,No,9,Yes,No,Fiber optic,No,Yes,No,No,No,No,Month-to-month,Yes,Mailed check,82.79,749.09,1
6094-COJQG,Male,0,Yes,Yes,9,No,No phone service,Fiber optic,No,No,No,No,No,No,One year,Yes,Mailed check,78.48,700.36,1
7602-YBGOC,Female,0,No,No,16,Yes,Yes,Fiber optic,Yes,No,No,No,No,Yes,One year,Yes,Electronic check,100.47,1610.44,1
5008-EVHDR,Male,1,No,No,1,Yes,No,Fiber optic,No,No,No,No,No,Yes,Month-to-month,Yes,Mailed check,91.05,91.05,1
2577-SHWFE,Female,0,No,No,7,Yes,No,Fiber optic,No,Yes,No,No,No,No,Month-to-month,No,Mailed check,81.61,590.16,1
4906-EQFMI,Female,0,No,Yes,5,Yes,No,DSL,No,No,No,No,No,Yes,One year,No,Electronic check,58.37,292.46,1
4729-XLJAK,Male,0,No,No,66,Yes,No,DSL,Yes,No,No,No,No,No,Two year,Yes,Credit card (automatic),58.49,3866.71,1
5358-FCFIV,Female,0,No,Yes,4,Yes,Yes,Fiber optic,No,Yes,No,Yes,Yes,No,Month-to-month,Yes,Mailed check,106.34,441.31,1
6922-HOVFW,Female,0,Yes,No,9,Yes,No,DSL,Yes,No,Yes,No,No,No,Month-to-month,Yes,Electronic check,57.34,521.41,1
2343-KJKDM,Male,0,Yes,No,10,Yes,No,Fiber optic,No,No,Yes,No,Yes,Yes,One year,No,Credit card (automatic),112.84,1121.08,1
9987-HTOGA,Female,0,No,Yes,27,Yes,No,No,No internet service,No internet service,No internet service,No internet service,No internet service,No internet service,One year,Yes,Mailed check,19.81,531.57,1
8444-YZIWH,Female,0,Yes,No,68,Yes,No,No,No internet service,No internet service,No internet service,No internet service,No internet service,No internet service,Two year,No,Bank transfer (automatic),25.04,1693.87,0
1440-BZNLZ,Female,0,No,No,25,No,No phone service,Fiber optic,No,Yes,No,No,Yes,No,Month-to-month,No,Mailed check,105.39,2646.46,1
2100-WQSFU,Female,0,No,No,69,Yes,No,Fiber optic,Yes,No,Yes,Yes,Yes,No,Two year,No,Bank transfer (automatic),111.83,7741.29,0
3637-EYFCP,Female,0,Yes,No,9,Yes,No,Fiber optic,No,No,Yes,No,Yes,No,Month-to-month,Yes,Electronic check,85.1,748.55,1
7916-RNYOZ,Male,0,Yes,Yes,6,Yes,No,Fiber optic,Yes,No,Yes,No,No,Yes,Month-to-month,Yes,Mailed check,100.81,603.98,1
1649-DKEIE,Male,0,Yes,Yes,30,Yes,No,No,No internet service,No internet service,No internet service,No internet service,No internet service,No internet service,Two year,Yes,Mailed check,19.14,585.65,0
2546-GRRTX,Female,0,Yes,No,10,Yes,Yes,Fiber optic,No,Yes,No,No,No,Yes,Month-to-month,Yes,Mailed check,87.97,889.27,1
8446-BZWMM,Female,0,Yes,No,67,Yes,Yes,DSL,Yes,Yes,Yes,Yes,No,No,Two year,Yes,Bank transfer (automatic),70.75,4753.65,0
8469-QYZVQ,Female,0,Yes,No,22,Yes,No,DSL,No,No,Yes,No,Yes,Yes,Month-to-month,Yes,Bank transfer (automatic),76.61,1672.27,1
3852-ZFNUN,Male,0,No,Yes,10,Yes,Yes,Fiber optic,Yes,Yes,Yes,No,No,No,Two year,Yes,Mailed check,95.98,960.85,1
4503-LEEDW,Female,0,No,No,4,Yes,Yes,Fiber optic,No,Yes,No,Yes,No,No,Month-to-month,No,Bank transfer (automatic),86.59,366.09,1
8062-YMDRP,Female,1,No,No,63,Yes,No,DSL,Yes,No,Yes,No,No,No,Month-to-month,Yes,Electronic check,51.95,3247.44,0
1630-RBWDT,Female,0,Yes,No,33,Yes,Yes,No,No internet service,No internet service,No internet service,No internet service,No internet service,No internet service,One year,Yes,Electronic check,20.67,676.1,0
5768-QTFRT,Female,0,Yes,No,63,Yes,Yes,Fiber optic,No,Yes,No,No,Yes,Yes,Month-to-month,No,Electronic check,111.75,7045.72,1
2249-GMIBH,Male,0,Yes,Yes,8,Yes,No,DSL,No,No,Yes,Yes,No,No,Month-to-month,Yes,Electronic check,58.11,462.78,1
7711-NVXRA,Female,0,No,No,3,Yes,Yes,DSL,Yes,No,Yes,No,No,Yes,Two year,No,Electronic check,78.47,238.46,1
1482-WIIBP,Female,0,No,No,10,Yes,No,Fiber optic,No,No,No,No,No,No,One year,Yes,Mailed check,82.13,828.49,1
2584-DMQKW,Female,0,No,No,64,Yes,No,Fiber optic,No,Yes,Yes,No,No,Yes,Month-to-month,No,Electronic check,100.31,6426.15,1
5676-BDLBA,Female,0,Yes,Yes,60,Yes,No,DSL,No,Yes,No,Yes,Yes,No,Month-to-month,Yes,Bank transfer (automatic),71.01,4256.91,0
7385-WFPBN,Female,1,Yes,Yes,54,Yes,Yes,Fiber optic,No,Yes,No,No,No,Yes,Two year,Yes,Bank transfer (automatic),91.63,4954.01,0
2462-TLSCS,Female,0,Yes,No,34,Yes,Yes,DSL,No,No,Yes,No,No,No,Month-to-month,No,Mailed check,46.33,1572.67,1
4040-KDQQG,Female,0,Yes,Yes,35,Yes,No,No,No internet service,No internet service,No internet service,No internet service,No internet service,No internet service,Two year,No,Credit card (automatic),29.96,1038.88,0
6010-ESYUZ,Male,0,No,No,2,Yes,No,DSL,No,No,Yes,Yes,Yes,Yes,Two year,No,Bank transfer (automatic),80.35,181.38,1
8531-SIQIN,Female,0,No,No,18,Yes,Yes,No,No internet service,No internet service,No internet service,No internet service,No internet service,No internet service,Month-to-month,Yes,Credit card (automatic),19.75,364.47,0
4273-EVBXO,Male,0,No,Yes,5,Yes,Yes,No,No internet service,No internet service,No internet service,No internet service,No internet service,No internet service,Two year,Yes,Mailed check,30.65,150.59,1
4683-PSAWL,Male,1,No,No,9,Yes,No,DSL,No,No,Yes,No,No,No,Month-to-month,Yes,Mailed check,51.77,453.96,0
5145-STOEA,Female,0,Yes,No,5,Yes,Yes,Fiber optic,No,No,No,No,Yes,No,Two year,No,Mailed check,90.71,452.44,0
9759-KIGBQ,Female,0,Yes,No,7,Yes,Yes,Fiber optic,Yes,No,No,No,Yes,Yes,Two year,Yes,Mailed check,104.52,747.14,1
7914-PPNBS,Female,0,Yes,Yes,22,Yes,Yes,No,No internet service,No internet service,No internet service,No internet service,No internet service,No internet service,One year,Yes,Electronic check,22.92,508.48,0
5954-CHUYS,Male,0,No,Yes,12,Yes,No,Fiber optic,No,No,No,Yes,No,No,Month-to-month,No,Electronic check,93.04,1088.82,1
4225-PVDHA,Male,0,No,No,9,Yes,Yes,Fiber optic,No,No,Yes,Yes,No,No,One year,No,Mailed check,93.49,822.36,1
2072-DGYAX,Male,0,Yes,No,51,Yes,No,Fiber optic,No,No,No,No,No,No,Month-to-month,No,Bank transfer (automatic),76.83,3927.97,1
5815-RDTNH,Female,0,Yes,No,62,Yes,No,DSL,No,Yes,No,Yes,Yes,No,Month-to-month,No,Credit card (automatic),65.55,4067.39,0
8031-RGCYU,Female,0,Yes,No,70,Yes,Yes,DSL,Yes,Yes,No,No,No,No,Month-to-month,Yes,Credit card (automatic),70.07,4900.39,1
3631-NLOHE,Male,0,Yes,Yes,39,Yes,Yes,Fiber optic,Yes,No,No,No,Yes,Yes,Month-to-month,No,Electronic check,118.27,4582.83,1
2660-QYJKW,Male,0,No,No,19,Yes,Yes,DSL,No,Yes,Yes,No,No,No,Month-to-month,No,Mailed check,57.52,1090.02,1
6752-PPDWE,Female,0,No,No,62,No,No phone service,DSL,No,Yes,Yes,No,No,Yes,Month-to-month,Yes,Bank transfer (automatic),59.87,3703.26,1
3425-JNIRT,Male,0,No,No,48,No,No phone service,Fiber optic,No,Yes,No,No,Yes,No,Month-to-month,Yes,Bank transfer (automatic),82.43,3958.6,1
6079-FKUQI,Male,0,Yes,Yes,17,Yes,Yes,No,No internet service,No internet service,No internet service,No internet service,No internet service,No internet service,Month-to-month,Yes,Credit card (automatic),18.25,286.68,1
9218-YCPTD,Male,0,No,Yes,50,Yes,No,No,No internet service,No internet service,No internet service,No internet service,No internet service,No internet service,Month-to-month,No,Mailed check,18.25,918.73,0
6902-ZXVOB,Male,0,No,No,7,No,No phone service,No,No internet service,No internet service,No internet service,No internet service,No internet service,No internet service,Month-to-month,Yes,Mailed check,18.25,113.45,1
8440-TQSTP,Male,1,No,No,27,Yes,Yes,Fiber optic,Yes,Yes,No,No,No,No,Month-to-month,Yes,Mailed check,96.71,2609.9,1
4097-XSUQD,Male,0,Yes,No,68,Yes,No,No,No internet service,No internet service,No internet service,No internet service,No internet service,No internet service,One year,No,Credit card (automatic),24.37,1657.64,0
4976-RDUCV,Male,0,No,No,8,Yes,No,Fiber optic,No,Yes,Yes,No,Yes,No,Month-to-month,Yes,Electronic check,95.35,768.57,1
2243-RUTEI,Female,0,No,No,25,Yes,No,Fiber optic,Yes,Yes,No,No,No,No,Two year,Yes,Bank transfer (automatic),92.47,2330.16,0
2300-VWXOI,Male,0,No,No,3,Yes,No,DSL,No,Yes,No,No,No,No,Month-to-month,Yes,Mailed check,43.8,143.53,1
7284-NUXBZ,Female,0,No,Yes,25,Yes,Yes,No,No internet service,No internet service,No internet service,No internet service,No internet service,No internet service,Month-to-month,Yes,Electronic check,21.47,517.34,0
7973-YRMUP,Female,1,Yes,No,9,Yes,No,Fiber optic,No,No,No,Yes,No,Yes,Month-to-month,No,Electronic check,101.03,904.38,1
6481-FPDXJ,Male,0,Yes,No,68,Yes,Yes,Fiber optic,No,No,No,Yes,Yes,No,Month-to-month,Yes,Bank transfer (automatic),97.96,6664.51,1
8750-SKERC,Female,1,Yes,No,62,Yes,Yes,DSL,No,No,No,Yes,Yes,No,Month-to-month,Yes,Electronic check,74.87,4675.36,1
6495-HKUSU,Male,1,Yes,No,66,Yes,Yes,Fiber optic,No,No,No,Yes,Yes,No,Month-to-month,Yes,Credit card (automatic),101.99,6714.32,1
6291-YCLOZ,Female,1,Yes,No,11,Yes,No,No,No internet service,No internet service,No internet service,No internet service,No internet service,No internet service,Two year,No,Mailed check,22.74,275.73,0
2408-WXPES,Female,0,Yes,No,38,Yes,No,Fiber optic,No,Yes,No,No,Yes,Yes,Month-to-month,Yes,Credit card (automatic),97.3,3685.98,1
2845-FLSIR,Male,0,No,No,6,Yes,Yes,No,No internet service,No internet service,No internet service,No internet service,No internet service,No internet service,Month-to-month,Yes,Mailed check,18.25,74.61,0
2798-CWNZX,Female,0,No,No,25,Yes,No,Fiber optic,No,Yes,Yes,Yes,No,No,One year,Yes,Electronic check,92.94,2312.06,1
4957-UEEDY,Male,0,No,Yes,54,No,No phone service,DSL,Yes,No,No,No,Yes,No,One year,Yes,Electronic check,71.75,3887.42,1
2475-VPMHX,Female,0,Yes,No,10,Yes,No,Fiber optic,No,Yes,Yes,No,No,Yes,Month-to-month,Yes,Bank transfer (automatic),86.17,852.01,1
8096-UPYBH,Male,1,Yes,Yes,9,Yes,Yes,Fiber optic,No,No,No,Yes,Yes,No,Month-to-month,No,Electronic check,98.32,851.68,1
1035-CWIKU,Male,1,Yes,Yes,12,Yes,No,DSL,No,Yes,No,No,No,No,Month-to-month,No,Bank transfer (automatic),47.23,540.12,1
8448-XTAAV,Female,0,No,Yes,8,Yes,No,Fiber optic,No,No,No,No,No,No,Month-to-month,No,Bank transfer (automatic),80.96,657.25,1
7441-HPJBP,Male,0,Yes,No,44,Yes,No,DSL,No,No,No,No,Yes,No,Month-to-month,Yes,Mailed check,54.67,2430.06,1
1444-DSICK,Male,0,Yes,Yes,66,No,No phone service,No,No internet service,No internet service,No internet service,No internet service,No internet service,No internet service,One year,Yes,Mailed check,25.37,1672.98,1
3359-HGAHY,Female,0,Yes,No,2,Yes,Yes,No,No internet service,No internet service,No internet service,No internet service,No internet service,No internet service,Month-to-month,Yes,Credit card (automatic),18.25,34.07,1
4654-XZZQK,Male,0,No,No,52,Yes,Yes,DSL,Yes,No,No,No,Yes,Yes,Month-to-month,Yes,Credit card (automatic),93.14,4848.8,1
7302-GINER,Female,0,Yes,No,9,Yes,Yes,Fiber optic,No,No,No,Yes,No,No,Month-to-month,Yes,Credit card (automatic),84.79,750.66,1
8681-XYWME,Female,0,Yes,Yes,20,Yes,No,Fiber optic,No,No,Yes,No,No,No,One year,Yes,Mailed check,73.26,1440.87,0
4179-HOVDA,Female,1,No,No,6,Yes,Yes,DSL,No,Yes,Yes,No,No,Yes,Month-to-month,Yes,Bank transfer (automatic),64.4,369.52,1
2286-FXSLG,Male,0,No,Yes,24,Yes,No,No,No internet service,No internet service,No internet service,No internet service,No internet service,No internet service,Two year,Yes,Electronic check,22.89,569.2,0
8262-MGIAU,Female,0,Yes,No,56,Yes,No,DSL,No,No,No,No,Yes,Yes,Two year,Yes,Credit card (automatic),87.85,4921.47,0
5445-XMSUA,Male,0,No,Yes,55,No,No phone service,Fiber optic,Yes,No,No,No,Yes,Yes,Month-to-month,No,Electronic check,99.01,5462.38,1
4416-YTUSR,Female,1,Yes,Yes,8,Yes,No,DSL,No,No,No,No,Yes,Yes,Two year,No,Mailed check,74.2,586.64,0
3137-WEZCB,Female,1,No,Yes,8,Yes,No,No,No internet service,No internet service,No internet service,No internet service,No internet service,No internet service,Two year,No,Electronic check,20.43,151.65,1
3636-ZVJFS,Female,0,No,No,11,Yes,Yes,Fiber optic,No,No,No,Yes,No,No,Month-to-month,Yes,Mailed check,95.86,1054.28,1
5016-YQSMQ,Male,1,No,No,62,Yes,Yes,No,No internet service,No internet service,No internet service,No internet service,No internet service,No internet service,Two year,Yes,Bank transfer (automatic),22.77,1410.11,0
5097-WRKTT,Female,0,Yes,Yes,12,Yes,No,Fiber optic,Yes,Yes,Yes,No,No,No,Month-to-month,Yes,Mailed check,93.23,1117.86,1
2681-MXKTS,Male,1,No,No,18,Yes,No,DSL,Yes,No,No,Yes,No,No,One year,No,Credit card (automatic),66.44,1207.48,0
9772-JCUFG,Male,0,No,Yes,3,Yes,No,DSL,No,No,No,No,Yes,No,One year,No,Bank transfer (automatic),70.95,212.47,1
8584-UWTEV,Male,0,No,No,40,Yes,No,No,No internet service,No internet service,No internet service,No internet service,No internet service,No internet service,Two year,No,Mailed check,29.65,1207.51,0
6767-IVJNK,Male,1,No,No,25,Yes,No,DSL,No,No,Yes,No,No,No,Month-to-month,Yes,Mailed check,51.26,1304.97,1
7788-QKGKM,Male,0,Yes,No,10,Yes,Yes,DSL,No,No,No,No,No,Yes,Two year,Yes,Mailed check,58.14,611.32,1
6275-SFBNP,Female,1,Yes,No,4,Yes,No,Fiber optic,No,No,No,Yes,Yes,Yes,Month-to-month,No,Credit card (automatic),110.83,396.18,1
2692-GABIY,Male,0,No,No,4,No,No phone service,DSL,Yes,Yes,Yes,No,Yes,Yes,Month-to-month,Yes,Mailed check,84.45,345.52,1
8231-WRUTR,Female,0,Yes,No,34,Yes,Yes,No,No internet service,No internet service,No internet service,No internet service,No internet service,No internet service,Two year,Yes,Bank transfer (automatic),20.79,700.28,0
9056-RJHUH,Female,0,Yes,No,3,Yes,No,DSL,Yes,No,Yes,No,No,No,Two year,Yes,Mailed check,58.51,157.45,0
4635-BRKKS,Male,0,Yes,No,24,Yes,No,Fiber optic,Yes,No,Yes,No,No,Yes,Two year,Yes,Bank transfer (automatic),98.57,2385.41,0
1372-KJHOH,Female,1,Yes,No,21,Yes,No,Fiber optic,Yes,Yes,No,No,No,No,Month-to-month,No,Electronic check,95.67,2011.85,1
8520-SAWTC,Female,0,No,No,71,Yes,No,DSL,Yes,No,No,Yes,No,No,Month-to-month,Yes,Credit card (automatic),66.0,4677.99,0
7012-ULPVP,Male,1,No,No,71,Yes,Yes,DSL,No,No,No,Yes,No,No,Month-to-month,No,Mailed check,60.92,4319.37,0
6453-QPIVS,Male,0,No,No,7,No,No phone service,Fiber optic,No,No,No,Yes,No,Yes,Two year,Yes,Electronic check,103.33,731.47,1
6921-AYRZF,Female,0,No,No,56,Yes,No,DSL,No,Yes,No,No,No,Yes,Two year,Yes,Electronic check,64.62,3616.27,0
5882-FLCKF,Male,0,No,No,32,No,No phone service,Fiber optic,No,No,Yes,Yes,No,Yes,Month-to-month,No,Credit card (automatic),93.61,3000.42,1
5565-NRPXM,Male,0,No,No,5,Yes,No,DSL,No,Yes,No,Yes,No,No,Month-to-month,Yes,Bank transfer (automatic),58.66,279.18,1
1140-AFNQY,Female,0,Yes,No,24,Yes,No,No,No internet service,No internet service,No internet service,No internet service,No internet service,No internet service,One year,No,Electronic check,19.54,487.45,0
5884-MMIFF,Male,0,No,Yes,6,Yes,Yes,DSL,Yes,No,No,No,No,No,One year,Yes,Mailed check,58.54,346.89,1
5419-YEYUN,Male,1,No,No,47,Yes,Yes,No,No internet service,No internet service,No internet service,No internet service,No internet service,No internet service,One year,Yes,Mailed check,19.89,917.69,0
9665-NDBBQ,Male,0,No,No,46,Yes,Yes,DSL,No,No,No,No,No,No,Month-to-month,Yes,Mailed check,53.21,2466.18,1
9035-JNSQV,Male,0,Yes,No,7,Yes,No,No,No internet service,No internet service,No internet service,No internet service,No internet service,No internet service,Two year,No,Mailed check,18.25,126.68,1
1714-KGINW,Male,1,Yes,No,9,Yes,Yes,Fiber optic,No,No,No,No,No,Yes,Month-to-month,Yes,Bank transfer (automatic),85.65,757.68,1
6923-DNTXT,Male,0,No,No,49,Yes,No,Fiber optic,No,Yes,Yes,No,No,Yes,Two year,No,Credit card (automatic),89.24,4352.13,0
7542-QYSQY,Female,0,No,No,58,Yes,Yes,DSL,No,No,No,No,Yes,No,Two year,No,Mailed check,67.5,3927.75,1
6243-NMZNZ,Male,0,No,Yes,13,Yes,Yes,DSL,No,Yes,Yes,Yes,Yes,Yes,Two year,No,Electronic check,86.23,1102.99,0
4188-PUOYS,Female,0,No,No,41,Yes,No,Fiber optic,No,No,No,No,No,No,One year,Yes,Electronic check,74.41,3039.53,0
9424-VKLKW,Female,0,Yes,No,6,Yes,No,Fiber optic,No,No,No,No,No,No,One year,No,Mailed check,78.47,486.84,1
5431-EHZFP,Female,0,Yes,No,6,No,No phone service,Fiber optic,No,No,Yes,No,Yes,No,Month-to-month,Yes,Electronic check,99.71,603.88,1
9530-LFMGH,Female,0,No,No,28,Yes,No,DSL,No,No,No,No,Yes,Yes,Month-to-month,Yes,Electronic check,69.79,1972.82,1
1406-LBWIM,Male,0,Yes,Yes,9,Yes,Yes,Fiber optic,No,No,No,No,No,Yes,One year,No,Electronic check,87.34,772.97,1
1020-QMPAG,Female,0,Yes,No,3,Yes,Yes,Fiber optic,No,No,No,No,Yes,No,Month-to-month,No,Electronic check,89.85,281.45,1
2004-MNUQP,Male,0,No,No,16,Yes,No,DSL,No,No,Yes,Yes,No,No,Month-to-month,No,Mailed check,61.2,988.52,0
7886-OQBZY,Female,0,No,Yes,61,Yes,No,No,No internet service,No internet service,No internet service,No internet service,No internet service,No internet service,Two year,Yes,Bank transfer (automatic),18.25,1112.72,0
5986-LCIFZ,Female,0,Yes,No,58,Yes,No,No,No internet service,No internet service,No internet service,No internet service,No internet service,No internet service,Month-to-month,Yes,Mailed check,18.25,1074.68,1
3411-FGZHC,Male,0,No,No,23,Yes,No,DSL,No,No,No,No,No,No,Month-to-month,Yes,Bank transfer (automatic),55.93,1302.76,1
3545-XOVFK,Male,0,No,No,7,Yes,No,Fiber optic,No,No,No,No,No,Yes,One year,Yes,Bank transfer (automatic),95.13,639.2,1
9732-CPFKH,Female,0,No,No,16,Yes,No,Fiber optic,Yes,No,No,No,No,No,Month-to-month,Yes,Bank transfer (automatic),94.74,1536.76,1
3390-WJJWC,Male,0,No,No,11,Yes,No,DSL,No,No,No,No,No,Yes,One year,No,Electronic check,56.0,602.38,1
8857-ZNSUU,Female,0,No,No,59,Yes,No,Fiber optic,No,No,No,No,No,Yes,Month-to-month,No,Mailed check,90.43,5333.35,1
1042-IMIZU,Male,0,No,No,72,Yes,No,DSL,Yes,No,No,No,No,Yes,Two year,No,Electronic check,78.82,5687.83,0
3830-LNEFM,Male,0,Yes,No,4,Yes,No,DSL,Yes,No,No,Yes,Yes,No,Two year,Yes,Credit card (automatic),85.45,355.8,0
6859-MXFNK,Female,0,Yes,No,52,No,No phone service,No,No internet service,No internet service,No internet service,No internet service,No internet service,No internet service,Month-to-month,Yes,Credit card (automatic),19.21,970.89,0
4371-MLPFI,Male,0,Yes,Yes,9,Yes,Yes,Fiber optic,Yes,No,No,Yes,No,Yes,One year,Yes,Mailed check,116.24,1050.82,0
4022-QTPZZ,Female,0,Yes,No,5,Yes,No,DSL,No,Yes,No,Yes,Yes,Yes,One year,Yes,Bank transfer (automatic),88.46,462.14,1
4364-LRICJ,Male,0,Yes,Yes,7,Yes,Yes,Fiber optic,Yes,Yes,Yes,No,Yes,Yes,Month-to-month,No,Mailed check,104.29,736.49,1
5399-KBHTK,Female,1,Yes,No,51,Yes,No,No,No internet service,No internet service,No internet service,No internet service,No internet service,No internet service,Month-to-month,No,Mailed check,18.25,957.28,1
6252-RTGNG,Female,0,No,No,4,Yes,No,DSL,No,No,No,No,Yes,No,Month-to-month,No,Credit card (automatic),62.2,248.02,1
1011-ALACB,Female,0,Yes,Yes,12,Yes,Yes,Fiber optic,Yes,No,No,No,Yes,No,One year,Yes,Electronic check,101.65,1250.54,1
5760-CDNWR,Male,0,Yes,No,37,No,No phone service,No,No internet service,No internet service,No internet service,No internet service,No internet service,No internet service,Two year,Yes,Bank transfer (automatic),21.7,811.58,0
2177-WEOPH,Female,0,Yes,No,42,Yes,No,No,No internet service,No internet service,No internet service,No internet service,No internet service,No internet service,Month-to-month,Yes,Bank transfer (automatic),27.32,1154.59,1
2947-XUZHY,Female,0,Yes,Yes,15,Yes,No,Fiber optic,Yes,Yes,No,No,No,Yes,Month-to-month,Yes,Credit card (automatic),103.29,1565.04,0
3501-GFGWS,Male,0,Yes,No,39,Yes,No,No,No internet service,No internet service,No internet service,No internet service,No internet service,No internet service,Two year,No,Electronic check,21.81,862.53,0
9343-VVYAM,Female,0,Yes,Yes,40,Yes,Yes,DSL,No,No,No,No,No,Yes,Month-to-month,Yes,Credit card (automatic),53.54,2172.9,0
3863-GAJMD,Female,0,No,No,6,No,No phone service,DSL,No,Yes,Yes,No,Yes,No,Month-to-month,Yes,Bank transfer (automatic),58.84,344.37,1
8436-GFFUK,Female,0,Yes,Yes,68,Yes,No,DSL,No,No,No,No,No,No,Two year,No,Credit card (automatic),46.76,3161.43,0
4865-WIVZG,Male,0,No,Yes,64,Yes,No,DSL,No,No,Yes,No,No,No,One year,Yes,Mailed check,56.32,3602.31,1
7228-IWFSN,Male,0,No,No,10,Yes,Yes,DSL,No,Yes,No,Yes,Yes,No,One year,No,Bank transfer (automatic),65.51,645.58,0
2026-AZPIW,Female,0,Yes,Yes,6,Yes,Yes,No,No internet service,No internet service,No internet service,No internet service,No internet service,No internet service,One year,No,Electronic check,18.25,128.93,1
4848-OSJPY,Male,0,Yes,No,3,Yes,No,No,No internet service,No internet service,No internet service,No internet service,No internet service,No internet service,Two year,No,Mailed check,18.25,49.29,0
3989-CSMNG,Female,0,Yes,No,8,Yes,No,DSL,Yes,No,No,No,Yes,No,Month-to-month,No,Bank transfer (automatic),76.32,592.99,1
1961-BZNWW,Male,0,No,Yes,11,Yes,No,No,No internet service,No internet service,No internet service,No internet service,No internet service,No internet service,Month-to-month,Yes,Electronic check,18.25,235.93,1
3889-QMZBE,Female,0,No,No,67,Yes,Yes,Fiber optic,No,No,Yes,No,Yes,No,Month-to-month,Yes,Credit card (automatic),90.4,6092.2,0
4015-DCZNK,Female,1,Yes,Yes,7,Yes,No,DSL,No,Yes,No,Yes,No,Yes,Month-to-month,Yes,Bank transfer (automatic),70.16,494.73,1
4338-HWIPC,Female,0,Yes,No,1,Yes,No,Fiber optic,No,No,No,No,Yes,Yes,One year,Yes,Electronic check,115.76,115.76,1
7105-JAIPI,Male,0,Yes,No,35,Yes,No,Fiber optic,No,Yes,Yes,No,Yes,Yes,Month-to-month,No,Credit card (automatic),99.02,3462.28,1
7245-LAPHN,Female,0,Yes,No,6,Yes,No,DSL,No,No,Yes,No,No,Yes,One year,No,Electronic check,65.65,401.11,1
8213-NJAFI,Female,0,No,No,11,Yes,Yes,No,No internet service,No internet service,No internet service,No internet service,No internet service,No internet service,Month-to-month,Yes,Mailed check,22.12,242.44,1
7434-SVPSK,Male,0,No,No,49,Yes,Yes,Fiber optic,No,No,No,No,No,No,Two year,No,Bank transfer (automatic),94.73,4665.62,0
7930-UKNGZ,Male,0,No,No,35,Yes,No,Fiber optic,No,Yes,No,Yes,No,No,Month-to-month,Yes,Mailed check,87.09,3055.66,1
1735-LTTWE,Female,0,No,No,9,No,No phone service,No,No internet service,No internet service,No internet service,No internet service,No internet service,No internet service,One year,No,Electronic check,22.42,195.03,0
5400-AKOJO,Male,0,Yes,No,7,Yes,Yes,No,No internet service,No internet service,No internet service,No internet service,No internet service,No internet service,One year,No,Electronic check,28.31,218.38,1
2440-MOBVM,Female,0,Yes,No,59,Yes,Yes,Fiber optic,No,Yes,Yes,No,No,No,One year,Yes,Credit card (automatic),82.95,4897.4,0
9768-LYWDL,Male,0,No,No,3,Yes,No,DSL,No,No,No,No,No,No,Month-to-month,Yes,Electronic check,48.58,130.89,1
9580-OMBTP,Male,0,No,No,5,Yes,No,DSL,Yes,No,No,No,No,Yes,Month-to-month,No,Electronic check,75.07,367.22,1
3875-NUBQP,Female,0,No,Yes,11,Yes,No,Fiber optic,Yes,Yes,No,No,Yes,Yes,Month-to-month,No,Credit card (automatic),117.17,1274.3,1
4986-DKMFQ,Female,0,Yes,Yes,25,Yes,Yes,No,No internet service,No internet service,No internet service,No internet service,No internet service,No internet service,Month-to-month,Yes,Electronic check,18.25,441.9,1
1916-AIURK,Female,0,No,No,1,Yes,No,No,No internet service,No internet service,No internet service,No internet service,No internet service,No internet service,Month-to-month,No,Bank transfer (automatic),18.25,45.28,0
9158-NBTKB,Male,0,No,No,4,Yes,No,DSL,No,Yes,Yes,Yes,Yes,No,Two year,Yes,Bank transfer (automatic),84.54,323.17,0
8632-DMFGV,Female,0,Yes,No,38,Yes,No,No,No internet service,No internet service,No internet service,No internet service,No internet service,No internet service,Month-to-month,Yes,Bank transfer (automatic),18.25,675.87,1
5089-TZCDU,Male,0,No,No,64,Yes,Yes,DSL,No,Yes,No,Yes,No,Yes,One year,Yes,Bank transfer (automatic),70.88,4554.26,0
9623-TCASU,Female,0,Yes,Yes,35,Yes,Yes,Fiber optic,Yes,Yes,No,No,Yes,No,Month-to-month,Yes,Mailed check,96.56,3386.8,1
9272-MNVPD,Female,1,No,Yes,1,Yes,No,DSL,Yes,No,No,Yes,Yes,No,Month-to-month,No,Credit card (automatic),81.68,103.2,1
3772-QJGMY,Female,0,No,No,9,Yes,No,DSL,Yes,Yes,Yes,No,No,Yes,Month-to-month,No,Bank transfer (automatic),76.27,698.03,1
2624-MVNFP,Male,0,No,No,67,Yes,Yes,Fiber optic,No,Yes,No,No,No,Yes,Two year,Yes,Mailed check,90.14,6039.07,1
8752-ITPUU,Female,0,Yes,Yes,7,Yes,Yes,Fiber optic,No,No,No,Yes,No,Yes,Month-to-month,Yes,Mailed check,103.61,738.71,1
1821-LPEXK,Male,0,No,No,2,Yes,Yes,Fiber optic,No,No,No,Yes,Yes,Yes,Month-to-month,Yes,Bank transfer (automatic),112.86,230.4,1
2367-AJKOZ,Female,0,Yes,No,22,No,No phone service,No,No internet service,No internet service,No internet service,No internet service,No internet service,No internet service,Month-to-month,No,Electronic check,21.45,473.81,0
4712-CXOKI,Female,0,Yes,No,5,Yes,Yes,No,No internet service,No internet service,No internet service,No internet service,No internet service,No internet service,Month-to-month,Yes,Bank transfer (automatic),18.25,117.72,1
9864-BLTPX,Male,0,Yes,Yes,9,Yes,No,DSL,Yes,No,Yes,Yes,No,Yes,One year,No,Bank transfer (automatic),81.55,738.71,0
2388-PUAPF,Male,0,No,No,68,Yes,No,Fiber optic,No,No,No,No,Yes,No,Two year,Yes,Mailed check,85.21,5778.82,0
1850-NYYKA,Male,0,Yes,No,71,Yes,No,DSL,No,Yes,Yes,No,Yes,No,Month-to-month,Yes,Mailed check,61.91,4394.51,1
2000-TQWSB,Female,0,No,No,68,Yes,Yes,Fiber optic,Yes,No,Yes,No,Yes,Yes,Month-to-month,Yes,Credit card (automatic),106.68,7241.17,1
8276-NHYWV,Female,0,Yes,Yes,64,Yes,No,No,No internet service,No internet service,No internet service,No internet service,No internet service,No internet service,Two year,No,Electronic check,24.02,1536.26,0
8283-ZFIEE,Male,0,Yes,No,7,No,No phone service,DSL,No,Yes,Yes,No,No,No,Month-to-month,Yes,Bank transfer (automatic),54.93,373.72,1
5114-RVNLL,Female,0,No,Yes,35,Yes,No,No,No internet service,No internet service,No internet service,No internet service,No internet service,No internet service,Two year,Yes,Electronic check,18.25,618.42,0
2637-VFDOW,Male,0,Yes,No,26,Yes,No,Fiber optic,Yes,Yes,No,No,No,No,Two year,No,Credit card (automatic),81.41,2110.26,0
2667-OYQCJ,Male,0,Yes,No,1,Yes,Yes,DSL,No,Yes,No,No,Yes,Yes,Two year,No,Credit card (automatic),73.13,73.13,0
5589-YUVHI,Female,1,Yes,No,46,Yes,No,No,No internet service,No internet service,No internet service,No internet service,No internet service,No internet service,Month-to-month,No,Bank transfer (automatic),22.51,1025.46,1
4173-XCZAK,Male,0,Yes,No,52,Yes,No,Fiber optic,No,No,No,No,Yes,No,Month-to-month,No,Bank transfer (automatic),88.1,4566.85,1
8451-MLUGB,Female,0,No,No,9,Yes,No,Fiber optic,No,Yes,No,No,Yes,Yes,Two year,Yes,Mailed check,106.23,952.01,1
2347-ATCDQ,Male,0,No,No,63,Yes,No,Fiber optic,No,Yes,No,No,No,No,Two year,No,Credit card (automatic),80.8,5109.91,0
8638-RQSDQ,Female,1,No,Yes,3,Yes,Yes,DSL,No,No,No,Yes,Yes,Yes,Month-to-month,No,Electronic check,95.19,248.43,1
4230-VBJLM,Male,1,No,Yes,7,Yes,Yes,Fiber optic,No,No,No,No,No,No,Two year,Yes,Mailed check,83.48,564.54,0
9057-KUHTE,Female,0,No,Yes,4,Yes,Yes,DSL,No,Yes,No,Yes,No,No,Two year,Yes,Bank transfer (automatic),59.43,217.05,0
7906-YBLBF,Male,0,Yes,Yes,68,Yes,No,Fiber optic,Yes,Yes,No,No,No,Yes,Month-to-month,Yes,Bank transfer (automatic),94.21,6388.05,1
8524-VSLYM,Female,0,No,No,8,Yes,No,Fiber optic,Yes,No,Yes,Yes,No,No,Month-to-month,No,Mailed check,95.48,732.32,1
5783-QLCXH,Female,1,No,No,48,Yes,No,DSL,No,Yes,Yes,No,Yes,Yes,Month-to-month,No,Electronic check,69.94,3344.82,0
8746-PDXZM,Female,0,Yes,No,61,Yes,Yes,Fiber optic,No,Yes,No,Yes,No,Yes,Month-to-month,No,Bank transfer (automatic),105.07,6392.88,1
4232-HACAO,Male,0,Yes,No,37,Yes,No,No,No internet service,No internet service,No internet service,No internet service,No internet service,No internet service,One year,No,Bank transfer (automatic),18.83,653.84,0
6704-RTCOV,Female,1,No,No,53,Yes,No,Fiber optic,No,Yes,No,No,Yes,No,One year,Yes,Mailed check,92.61,4914.77,0
8998-EUJGW,Male,0,Yes,No,44,Yes,Yes,DSL,No,No,No,No,No,No,Month-to-month,Yes,Credit card (automatic),49.4,2159.33,1
1703-YHCRQ,Male,0,No,No,4,No,No phone service,Fiber optic,Yes,Yes,Yes,Yes,No,No,Month-to-month,Yes,Bank transfer (automatic),103.51,422.05,1
6105-PZVMD,Male,0,No,No,6,Yes,No,Fiber optic,No,No,No,No,No,No,Two year,Yes,Bank transfer (automatic),84.1,508.47,1
8798-CKBRD,Female,1,No,No,7,Yes,No,Fiber optic,No,No,No,No,No,No,One year,No,Credit card (automatic),68.62,489.84,1
4291-QFJKE,Male,0,No,No,10,Yes,No,Fiber optic,No,No,No,No,No,No,One year,No,Electronic check,76.86,768.31,1
4673-ZYRYY,Male,0,No,No,69,Yes,Yes,Fiber optic,No,No,No,No,No,No,Month-to-month,Yes,Mailed check,77.72,5341.24,0
3408-JIPJJ,Female,0,Yes,No,6,Yes,No,No,No internet service,No internet service,No internet service,No internet service,No internet service,No internet service,Month-to-month,No,Credit card (automatic),18.25,132.31,1
9617-DUXNH,Female,0,Yes,No,3,Yes,No,No,No internet service,No internet service,No internet service,No internet service,No internet service,No internet service,Two year,Yes,Mailed check,18.25,82.38,0
2327-APZQJ,Female,0,No,No,5,Yes,No,Fiber optic,No,No,No,Yes,No,No,Two year,Yes,Electronic check,92.54,482.26,1
9663-FGRBU,Female,0,Yes,No,2,Yes,Yes,Fiber optic,No,Yes,No,No,Yes,No,Two year,Yes,Electronic check,87.35,174.53,1
6773-IEHXE,Male,0,No,No,10,Yes,Yes,Fiber optic,No,Yes,No,No,No,Yes,Two year,No,Electronic check,93.97,907.43,1
7095-XOHEE,Male,0,Yes,No,6,Yes,No,DSL,Yes,Yes,No,No,Yes,Yes,Month-to-month,Yes,Mailed check,79.83,499.74,1
6406-TQIBA,Male,0,No,No,21,Yes,Yes,DSL,No,Yes,Yes,No,Yes,No,Two year,Yes,Mailed check,58.8,1237.11,0
9366-VUKOA,Male,0,No,No,12,Yes,No,DSL,Yes,No,No,No,No,No,Month-to-month,No,Bank transfer (automatic),55.48,675.3,1
7083-GWSXO,Male,0,Yes,No,10,Yes,Yes,No,No internet service,No internet service,No internet service,No internet service,No internet service,No internet service,Two year,No,Electronic check,19.61,185.5,0
5909-FTZZJ,Female,0,No,Yes,57,Yes,No,Fiber optic,No,No,Yes,No,No,Yes,Month-to-month,No,Mailed check,90.18,5154.77,1
5440-LMOSQ,Male,0,Yes,No,51,No,No phone service,DSL,Yes,Yes,No,No,Yes,Yes,One year,No,Bank transfer (automatic),87.87,4485.99,0
9169-MBRKE,Female,1,No,No,65,Yes,No,Fiber optic,No,No,Yes,No,Yes,Yes,Month-to-month,Yes,Credit card (automatic),104.86,6841.91,1
1986-DBPYG,Female,0,No,No,4,Yes,No,DSL,No,Yes,No,No,No,No,Two year,Yes,Mailed check,54.1,212.92,1
8766-HHBOE,Male,0,Yes,No,5,No,No phone service,DSL,No,No,Yes,No,No,No,Month-to-month,No,Electronic check,52.09,236.76,1
4952-SJIYV,Male,0,Yes,No,42,Yes,No,Fiber optic,Yes,No,No,No,No,No,One year,Yes,Bank transfer (automatic),87.69,3691.6,1
9301-THESM,Male,0,Yes,No,9,No,No phone service,Fiber optic,No,Yes,No,No,No,Yes,Month-to-month,Yes,Mailed check,99.05,887.95,1
9095-NHPVE,Female,1,Yes,Yes,35,Yes,No,No,No internet service,No internet service,No internet service,No internet service,No internet service,No internet service,Month-to-month,Yes,Mailed check,30.25,1014.63,0
5049-ASWSQ,Female,0,Yes,Yes,63,Yes,Yes,DSL,No,Yes,Yes,No,Yes,No,Month-to-month,No,Electronic check,49.94,3118.76,1
7257-XWUJE,Female,0,Yes,Yes,23,Yes,No,Fiber optic,Yes,Yes,Yes,No,Yes,Yes,Month-to-month,No,Bank transfer (automatic),118.75,2756.9,1
4485-VGPCL,Male,1,Yes,Yes,56,Yes,No,Fiber optic,No,No,Yes,No,No,Yes,One year,No,Electronic check,92.78,5195.69,0
7089-NTAGZ,Female,0,Yes,Yes,14,Yes,Yes,No,No internet service,No internet service,No internet service,No internet service,No internet service,No internet service,Month-to-month,Yes,Credit card (automatic),30.06,424.03,1
3474-RWVDP,Female,0,No,No,64,Yes,No,Fiber optic,No,Yes,No,No,No,No,Month-to-month,No,Electronic check,77.92,4993.46,1
6238-KRWPG,Female,0,No,Yes,2,Yes,No,Fiber optic,Yes,No,Yes,Yes,Yes,No,Month-to-month,Yes,Electronic check,113.95,228.53,1
7454-UYCYE,Female,0,Yes,No,3,Yes,No,DSL,No,No,Yes,No,No,No,Month-to-month,No,Credit card (automatic),51.83,161.92,1
4873-RYQAP,Male,0,No,No,49,Yes,No,DSL,Yes,No,No,No,No,No,Month-to-month,Yes,Mailed check,62.09,3058.43,1
2198-OMGCX,Female,1,No,No,1,Yes,Yes,No,No internet service,No internet service,No internet service,No internet service,No internet service,No internet service,Month-to-month,Yes,Mailed check,23.38,24.34,1
5181-WMPWA,Male,0,Yes,No,56,Yes,Yes,Fiber optic,No,No,No,No,No,No,Two year,No,Electronic check,74.3,4163.24,0
2518-APBRU,Male,0,No,Yes,69,Yes,Yes,DSL,Yes,No,Yes,No,No,Yes,Month-to-month,No,Mailed check,79.67,5491.63,1
9111-YWREE,Male,1,No,No,12,No,No phone service,Fiber optic,Yes,No,Yes,Yes,No,No,Month-to-month,Yes,Mailed check,97.26,1194.39,1
6477-HIXNM,Male,0,No,Yes,72,Yes,No,DSL,No,Yes,No,Yes,Yes,Yes,One year,No,Electronic check,85.92,6159.86,1
7812-RDRVT,Female,0,No,No,8,Yes,Yes,Fiber optic,No,No,Yes,Yes,No,No,Month-to-month,Yes,Bank transfer (automatic),81.8,616.8,1
2799-OGMBI,Male,1,No,No,60,Yes,No,DSL,Yes,No,Yes,No,No,No,Month-to-month,No,Bank transfer (automatic),57.64,3437.8,0
2014-EASTS,Male,0,Yes,No,20,No,No phone service,No,No internet service,No internet service,No internet service,No internet service,No internet service,No internet service,Month-to-month,Yes,Bank transfer (automatic),18.25,386.98,1
1128-VMFJK,Female,0,Yes,No,3,No,No phone service,No,No internet service,No internet service,No internet service,No internet service,No internet service,No internet service,Month-to-month,Yes,Mailed check,18.25,51.34,1
2364-WYPZY,Female,1,No,No,65,Yes,No,No,No internet service,No internet service,No internet service,No internet service,No internet service,No internet service,One year,Yes,Mailed check,20.58,1347.76,0
8533-WASEZ,Female,0,Yes,Yes,54,Yes,No,DSL,No,No,No,No,No,No,One year,No,Credit card (automatic),52.93,2839.37,0
5470-FFEFY,Female,0,Yes,Yes,1,Yes,No,No,No internet service,No internet service,No internet service,No internet service,No internet service,No internet service,Two year,Yes,Electronic check,25.15,29.03,1
1891-MAAYN,Male,0,Yes,No,5,No,No phone service,Fiber optic,No,Yes,Yes,No,Yes,Yes,Month-to-month,No,Bank transfer (automatic),97.39,484.05,1
3793-HIWJF,Female,0,Yes,No,69,Yes,No,No,No internet service,No internet service,No internet service,No internet service,No internet service,No internet service,One year,Yes,Electronic check,18.25,1244.84,0
2969-IRODB,Female,1,Yes,Yes,9,Yes,Yes,DSL,No,No,No,No,No,No,One year,Yes,Bank transfer (automatic),45.88,392.4,0
6455-FQGWW,Male,0,Yes,No,36,Yes,No,DSL,No,No,Yes,Yes,No,Yes,One year,No,Mailed check,71.05,2563.78,1
5403-TOXUB,Male,0,No,No,57,Yes,Yes,No,No internet service,No internet service,No internet service,No internet service,No internet service,No internet service,Two year,No,Mailed check,23.26,1338.11,0
6757-ULJYZ,Female,0,Yes,Yes,5,Yes,Yes,DSL,No,Yes,Yes,No,No,No,Month-to-month,No,Electronic check,56.49,244.44,1
7527-QRPJH,Male,0,Yes,No,57,Yes,Yes,Fiber optic,No,No,Yes,Yes,No,Yes,Two year,Yes,Mailed check,115.14,6541.12,0
7294-UYVMP,Female,0,Yes,No,36,Yes,No,Fiber optic,No,No,Yes,Yes,No,No,Month-to-month,Yes,Bank transfer (automatic),74.94,2704.89,1
4923-HLQPI,Female,0,No,Yes,12,Yes,Yes,Fiber optic,No,No,No,No,Yes,No,One year,Yes,Mailed check,94.63,1152.63,1
6413-YSQXH,Male,0,No,Yes,25,Yes,Yes,Fiber optic,No,No,No,No,Yes,No,Two year,Yes,Bank transfer (automatic),97.71,2412.81,0
9290-LIFYJ,Male,0,Yes,No,13,No,No phone service,Fiber optic,Yes,Yes,Yes,No,No,No,Month-to-month,No,Credit card (automatic),92.12,1206.55,1
4249-IDKUV,Male,0,Yes,No,2,Yes,Yes,DSL,No,No,No,No,Yes,No,Month-to-month,Yes,Bank transfer (automatic),65.24,143.28,1
7570-FZRDL,Male,0,No,Yes,4,Yes,Yes,No,No internet service,No internet service,No internet service,No internet service,No internet service,No internet service,Month-to-month,No,Bank transfer (automatic),18.25,66.61,1
7638-IOWIF,Female,0,No,No,12,Yes,No,Fiber optic,Yes,No,Yes,No,No,Yes,Two year,No,Mailed check,103.75,1238.94,0
9241-KGYNP,Female,0,Yes,No,26,Yes,No,DSL,No,No,Yes,No,Yes,Yes,Month-to-month,Yes,Electronic check,74.78,1954.56,1
2208-OTISL,Male,0,No,No,47,Yes,Yes,DSL,No,Yes,No,Yes,No,No,Month-to-month,No,Mailed check,65.7,3071.7,1
4868-KHCSC,Female,0,Yes,Yes,10,Yes,Yes,No,No internet service,No internet service,No internet service,No internet service,No internet service,No internet service,Two year,No,Electronic check,20.97,215.0,1
9496-YZCFK,Male,0,Yes,Yes,8,Yes,No,DSL,No,Yes,No,No,No,No,Two year,Yes,Bank transfer (automatic),49.18,397.48,0
5065-TNBLP,Female,0,No,Yes,8,No,No phone service,No,No internet service,No internet service,No internet service,No internet service,No internet service,No internet service,Month-to-month,No,Electronic check,26.48,194.64,1
9271-CUPJT,Female,0,Yes,Yes,1,Yes,No,No,No internet service,No internet service,No internet service,No internet service,No internet service,No internet service,One year,Yes,Bank transfer (automatic),18.25,18.25,1
8427-EMLAT,Female,0,No,Yes,64,No,No phone service,DSL,No,No,No,No,Yes,Yes,Month-to-month,No,Electronic check,70.19,4510.49,0
2239-KZSOR,Female,0,Yes,No,2,Yes,No,No,No internet service,No internet service,No internet service,No internet service,No internet service,No internet service,Two year,Yes,Bank transfer (automatic),21.41,50.0,0
3289-PGJYP,Female,0,No,Yes,6,Yes,No,DSL,Yes,Yes,No,No,No,Yes,Month-to-month,Yes,Mailed check,71.15,395.45,1
3740-QGKQE,Female,0,Yes,No,15,Yes,No,DSL,Yes,No,No,No,Yes,Yes,Month-to-month,Yes,Mailed check,84.63,1279.23,1
1275-ACPXO,Male,0,Yes,No,22,Yes,Yes,Fiber optic,No,Yes,No,No,Yes,No,Month-to-month,No,Electronic check,87.65,1913.92,1
5585-DLAQX,Male,0,Yes,No,68,Yes,No,Fiber optic,Yes,Yes,No,Yes,No,Yes,Two year,No,Mailed check,100.98,6873.27,0
2035-OXTTJ,Male,0,Yes,No,27,Yes,Yes,DSL,No,No,No,No,Yes,No,Month-to-month,No,Credit card (automatic),65.54,1772.49,0
2229-KRBFP,Female,0,Yes,No,3,Yes,No,Fiber optic,Yes,No,No,No,No,No,Two year,No,Electronic check,87.17,258.63,1
7834-XGWSL,Male,0,Yes,No,60,Yes,No,Fiber optic,Yes,Yes,No,No,No,No,Month-to-month,Yes,Electronic check,82.87,4979.74,1
2008-RJGDQ,Female,1,Yes,No,10,Yes,Yes,DSL,Yes,No,No,No,No,No,Month-to-month,Yes,Bank transfer (automatic),61.73,612.74,1
8972-QDUEA,Female,0,No,No,1,Yes,Yes,Fiber optic,No,No,No,No,No,Yes,Month-to-month,No,Mailed check,90.27,90.27,1
6178-SVZWK,Female,0,No,No,45,Yes,No,Fiber optic,Yes,Yes,No,Yes,Yes,No,Month-to-month,Yes,Electronic check,108.48,4878.97,1
4828-AHDYV,Male,0,Yes,Yes,70,Yes,No,DSL,Yes,No,No,No,Yes,No,Month-to-month,No,Electronic check,78.88,5515.25,1
3532-OQRCR,Female,0,Yes,Yes,65,Yes,No,Fiber optic,No,No,No,Yes,No,No,Month-to-month,Yes,Electronic check,86.86,5654.47,0
5293-ZGQYR,Female,0,No,No,13,Yes,No,DSL,No,Yes,No,Yes,No,Yes,One year,No,Electronic check,67.96,897.38,1
2058-THKCY,Male,1,No,No,28,Yes,Yes,Fiber optic,No,Yes,No,Yes,Yes,Yes,Month-to-month,Yes,Credit card (automatic),118.75,3340.62,1
7262-GOJLL,Male,1,Yes,No,1,Yes,No,DSL,Yes,No,No,No,No,No,Month-to-month,Yes,Mailed check,58.75,58.75,1
8272-SSOUU,Male,0,Yes,Yes,67,Yes,No,Fiber optic,No,No,Yes,No,No,No,Month-to-month,Yes,Electronic check,84.06,5664.83,1
1281-ZEMYI,Female,0,No,Yes,2,Yes,No,No,No internet service,No internet service,No internet service,No internet service,No internet service,No internet service,Month-to-month,No,Mailed check,18.25,33.93,1
2043-VWJHI,Female,0,Yes,No,36,Yes,Yes,Fiber optic,No,Yes,No,No,No,No,Month-to-month,Yes,Mailed check,80.61,2898.78,1
2316-FXRJX,Male,0,Yes,Yes,65,Yes,No,DSL,No,No,No,No,No,No,One year,No,Credit card (automatic),46.21,3002.86,0
7654-OMKBH,Female,1,No,No,11,Yes,No,No,No internet service,No internet service,No internet service,No internet service,No internet service,No internet service,Month-to-month,Yes,Bank transfer (automatic),24.04,261.27,1
1968-RCWYC,Female,0,Yes,No,35,Yes,No,Fiber optic,Yes,Yes,Yes,Yes,Yes,No,Two year,Yes,Credit card (automatic),109.09,3812.28,0
3381-UYGRU,Female,0,Yes,Yes,61,Yes,Yes,Fiber optic,Yes,No,No,No,No,No,Two year,Yes,Electronic check,85.81,5272.3,0
9163-UIRAD,Male,0,No,No,3,Yes,Yes,Fiber optic,Yes,No,No,No,No,Yes,One year,No,Mailed check,97.56,314.24,1
2939-DQZWB,Female,0,Yes,No,5,Yes,No,DSL,No,Yes,No,No,Yes,Yes,Month-to-month,No,Electronic check,77.93,377.28,1
9214-OMIGL,Male,1,No,Yes,7,Yes,No,No,No internet service,No internet service,No internet service,No internet service,No internet service,No internet service,Month-to-month,Yes,Electronic check,26.44,184.71,1
2274-LNWOA,Male,0,No,No,33,Yes,No,Fiber optic,Yes,Yes,No,No,No,Yes,Month-to-month,No,Electronic check,94.18,3092.23,1
1619-IZPIP,Male,1,No,No,8,Yes,Yes,Fiber optic,No,Yes,No,No,No,Yes,One year,Yes,Mailed check,101.3,807.8,1
8116-BJYRM,Female,0,No,Yes,33,Yes,No,DSL,No,Yes,Yes,Yes,No,Yes,Month-to-month,No,Bank transfer (automatic),75.64,2487.01,0
2742-BMXCO,Female,0,No,Yes,63,Yes,No,No,No internet service,No internet service,No internet service,No internet service,No internet service,No internet service,Month-to-month,Yes,Mailed check,18.25,1159.6,1
2390-CWJFW,Female,0,No,No,37,Yes,Yes,No,No internet service,No internet service,No internet service,No internet service,No internet service,No internet service,Month-to-month,Yes,Credit card (automatic),22.2,820.03,0
8965-VNIRH,Male,0,Yes,No,5,Yes,Yes,No,No internet service,No internet service,No internet service,No internet service,No internet service,No internet service,Month-to-month,No,Electronic check,18.25,119.65,1
6943-FONOT,Male,1,Yes,No,69,Yes,No,DSL,No,Yes,No,No,No,No,One year,Yes,Bank transfer (automatic),44.83,3117.77,0
2579-FVLJS,Female,0,No,Yes,68,Yes,No,Fiber optic,No,No,No,No,No,No,Month-to-month,No,Mailed check,81.87,5559.7,1
2655-HEJKT,Female,1,No,No,22,Yes,No,DSL,Yes,Yes,No,No,No,No,One year,No,Mailed check,60.75,1356.74,0
4568-NNBZQ,Male,0,Yes,Yes,61,No,No phone service,DSL,No,No,No,No,No,No,Month-to-month,Yes,Mailed check,55.21,3352.47,0
3352-OWZCC,Female,0,No,No,40,No,No phone service,Fiber optic,Yes,Yes,Yes,No,Yes,Yes,One year,No,Electronic check,111.23,4439.04,1
3212-CZCRF,Male,0,Yes,Yes,2,Yes,No,Fiber optic,No,Yes,No,No,No,No,Month-to-month,Yes,Credit card (automatic),83.33,181.53,1
7116-NZCAJ,Male,0,No,No,59,No,No phone service,DSL,No,No,No,No,No,Yes,Month-to-month,Yes,Mailed check,55.63,3284.65,1
9971-MIVVZ,Male,0,No,No,1,Yes,No,Fiber optic,Yes,No,Yes,No,No,Yes,One year,No,Electronic check,108.14,119.82,1
7052-YBJYL,Male,0,No,Yes,6,Yes,No,No,No internet service,No internet service,No internet service,No internet service,No internet service,No internet service,Month-to-month,No,Bank transfer (automatic),24.85,137.89,1
4178-SCSAZ,Female,0,No,Yes,72,No,No phone service,DSL,No,Yes,No,No,No,Yes,Month-to-month,Yes,Electronic check,67.42,4848.49,1
4192-OWZMG,Male,0,No,No,67,Yes,No,Fiber optic,Yes,No,No,Yes,Yes,No,One year,Yes,Bank transfer (automatic),117.82,7878.66,1
2307-BVTKW,Male,0,No,No,12,Yes,Yes,Fiber optic,No,No,Yes,No,No,Yes,Month-to-month,Yes,Mailed check,83.98,1039.6,0
7099-PNWOT,Female,0,No,No,18,Yes,No,No,No internet service,No internet service,No internet service,No internet service,No internet service,No internet service,Month-to-month,Yes,Mailed check,31.0,550.58,1
1575-SGIDF,Male,1,Yes,No,66,Yes,No,Fiber optic,No,No,No,Yes,No,No,Month-to-month,Yes,Credit card (automatic),76.75,5041.73,1
3360-WJCUA,Male,0,Yes,No,3,No,No phone service,Fiber optic,No,Yes,No,No,No,Yes,Two year,Yes,Electronic check,87.67,240.01,1
7656-FEWOY,Male,0,No,Yes,15,Yes,Yes,Fiber optic,No,No,Yes,No,No,No,Month-to-month,No,Bank transfer (automatic),78.56,1181.22,1
6802-KTYMF,Male,1,No,No,67,Yes,No,Fiber optic,No,No,No,No,No,No,Month-to-month,Yes,Electronic check,75.48,5038.05,1
8654-EBQXL,Female,0,No,No,71,Yes,Yes,Fiber optic,Yes,Yes,No,No,Yes,No,Two year,No,Mailed check,98.03,6949.79,0
8375-LVNGV,Female,0,No,No,4,Yes,Yes,Fiber optic,Yes,Yes,No,Yes,No,No,Month-to-month,Yes,Credit card (automatic),101.37,402.55,1
2280-ZNGIN,Female,1,No,Yes,6,Yes,Yes,Fiber optic,No,Yes,No,Yes,Yes,No,Month-to-month,No,Bank transfer (automatic),98.34,587.27,1
8959-UQQYU,Female,0,No,Yes,11,Yes,Yes,No,No internet service,No internet service,No internet service,No internet service,No internet service,No internet service,Month-to-month,Yes,Bank transfer (automatic),23.91,299.21,1
5957-MRSQF,Male,0,No,No,6,Yes,No,Fiber optic,No,No,No,No,No,No,Two year,Yes,Mailed check,73.4,437.78,1
9090-LFCOC,Male,0,Yes,No,45,Yes,No,No,No internet service,No internet service,No internet service,No internet service,No internet service,No internet service,Month-to-month,Yes,Mailed check,20.58,950.19,0
6897-WOAUC,Female,0,Yes,Yes,64,Yes,No,DSL,No,No,No,No,No,Yes,Two year,Yes,Credit card (automatic),59.64,3824.35,0
6724-ENDVI,Male,0,No,No,62,Yes,Yes,Fiber optic,No,No,Yes,Yes,Yes,No,Month-to-month,No,Mailed check,110.18,6830.13,0
2993-RJHMB,Female,0,Yes,No,41,Yes,No,DSL,No,No,No,Yes,No,Yes,Month-to-month,No,Bank transfer (automatic),64.69,2680.16,1
3639-TYTGK,Male,0,No,No,7,Yes,No,Fiber optic,No,No,No,No,No,No,Month-to-month,No,Credit card (automatic),76.63,553.56,1
1269-ERHZJ,Female,0,Yes,Yes,1,Yes,No,No,No internet service,No internet service,No internet service,No internet service,No internet service,No internet service,Month-to-month,No,Credit card (automatic),24.24,24.24,1
1629-BCZWE,Female,1,Yes,No,62,Yes,No,No,No internet service,No internet service,No internet service,No internet service,No internet service,No internet service,Two year,Yes,Electronic check,18.51,1154.92,0
8260-PJKSP,Female,0,Yes,Yes,6,Yes,No,DSL,No,No,No,Yes,Yes,No,Month-to-month,Yes,Bank transfer (automatic),73.89,419.58,1
4081-LBKVZ,Female,0,No,Yes,58,Yes,No,No,No internet service,No internet service,No internet service,No internet service,No internet service,No internet service,Two year,No,Electronic check,25.13,1458.89,0
4466-AXEUN,Male,1,Yes,No,31,Yes,No,No,No internet service,No internet service,No internet service,No internet service,No internet service,No internet service,Two year,No,Electronic check,29.18,922.11,0
7430-RGEHU,Male,0,No,Yes,1,Yes,No,No,No internet service,No internet service,No internet service,No internet service,No internet service,No internet service,Two year,No,Electronic check,18.9,18.9,0
9374-OYEMS,Male,0,Yes,No,40,No,No phone service,Fiber optic,No,No,Yes,No,No,Yes,Month-to-month,Yes,Mailed check,91.83,3664.23,1
5396-BEZZE,Female,0,No,No,4,Yes,No,Fiber optic,Yes,Yes,No,Yes,No,Yes,Month-to-month,Yes,Credit card (automatic),114.47,469.62,1
5023-FPBEO,Female,0,Yes,Yes,66,Yes,Yes,DSL,No,Yes,No,Yes,No,No,One year,No,Mailed check,67.23,4440.08,0
9750-ASCSO,Male,0,Yes,No,34,No,No phone service,Fiber optic,Yes,No,No,No,Yes,Yes,Month-to-month,Yes,Electronic check,114.0,3870.16,1
6543-CHOAF,Male,0,Yes,Yes,28,Yes,No,DSL,No,No,No,Yes,No,Yes,Month-to-month,No,Electronic check,66.41,1877.26,1
6568-VQPMA,Male,0,No,No,30,Yes,No,No,No internet service,No internet service,No internet service,No internet service,No internet service,No internet service,Month-to-month,Yes,Bank transfer (automatic),19.11,555.41,1
3046-CXFTU,Male,1,Yes,No,64,Yes,No,Fiber optic,Yes,No,No,No,Yes,No,Month-to-month,No,Credit card (automatic),96.61,6179.95,1
5356-ZCOOK,Female,0,Yes,No,61,Yes,Yes,DSL,No,No,No,No,Yes,No,Two year,Yes,Electronic check,64.58,3955.87,0
8678-VFFIN,Female,0,Yes,No,46,Yes,No,No,No internet service,No internet service,No internet service,No internet service,No internet service,No internet service,Month-to-month,Yes,Mailed check,28.69,1315.62,1
3113-ZKXFR,Male,1,Yes,No,6,Yes,No,DSL,No,Yes,Yes,Yes,Yes,Yes,Month-to-month,Yes,Credit card (automatic),79.73,488.47,1
1027-TOVIK,Male,0,No,Yes,63,Yes,No,No,No internet service,No internet service,No internet service,No internet service,No internet service,No internet service,Two year,No,Electronic check,18.25,1154.25,0
3040-BFZZZ,Male,0,Yes,Yes,1,Yes,Yes,DSL,No,Yes,No,No,No,No,Two year,No,Electronic check,49.1,49.1,0
4928-WNNXM,Female,0,Yes,No,69,Yes,No,Fiber optic,No,No,Yes,Yes,No,Yes,Month-to-month,No,Mailed check,88.11,6085.73,1
3938-YEIYK,Male,0,No,No,57,Yes,Yes,Fiber optic,No,No,No,No,No,Yes,Month-to-month,No,Mailed check,85.19,4838.23,1
4216-GBXLE,Female,1,Yes,No,47,Yes,Yes,No,No internet service,No internet service,No internet service,No internet service,No internet service,No internet service,One year,No,Electronic check,18.25,824.35,0
5933-XBNGE,Female,0,Yes,Yes,67,Yes,Yes,Fiber optic,No,Yes,No,Yes,No,No,One year,Yes,Mailed check,93.29,6250.21,1
4814-DJPFU,Male,0,No,No,61,Yes,Yes,Fiber optic,No,No,Yes,No,No,No,Two year,Yes,Credit card (automatic),76.4,4656.9,0
1129-FIAPQ,Male,0,No,Yes,10,Yes,Yes,DSL,No,Yes,No,No,No,No,Month-to-month,Yes,Credit card (automatic),43.09,435.97,1
8264-MFBHW,Male,1,No,No,5,Yes,No,No,No internet service,No internet service,No internet service,No internet service,No internet service,No internet service,Month-to-month,Yes,Electronic check,22.03,118.05,1
7104-VDIWG,Female,0,Yes,No,8,Yes,No,Fiber optic,No,Yes,Yes,Yes,Yes,No,One year,No,Bank transfer (automatic),103.52,793.22,1
3278-UANBH,Male,0,Yes,No,4,Yes,Yes,No,No internet service,No internet service,No internet service,No internet service,No internet service,No internet service,Month-to-month,No,Electronic check,18.25,82.68,1
5599-KERLU,Male,0,Yes,No,28,Yes,No,Fiber optic,Yes,No,No,No,No,No,One year,Yes,Bank transfer (automatic),95.87,2708.98,1
1013-XTSEG,Female,0,No,No,13,Yes,No,Fiber optic,No,No,Yes,No,No,No,Month-to-month,Yes,Mailed check,86.92,1105.64,1
9291-BQMKE,Female,1,No,No,59,Yes,No,No,No internet service,No internet service,No internet service,No internet service,No internet service,No internet service,One year,Yes,Electronic check,22.81,1319.74,0
5476-MWMHK,Female,0,Yes,No,67,Yes,Yes,Fiber optic,No,No,Yes,Yes,No,Yes,Month-to-month,Yes,Credit card (automatic),103.4,6928.48,0
9187-HJYKA,Male,0,Yes,No,10,Yes,Yes,Fiber optic,Yes,Yes,No,No,Yes,No,Two year,Yes,Mailed check,96.96,953.2,1
2525-GZHFZ,Female,1,Yes,No,67,Yes,No,No,No internet service,No internet service,No internet service,No internet service,No internet service,No internet service,Month-to-month,No,Mailed check,18.25,1229.24,0
3365-NTGCB,Female,0,No,No,72,Yes,Yes,DSL,No,No,No,Yes,Yes,No,Month-to-month,Yes,Credit card (automatic),77.11,5554.78,0
5648-VRVZC,Female,0,No,No,65,No,No phone service,No,No internet service,No internet service,No internet service,No internet service,No internet service,No internet service,Month-to-month,No,Electronic check,31.47,2018.32,0
4052-NRMHD,Female,1,No,No,64,Yes,No,DSL,Yes,Yes,No,Yes,No,No,One year,Yes,Bank transfer (automatic),78.72,5052.28,0
5005-OLNTG,Female,0,Yes,No,11,Yes,No,Fiber optic,No,Yes,Yes,No,Yes,No,Month-to-month,No,Electronic check,92.63,1053.8,1
7980-XLIJH,Male,1,No,Yes,6,Yes,No,No,No internet service,No internet service,No internet service,No internet service,No internet service,No internet service,Month-to-month,Yes,Electronic check,18.25,87.01,0
3340-TBZPU,Female,0,Yes,Yes,8,Yes,Yes,Fiber optic,No,No,No,No,No,Yes,Month-to-month,Yes,Mailed check,97.54,770.08,1
1374-WRTVX,Female,0,Yes,No,63,Yes,No,DSL,No,No,Yes,No,No,Yes,Month-to-month,No,Electronic check,57.19,3601.83,1
8142-JFFVT,Female,0,Yes,No,9,Yes,No,Fiber optic,Yes,Yes,No,No,No,No,One year,No,Mailed check,85.67,762.04,0
7477-MSQBR,Male,1,No,No,6,Yes,Yes,Fiber optic,Yes,Yes,Yes,No,Yes,Yes,Month-to-month,Yes,Mailed check,112.74,668.11,1
1525-ZGNVO,Male,0,Yes,No,54,Yes,Yes,Fiber optic,No,No,No,No,No,Yes,Month-to-month,Yes,Electronic check,91.45,4933.17,1
1939-HIUKC,Female,0,Yes,No,71,Yes,No,Fiber optic,No,No,No,Yes,No,No,Month-to-month,Yes,Mailed check,88.85,6307.73,1
4369-TNHCR,Female,0,No,No,12,Yes,Yes,No,No internet service,No internet service,No internet service,No internet service,No internet service,No internet service,Month-to-month,No,Mailed check,18.25,228.84,0
6718-WNTHQ,Female,0,No,No,36,Yes,No,No,No internet service,No internet service,No internet service,No internet service,No internet service,No internet service,Month-to-month,Yes,Mailed check,18.25,665.7,0
5573-HELBQ,Female,0,No,No,9,Yes,No,DSL,No,Yes,No,Yes,Yes,No,Month-to-month,Yes,Credit card (automatic),72.2,632.89,1
7895-MVNII,Male,0,Yes,No,44,Yes,No,DSL,No,No,No,Yes,Yes,No,Month-to-month,Yes,Electronic check,72.66,3206.41,1
3147-ITFLJ,Male,1,No,No,2,Yes,No,Fiber optic,No,No,No,Yes,Yes,No,Month-to-month,Yes,Credit card (automatic),101.02,176.94,1
4591-VERGM,Male,0,No,No,1,Yes,No,DSL,No,No,No,Yes,No,Yes,Two year,Yes,Electronic check,72.62,79.74,0
8732-AFUUH,Female,0,No,No,69,Yes,Yes,Fiber optic,Yes,No,No,No,No,No,Two year,Yes,Mailed check,89.85,6172.57,0
9552-IGJHB,Female,0,No,No,70,Yes,No,Fiber optic,No,No,No,Yes,No,No,One year,Yes,Electronic check,88.87,6214.76,1
3958-ROXFX,Male,0,Yes,No,71,Yes,No,Fiber optic,Yes,Yes,Yes,No,No,No,Month-to-month,No,Mailed check,83.65,5952.84,1
7164-NYYVX,Male,1,No,Yes,10,Yes,Yes,DSL,No,Yes,No,No,No,No,Month-to-month,No,Bank transfer (automatic),56.23,545.97,1
4623-RXCAW,Female,0,No,No,8,Yes,No,Fiber optic,No,No,No,Yes,No,Yes,Month-to-month,No,Electronic check,106.43,854.27,1
1529-ANAAD,Male,0,No,No,33,Yes,No,Fiber optic,No,Yes,No,No,No,No,Month-to-month,No,Electronic check,77.69,2580.44,1
4714-LODJK,Male,0,Yes,No,3,Yes,No,No,No internet service,No internet service,No internet service,No internet service,No internet service,No internet service,Month-to-month,Yes,Credit card (automatic),18.7,52.67,1
8642-FJLCO,Male,1,Yes,No,65,Yes,No,Fiber optic,No,No,No,Yes,No,No,Month-to-month,Yes,Electronic check,85.71,5565.28,1
5732-PJVWK,Male,0,No,No,63,Yes,Yes,Fiber optic,Yes,No,No,Yes,No,No,Month-to-month,Yes,Electronic check,100.59,6337.72,1
2269-PQNPN,Male,1,No,No,45,Yes,No,Fiber optic,No,Yes,Yes,Yes,Yes,Yes,Month-to-month,No,Credit card (automatic),113.1,5080.75,1
5281-FJQWJ,Female,0,No,Yes,7,Yes,Yes,DSL,No,No,No,No,No,No,Two year,No,Electronic check,49.25,337.3,1
2394-UJNTQ,Female,0,No,No,4,Yes,Yes,DSL,No,Yes,No,No,No,No,Two year,Yes,Credit card (automatic),55.88,213.86,0
5850-IOGBD,Female,0,Yes,Yes,18,Yes,No,No,No internet service,No internet service,No internet service,No internet service,No internet service,No internet service,Two year,No,Credit card (automatic),18.25,307.7,0
5009-TXRKE,Female,0,No,No,60,Yes,No,No,No internet service,No internet service,No internet service,No internet service,No internet service,No internet service,Month-to-month,Yes,Bank transfer (automatic),27.43,1658.23,1
5390-ZHVTE,Male,0,No,No,19,Yes,No,DSL,Yes,No,No,No,No,Yes,Month-to-month,Yes,Electronic check,67.94,1289.58,1
2797-BECLS,Female,0,No,No,9,Yes,No,No,No internet service,No internet service,No internet service,No internet service,No internet service,No internet service,Two year,No,Electronic check,18.25,160.12,0
3979-GSDWN,Male,0,No,Yes,2,Yes,No,Fiber optic,No,No,No,No,No,No,Two year,Yes,Electronic check,88.13,193.22,1
2441-SZZRZ,Male,0,No,No,65,Yes,Yes,No,No internet service,No internet service,No internet service,No internet service,No internet service,No internet service,Month-to-month,Yes,Credit card (automatic),19.9,1254.99,1
8580-GOUAL,Female,0,Yes,No,63,Yes,Yes,Fiber optic,No,Yes,No,Yes,No,Yes,Two year,Yes,Credit card (automatic),102.74,6473.31,0
3625-ZXSWF,Female,0,Yes,No,3,Yes,No,DSL,No,No,Yes,Yes,No,No,Month-to-month,No,Electronic check,59.3,163.35,1
4811-ZMFMO,Female,0,No,No,5,Yes,Yes,Fiber optic,No,No,No,No,No,No,Month-to-month,Yes,Bank transfer (automatic),85.6,418.78,1
6631-PHMMT,Female,0,Yes,No,56,Yes,No,Fiber optic,No,No,No,No,No,No,One year,No,Bank transfer (automatic),83.24,4667.8,1
8346-TLSQZ,Male,0,Yes,No,44,Yes,No,Fiber optic,Yes,No,No,No,No,No,Month-to-month,No,Electronic check,88.19,3894.41,1
2273-COQFX,Male,0,No,Yes,67,No,No phone service,No,No internet service,No internet service,No internet service,No internet service,No internet service,No internet service,Two year,Yes,Electronic check,18.25,1223.89,0
9021-SLDUW,Male,0,No,No,10,Yes,No,Fiber optic,Yes,Yes,Yes,No,Yes,No,Month-to-month,No,Electronic check,111.01,1093.63,1
5703-LVBGP,Female,0,Yes,No,9,Yes,Yes,Fiber optic,Yes,No,No,Yes,Yes,No,Month-to-month,Yes,Mailed check,111.34,1007.09,1
2712-XLPNA,Female,0,Yes,No,52,Yes,Yes,Fiber optic,Yes,Yes,No,No,Yes,Yes,Two year,No,Electronic check,115.37,6004.42,0
9775-VIGEJ,Male,0,No,No,53,Yes,Yes,DSL,No,Yes,No,Yes,No,Yes,One year,Yes,Credit card (automatic),67.25,3564.85,0
1955-JYRGY,Male,0,No,No,46,Yes,Yes,No,No internet service,No internet service,No internet service,No internet service,No internet service,No internet service,Month-to-month,Yes,Electronic check,18.25,867.77,0
7675-RMKJV,Female,0,Yes,No,28,Yes,No,DSL,No,Yes,No,No,Yes,Yes,Month-to-month,Yes,Bank transfer (automatic),73.56,2031.82,1
8258-IONCX,Female,0,No,No,2,Yes,Yes,Fiber optic,Yes,No,No,No,No,No,One year,No,Electronic check,91.77,201.62,1
8814-NUPWC,Male,0,Yes,Yes,8,Yes,Yes,DSL,Yes,No,No,No,No,No,One year,Yes,Mailed check,60.86,476.76,0
9959-HBXBW,Male,0,Yes,No,36,Yes,No,DSL,No,No,Yes,Yes,No,No,Month-to-month,No,Electronic check,56.77,2046.5,1
9604-RGQFJ,Male,0,Yes,Yes,3,No,No phone service,Fiber optic,No,No,No,No,Yes,No,One year,Yes,Electronic check,97.5,305.77,1
8596-GDKPQ,Female,0,No,No,65,Yes,No,Fiber optic,No,No,Yes,No,Yes,Yes,Two year,Yes,Credit card (automatic),104.4,6771.45,0
1403-FTSTV,Male,0,No,No,9,Yes,Yes,DSL,Yes,No,No,No,Yes,Yes,Month-to-month,Yes,Bank transfer (automatic),83.66,755.29,1
3071-UROBS,Male,1,Yes,No,9,Yes,Yes,Fiber optic,No,Yes,Yes,No,Yes,No,Month-to-month,No,Electronic check,89.86,783.19,1
9761-FLAWX,Female,0,No,No,65,Yes,Yes,DSL,No,Yes,Yes,No,No,No,Month-to-month,No,Electronic check,52.58,3433.27,0
2977-WKSVD,Male,1,Yes,No,5,Yes,No,No,No internet service,No internet service,No internet service,No internet service,No internet service,No internet service,Month-to-month,No,Mailed check,29.97,139.2,1
